id,month,category,brand,model,description,ean,mrp,sp,hsn,article_no,marketed_by,master_qty,inner_qty,image_url,sku_l,sku_w,sku_h,sku_dim_unit,sku_nw,sku_gw,sku_wt_unit,master_l,master_w,master_h,master_dim_unit,master_nw,master_gw,master_wt_unit,inner_l,inner_w,inner_h,inner_dim_unit,inner_nw,inner_gw,inner_wt_unit,custom,created_at,updated_at
0028f933-0b8a-4f20-8bc1-abb6db8b11f5,Jun-26,Beauty Tool,Blushlace,#ZE0955,14Pcs Nail Sticker-S08,8904486413175,249,79,39199010,,RRPL,960,12,https://yuzppjtjcfjvrjeqlygp.supabase.co/storage/v1/object/public/product-images/artical-all-8904486413175.jpg,,,,,,,,57.5,39.5,35,CM,15.2,13.73,KG,10,5,16.5,CM,0.2,0.17,KG,FALSE,2026-07-20 04:30:06.380502+00,2026-07-27 09:08:57.014893+00
007dfa4c-f932-4fa5-818e-dddf8c1c2994,2024,Kitchen Utility,Home One,,Salad Spinner - Ps 365A,8908021726850,999,499,,,RCPL,12,,https://yuzppjtjcfjvrjeqlygp.supabase.co/storage/v1/object/public/product-images/artical-all-8908021726850.jpg,,,,,,,,,,,CM,,,,,,,,,,,FALSE,2026-07-21 11:38:48.278143+00,2026-07-27 09:08:57.575636+00
00fc801d-da08-4ba9-b797-69de7a13bcf8,2024,Back Packs,Gerat Elektro,,Kids Backpack 7L- T6157,8906176010473,1999,599,,,Gsons,10,,https://yuzppjtjcfjvrjeqlygp.supabase.co/storage/v1/object/public/product-images/artical-all-8906176010473.jpg,,,,,,,,21,27,33,CM,,,,,,,,,,,FALSE,2026-07-21 11:39:05.645976+00,2026-07-27 09:08:57.720154+00
01346ef7-cd6c-4dee-b607-c322642ba3bd,Sep-25,Home Utility,White Label,W7991-2P BM,"Single Hook, 2Pcs/Set - W7991",8904486406009,399,199,39249090,,Gsons,48,12,https://yuzppjtjcfjvrjeqlygp.supabase.co/storage/v1/object/public/product-images/artical-all-8904486406009.jpg,,,,,,,,41,22,36,CM,4.9,5.5,KG,,,,,,,,FALSE,2026-07-21 11:44:02.196559+00,2026-07-27 09:08:58.075802+00
0135ff8d-bcb8-49e3-bc6b-dd3bd66459cb,Jun-26,Clothing,White Label,,Infant Design Tights (With Foot)-Aop-1Pp-0-6M,8904486411669,249,179,61159990,,Gsons,,,https://yuzppjtjcfjvrjeqlygp.supabase.co/storage/v1/object/public/product-images/artical-all-8904486411669.jpg,,,,,,,,,,,,,,,,,,,,,,FALSE,2026-07-25 10:55:13.817583+00,2026-07-27 09:08:58.482645+00
013f5a63-508d-4d58-a9e2-fc495e065166,Jan-25,Back Packs,Gerat Essentials,YSS06,Rainbow Pouch Small,8904486405002,199,99,,,Gsons,80,20,https://yuzppjtjcfjvrjeqlygp.supabase.co/storage/v1/object/public/product-images/artical-all-8904486405002.jpg,,,,,,,,30,34,45,CM,,,,,,,,,,,FALSE,2026-07-21 11:43:19.569645+00,2026-07-27 09:08:58.623917+00
015467a0-f362-43de-ab8e-a3206b52c012,May-26,Glass Ware,White Label,RMF26177,350 Ml Water Bottle,8904486411737,299,79,70134900,,Gsons,48,24,https://yuzppjtjcfjvrjeqlygp.supabase.co/storage/v1/object/public/product-images/artical-all-8904486411737.jpg,,,,,,,,27.5,41.5,39,CM,,,,,,,CM,,,,FALSE,2026-07-20 04:29:25.80201+00,2026-07-27 09:08:58.768171+00
0157d82c-7d12-4e65-94b4-db3c744f0661,Dec-25,Umbrella,LES,Black,"29"" -8K- Straight Umbrella - Rainbow -Black",8904486408379,449,299,,,RRPL,12,,https://yuzppjtjcfjvrjeqlygp.supabase.co/storage/v1/object/public/product-images/artical-all-8904486408379.jpg,,,,,,,,100,15,12,CM,,6.1,KG,,,,,,,,FALSE,2026-07-20 04:26:36.031142+00,2026-07-27 09:08:58.908137+00
017a05d6-4c82-4179-a3c5-904be29bb7e9,Mar-26,Glass Ware,Disney,MICKEY-2,Mickey Kids Mug 350Ml,8904486409802,399,129,69111011,,RRPL,,,https://yuzppjtjcfjvrjeqlygp.supabase.co/storage/v1/object/public/product-images/artical-all-8904486409802.jpg,,,,,,,,,,,,,,,,,,,,,,FALSE,2026-07-20 04:28:35.19026+00,2026-07-27 09:08:59.056647+00
019608aa-d9c8-421d-91f5-e155dfab2ab4,2024,Back Packs,Gerat Elektro,,Fashion Backpack 18L Sx-11-040 Deep Khaki,8906176011272,1999,,,,Gsons,,,https://yuzppjtjcfjvrjeqlygp.supabase.co/storage/v1/object/public/product-images/artical-all-8906176011272.jpg,,,,,,,,48,35,32,CM,,,,,,,,,,,FALSE,2026-07-21 11:39:33.237958+00,2026-07-27 09:08:59.195622+00
01c4d585-a55f-460c-bc74-31af9e3b0b30,Sep-25,Kitchen Utility,Home One,XL216-22#,Home One Mutipurpose Mesh Strainer 22 Cm,8904132977754,279,149,,,RCPL,144,12,https://yuzppjtjcfjvrjeqlygp.supabase.co/storage/v1/object/public/product-images/artical-all-8904132977754.jpg,,,,,,,,58,42.5,69.5,CM,,16.416,KG,44.5,22,13,CM,,1.368,KG,FALSE,2026-07-20 04:26:03.439012+00,2026-07-27 09:08:59.340066+00
01c83e1c-d8c4-4fe7-b3e8-1316b3592de6,2024,Wallets,LES,,Les Ladies Wallet Y8975-2 Red,8906176018370,599,299,,,RRPL,210,,https://yuzppjtjcfjvrjeqlygp.supabase.co/storage/v1/object/public/product-images/artical-all-8906176018370.jpg,,,,,,,,500,380,400,MM,188.8,19.8,KG,,,,,,,,FALSE,2026-07-21 11:41:48.972474+00,2026-07-27 09:08:59.478742+00
01e10bfd-8662-4cdc-8794-af2dbe481357,Jul-25,Home Utility,Happy Living,RHAN25053001,Garment Organizer,8904132968752,399,199,42022990,,RCPL,48,24,https://yuzppjtjcfjvrjeqlygp.supabase.co/storage/v1/object/public/product-images/artical-all-8904132968752.jpg,,,,,,,,50,33,37,CM,8,8.5,KG,30,18,36,CM,,7.2,KG,FALSE,2026-07-20 04:28:57.623163+00,2026-07-27 09:08:59.614634+00
020068af-f0af-4603-b5a4-9cfb20628126,Dec-25,Kitchen Utility,Home One,"XL052-14""",Mesh Strainer,8904132955240,169,79,,,RCPL,144,12,https://yuzppjtjcfjvrjeqlygp.supabase.co/storage/v1/object/public/product-images/artical-all-8904132955240.jpg,,,,,,,,44,44,50,CM,,,,33.5,14,13,CM,,,,FALSE,2026-07-20 04:29:06.054893+00,2026-07-27 09:08:59.746205+00
02037d8a-f5e5-4e49-b5cb-ac773057f419,Jan-26,Beauty Tool,Blushlace,PB104024P8,Bendy Roller Set Of 8,8904486408973,399,199,39269099,,RRPL,192,24,https://yuzppjtjcfjvrjeqlygp.supabase.co/storage/v1/object/public/product-images/artical-all-8904486408973.jpg,,,,,,,,,,,CM,,,,,,,,,,,FALSE,2026-07-20 04:27:23.894985+00,2026-07-27 09:08:59.891252+00
0232121c-794b-45f2-951d-88fb45dffcdb,2024,Wallets,LES,,Les Ladies Wallet Y9010-1 Orange,8906176018479,799,399,,,RRPL,150,,https://yuzppjtjcfjvrjeqlygp.supabase.co/storage/v1/object/public/product-images/artical-all-8906176018479.jpg,,,,,,,,540,380,420,MM,19,20,KG,,,,,,,,FALSE,2026-07-21 11:41:54.863628+00,2026-07-27 09:09:00.024522+00
029f56f0-d0fa-497e-99bd-417aeb9b4253,Jun-26,Clothing,Ulhaas,Label,Ulhaas Printed Ht 40X60Cm Ast,8904132994249,99,49,,,RCPL,208,16,https://yuzppjtjcfjvrjeqlygp.supabase.co/storage/v1/object/public/product-images/artical-all-8904132994249.jpg,,,,,,,,,,,,,,,,,,,,,,FALSE,2026-07-20 04:30:15.869759+00,2026-07-27 09:09:00.163915+00
02b8ceca-328a-4376-b441-8718e589a499,Jan-26,Cleaning,My Home,60429M,Gap-Sweep Cleaning Brush,8904132953864,699,299,,,RCPL,24,,https://yuzppjtjcfjvrjeqlygp.supabase.co/storage/v1/object/public/product-images/artical-all-8904132953864.jpg,,,,,,,,132,43,14.5,CM,,10.5,KG,,,,,,,,FALSE,2026-07-20 04:27:55.124376+00,2026-07-27 09:09:00.289646+00
02ce0a5e-dcaa-4895-aad5-f98c02e064ed,Jan-25,Basket,Home One,WK112101-3,Plastic Dish Rack (Grey),8904132967182,999,499,96039000,,RCPL,72,12,https://yuzppjtjcfjvrjeqlygp.supabase.co/storage/v1/object/public/product-images/artical-all-8904132967182.jpg,,,,,,,,44.8,41.8,35,,,4.488,KG,,,,,,,,FALSE,2026-07-20 04:26:44.161988+00,2026-07-27 09:09:00.42648+00
02f78f9c-e283-4e77-a40c-3adb7fadef4b,Nov-25,Glass Ware,White Label,,Printed Glass 300Ml,8904486406948,99,49,,,Gsons,72,12,https://yuzppjtjcfjvrjeqlygp.supabase.co/storage/v1/object/public/product-images/artical-all-8904486406948.jpg,,,,,,,,42,28,40,CM,,,,,,,,,,,FALSE,2026-07-21 11:44:41.781373+00,2026-07-27 09:09:00.559209+00
0323b31b-c42a-4a8a-aa25-4ebc8a06c5d6,Dec-25,Basket,Home One,WK131485-3,Basket Pink Colour,8904132967151,999,499,,,RCPL,,12,https://yuzppjtjcfjvrjeqlygp.supabase.co/storage/v1/object/public/product-images/artical-all-8904132967151.jpg,,,,,,,,52.2,41,27.1,CM,4.98,6.012,KG,,,,,,,,FALSE,2026-07-20 04:29:20.822804+00,2026-07-27 09:09:00.694832+00
033a6ca7-8e9a-4bd5-9536-a6f44c63b3d8,Sep-25,Home Utility,White Label,B8370,Kitchen Sink Soap Dispenser - B8370,8904486406337,999,499,39249090,,Gsons,12,0,https://yuzppjtjcfjvrjeqlygp.supabase.co/storage/v1/object/public/product-images/artical-all-8904486406337.jpg,,,,,,,,35.5,20,51,,4.6,3.25,KG,,,,,,,,FALSE,2026-07-21 11:44:20.408813+00,2026-07-27 09:09:00.818497+00
03481191-6d4f-44d8-a2bd-56bc3c5936d5,Jun-26,Clothing,White Label,,Unisex Polyester Ankle Socks - 2Pp-39-42,8904486411393,79,49,61159990,,Gsons,,,,,,,,,,,,,,,,,,,,,,,,,FALSE,2026-07-25 10:55:07.804633+00,2026-07-27 09:09:00.957192+00
03581dae-02fb-423f-8725-631b6b2ef9c5,2024,Back Packs,Livesmart,,Livesmart Outdoor Active Backpack 20L Camo Yellow,8906176015959,7500,,,,RRPL,10,1,https://yuzppjtjcfjvrjeqlygp.supabase.co/storage/v1/object/public/product-images/artical-all-8906176015959.jpg,,,,,,,,64,52,47,CM,,,,,,,,,,,FALSE,2026-07-21 11:40:13.588721+00,2026-07-27 09:09:01.088503+00
03749456-54d9-4325-8531-8c17b32ffaff,Jan-26,Stationery,White Label,WDN9079,Desk Organizer,8904486409369,999,499,73269099,,Gsons,,,https://yuzppjtjcfjvrjeqlygp.supabase.co/storage/v1/object/public/product-images/artical-all-8904486409369.jpg,,,,,,,,47,45,56,CM,,,,,,,,,,,FALSE,2026-07-20 04:27:33.721728+00,2026-07-27 09:09:01.216548+00
03a86be7-1ea8-49bc-86df-7104fe5c06fa,Feb-26,Home Utility,Gerat Cuisino,,Cloth Drying Stand -Cds-S01,8906176011425,3499,1999,,,Gsons,6,,https://yuzppjtjcfjvrjeqlygp.supabase.co/storage/v1/object/public/product-images/artical-all-8906176011425.jpg,,,,,,,,565,615,1055,MM,,,,,,,,,,,FALSE,2026-07-20 04:28:13.44272+00,2026-07-27 09:09:01.347622+00
03feaa85-5cb8-45a4-9a1d-9097f101b388,Jun-26,Clothing,Ulhaas,Header card,Ulhaas Emboss Ft Pko3  25X25Cm Ast,8904132994218,99,49,,,RCPL,204,12,https://yuzppjtjcfjvrjeqlygp.supabase.co/storage/v1/object/public/product-images/artical-all-8904132994218.jpg,,,,,,,,,,,,,,,,,,,,,,FALSE,2026-07-20 04:30:14.753887+00,2026-07-27 09:09:01.485747+00
043d2d47-3138-44d6-9a52-346880670058,Mar-26,Home Utility,Home One,,Suction Twin Soap Plate  - Sm1606,8908021726539,625,349,,,RCPL,24,,https://yuzppjtjcfjvrjeqlygp.supabase.co/storage/v1/object/public/product-images/artical-all-8908021726539.jpg,,,,,,,,470,310,430,,,,,,,,,,,,FALSE,2026-07-21 11:41:23.479923+00,2026-07-27 09:09:01.617201+00
04768aac-2904-466c-9195-2bc2854a56c6,Jun-26,Cleaning,Home One,60715,Duplicate,8904486412123,199,89,96039000,,RCPL,36,,https://yuzppjtjcfjvrjeqlygp.supabase.co/storage/v1/object/public/product-images/JUN-26-1.jpg,,,,,,,,38,33,18,CM,3,2.2,KG,,,,,,,,FALSE,2026-07-20 04:30:00.302296+00,2026-07-27 09:09:01.753077+00
047bf15e-0a8f-4238-8a53-7f0dfd4e1397,2024,Stationery,Quickworks,,Xd0706 9G-6Pcs Glitter Powder + 6 Ml White Glue,8906176011050,499,249,,,RCPL,72,12,https://yuzppjtjcfjvrjeqlygp.supabase.co/storage/v1/object/public/product-images/artical-all-8906176011050.jpg,,,,,,,,,,,CM,,,,,,,,,,,FALSE,2026-07-21 11:39:41.115126+00,2026-07-27 09:09:01.880719+00
048a4d02-3318-4c53-923e-ba2e269accbf,2024,Wallets,LES,,Les Ladies Wallet Y9044-1 Dark Blue,8906176018547,999,499,,,RRPL,150,,https://yuzppjtjcfjvrjeqlygp.supabase.co/storage/v1/object/public/product-images/artical-all-8906176018547.jpg,,,,,,,,500,380,420,MM,19,20,KG,,,,,,,,FALSE,2026-07-21 11:41:58.641128+00,2026-07-27 09:09:02.011109+00
04bf1830-b590-49ec-9c53-bb67b60e10ab,Jul-25,Back Packs,LES,ENL024110R-SF,Sling Bag - Enl024110R-Sf - Black  25.5X6.5X25,8904486405323,1999,999,42029900,,RRPL,40,,https://yuzppjtjcfjvrjeqlygp.supabase.co/storage/v1/object/public/product-images/artical-all-8904486405323.jpg,,,,,,,,59,56,31,CM,12.7,13.7,KG,,,,CM,,,,FALSE,2026-07-20 04:29:35.947985+00,2026-07-27 09:09:02.139644+00
04f8bbda-f93d-49f5-80bc-5507af88182e,Nov-25,Back Packs,White Label,P-9-13,Fashion Backpack P913 - Purple,8904486407181,1599,799,42029900,,Gsons,10,,https://yuzppjtjcfjvrjeqlygp.supabase.co/storage/v1/object/public/product-images/artical-all-8904486407181.jpg,,,,,,,,48,35,36,CM,,5.4,KG,,,,,,,,FALSE,2026-07-21 11:44:51.08602+00,2026-07-27 09:09:02.281767+00
051adbab-597f-4c4e-a66d-1b291b89c7a6,Jul-26,LED,Gerat Elektro,GEFLW100B6,Gerat Elk Led Ltg Chn 100L 8M Geflw100B6,8906176011524,899,299,,494462175,Gsons,100,25,https://yuzppjtjcfjvrjeqlygp.supabase.co/storage/v1/object/public/product-images/artical-all-8906176011524.jpg,,,,,,,,,,,,,,,,,,,,,,FALSE,2026-07-20 04:30:46.848518+00,2026-07-27 09:09:02.415127+00
052aaf79-05e0-44f2-94f2-c018ca72cc66,Feb-26,Beauty Tool,Simply Smart,HA20501-1P18,Mini Claw Clips,8904486409697,79,35,96151900,,RRPL,192,48,https://yuzppjtjcfjvrjeqlygp.supabase.co/storage/v1/object/public/product-images/artical-all-8904486409697.jpg,,,,,,,,480,290,245,MM,4.85,5.45,KG,275,230,110,MM,1.11,1.21,KG,FALSE,2026-07-20 04:28:18.538456+00,2026-07-27 09:09:02.548054+00
052f0af1-405b-4202-b896-a19b54222a50,Feb-26,Basket,White Label,,Woven Pl Long Basket White,8906176015096,249,99,,494484999,Gsons,12,,https://yuzppjtjcfjvrjeqlygp.supabase.co/storage/v1/object/public/product-images/artical-all-8906176015096.jpg,,,,,,,,31,16,31,,,,,,,,,,,,FALSE,2026-07-20 04:28:22.667563+00,2026-07-27 09:09:02.672995+00
0560791e-0075-40da-bfd0-6e3fdafb7bab,Jul-26,Headphone,Euzu,BTW72C,Buds 360,8908020474295,4999,,,,Unlimitive,,,https://yuzppjtjcfjvrjeqlygp.supabase.co/storage/v1/object/public/product-images/artical-all-8908020474295.jpg,,,,,,,,,,,,,,,,,,,,,,FALSE,2026-07-20 04:30:41.307158+00,2026-07-27 09:09:02.807768+00
0575da00-6578-4a4a-8adc-47aced6ad962,Dec-25,Glass Ware,Home One,,Ho Annie New Stackable Coffee Mug 300Ml,8904132984103,399,199,69111011,494590338,RCPL,36,,,,,,,,,,476,288,290,MM,,12.7,,,,,,,,,FALSE,2026-07-25 10:53:08.091235+00,2026-07-27 09:09:02.934292+00
059055af-cee5-44e9-a275-d9cb71dd6bea,Jan-25,Umbrella,Gerat Essentials,"23"" - 10 Ribs",58Cm -Pongee Auto Open /Close 3 Fold Umbrella-Navy,8906176019575,1899,,,,Gsons,,,https://yuzppjtjcfjvrjeqlygp.supabase.co/storage/v1/object/public/product-images/artical-all-8906176019575.jpg,,,,,,,,,,,,,,,,,,,,,,FALSE,2026-07-21 11:42:35.214705+00,2026-07-27 09:09:03.082389+00
059c088e-7e7c-4afe-9581-d7a836ac99d9,Sep-25,Kitchen Utility,Home One,XL216-16#,Home One Mutipurpose Mesh Strainer 16 Cm,8904132977747,249,129,,,RCPL,144,12,https://yuzppjtjcfjvrjeqlygp.supabase.co/storage/v1/object/public/product-images/artical-all-8904132977747.jpg,,,,,,,,54,36,54.5,CM,,11.808,KG,37.5,16,13,CM,,0.984,KG,FALSE,2026-07-20 04:26:02.845405+00,2026-07-27 09:09:03.204539+00
05b5b22d-d7c2-4931-9c66-95c1c9326cb9,Jan-26,Clothing,White Label,CH24H071,Cap - Ch24H071 - Dark Gray,8904486409246,399,199,65050090,,Gsons,100,10,https://yuzppjtjcfjvrjeqlygp.supabase.co/storage/v1/object/public/product-images/artical-all-8904486409246.jpg,,,,,,,,45,42,41,CM,7.4,8,KG,,,,,,,,FALSE,2026-07-20 04:27:42.702282+00,2026-07-27 09:09:03.333729+00
05c76cf6-2c33-4ed1-a7d6-08e9852a39a3,May-26,Stationery,Quickworks,EA-1500SG,Ea-1500Sg 15Gms-24Pcs Transparent With Glitter Scented Glue,8906176011166,90,45,,,RCPL,384,24,https://yuzppjtjcfjvrjeqlygp.supabase.co/storage/v1/object/public/product-images/artical-all-8906176011166.jpg,,,,,,,,41,31.2,22.6,CM,12.2,13.1,KG,14.8,9.8,10,CM,,,,FALSE,2026-07-20 04:29:42.338892+00,2026-07-27 09:09:03.455883+00
05c77435-e6ba-45d8-9b1c-5976d44ab3f3,Jan-26,Stationery,Quickworks,5135,Qw Staplr 24 6 W Pin Set Sprng Asrtd5135,8904132987968,299,149,84729010,494759386,RCPL,72,12,https://yuzppjtjcfjvrjeqlygp.supabase.co/storage/v1/object/public/product-images/artical-all-8904132987968.jpg,,,,,,,,458,296,438,MM,9.78,,KG,284,219,138,MM,1.63,1.91,KG,FALSE,2026-07-20 04:28:00.770896+00,2026-07-27 09:09:03.587481+00
05cc25d6-a2e3-4c6c-9018-ba924ce4215c,Jan-26,Glass Ware,Home One,,Shot Glass,8904132987388,59,29,70133700,,RCPL,144,24,https://yuzppjtjcfjvrjeqlygp.supabase.co/storage/v1/object/public/product-images/artical-all-8904132987388.jpg,,,,,,,,,,,CM,12.7,14.7,,,,,,,,,FALSE,2026-07-25 10:53:22.197549+00,2026-07-27 09:09:03.723716+00
0605ac2e-6c8b-4d06-9653-054290eb858d,Dec-25,Umbrella,LES,lavender,"3 Fold - 21"" - Solid -Auto Open / Close Umbrella
21“*8K- Lavender",8904486407907,449,299,,,RRPL,60,,https://yuzppjtjcfjvrjeqlygp.supabase.co/storage/v1/object/public/product-images/artical-all-8904486407907.jpg,,,,,,,,50.5,30.5,30,CM,,20.98,KG,,,,,,,,FALSE,2026-07-20 04:26:26.443905+00,2026-07-27 09:09:03.863627+00
06632fb0-d825-4369-9f63-e7883a37bb9b,Feb-26,Clock,Gerat Elektro,GE-748DC,Digital Clock - Ge-748Dc  - Grey,8904486409550,799,299,,,Gsons,24,8,https://yuzppjtjcfjvrjeqlygp.supabase.co/storage/v1/object/public/product-images/artical-all-8904486409550.jpg,,,,,,,,,,,,,,,,,,,,,,FALSE,2026-07-20 04:28:06.842623+00,2026-07-27 09:09:03.990376+00
06a22502-fd50-43e8-a003-65549e67132a,Jan-25,Kitchen Utility,Gerat Essentials,XL2126-14#,14 Cm Deep Fry Mesh Strainer,8904486401899,199,99,,,Gsons,144,12,https://yuzppjtjcfjvrjeqlygp.supabase.co/storage/v1/object/public/product-images/2024-2025-543.jpg,,,,,,,,46,44,50,CM,,,,35.5,16,13,CM,,,,FALSE,2026-07-21 11:43:05.031584+00,2026-07-27 09:09:04.129404+00
06c20865-89f5-4c21-8f3f-d1f68b2c0999,2024,Planters,Great Porcelo,,Ceramic Planter Tyn230068,8908021726799,399,,,,Gsons,,,https://yuzppjtjcfjvrjeqlygp.supabase.co/storage/v1/object/public/product-images/artical-all-8908021726799.jpg,,,,,,,,,,,,,,,,,,,,,,FALSE,2026-07-21 11:41:11.099298+00,2026-07-27 09:09:04.279844+00
06f2e3e9-90aa-4417-bc8e-2e7c348a81f1,Jul-26,Cleaning,My Home,,My Home Cleaning Gloves 25X15Cm,8909606000914,159,79,,494608215,RCPL,300,50,https://yuzppjtjcfjvrjeqlygp.supabase.co/storage/v1/object/public/product-images/artical-all-8909606000914.jpg,,,,,,,,30,50,23,CM,,14.5,,,,,,,,,FALSE,2026-07-20 04:30:57.738267+00,2026-07-27 09:09:04.416915+00
0703c128-e9e8-4788-b9bb-d5663efb0cd9,Jul-25,Home Utility,Simply Smart,,Simply Smart Colour Catcher 30Pc Box,8904486405484,240,129,,,RRPL,64,,https://yuzppjtjcfjvrjeqlygp.supabase.co/storage/v1/object/public/product-images/artical-all-8904486405484.jpg,,,,,,,,50,38,33,CM,6,6,KG,,,,,,,,FALSE,2026-07-21 11:43:36.179163+00,2026-07-27 09:09:04.538103+00
07134ab4-8cd3-42c9-86d3-00383205fd55,Jan-25,Back Packs,Gerat Essentials,YSS08,Rainbow Pouch Regular,8904486405026,149,69,,,Gsons,96,12,https://yuzppjtjcfjvrjeqlygp.supabase.co/storage/v1/object/public/product-images/artical-all-8904486405026.jpg,,,,,,,,44,34,34,CM,,,,,,,,,,,FALSE,2026-07-21 11:43:20.621789+00,2026-07-27 09:09:04.667995+00
0735fd37-d132-4805-8af8-4b497ff266a1,Jan-25,Back Packs,Gerat Essentials,YSS01,Fancy Carry Pouch Regular,8904486404951,399,199,,,Gsons,192,24,https://yuzppjtjcfjvrjeqlygp.supabase.co/storage/v1/object/public/product-images/artical-all-8904486404951.jpg,,,,,,,,40,38,28.5,CM,,,,,,,,,,,FALSE,2026-07-20 04:27:14.427824+00,2026-07-27 09:09:04.797238+00
075a7adc-489a-4e30-b219-8c2cdbfe8fba,2024,LED,Gerat Elektro,,Decorative Led Star Light - Gefln5D12,8906176011586,999,499,,,Gsons,20,,https://yuzppjtjcfjvrjeqlygp.supabase.co/storage/v1/object/public/product-images/artical-all-8906176011586.jpg,,,,,,,,33.5,33,48,CM,,,,33.5,31,2.3,,,,,FALSE,2026-07-21 11:39:57.823453+00,2026-07-27 09:09:04.931792+00
0774d289-e66c-4ac7-aad4-be84bacae6dd,2024,Back Packs,Gerat Elektro,,Fashion Backpack 18L Kx9119D Green,8906176011296,1999,,,,Gsons,,,https://yuzppjtjcfjvrjeqlygp.supabase.co/storage/v1/object/public/product-images/artical-all-8906176011296.jpg,,,,,,,,48,35,32,CM,,,,,,,,,,,FALSE,2026-07-21 11:39:34.166129+00,2026-07-27 09:09:05.058634+00
077684e7-4966-4284-ab00-273369f1553f,Jul-25,Home Utility,Happy Living,RHAN25053004,Hanging Organizer,8904132968844,799,399,42022990,,RCPL,24,12,https://yuzppjtjcfjvrjeqlygp.supabase.co/storage/v1/object/public/product-images/artical-all-8904132968844.jpg,,,,,,,,66,52,31,CM,,,,30,44,30,CM,,6,KG,FALSE,2026-07-20 04:28:59.444525+00,2026-07-27 09:09:05.192252+00
07813e83-c0ae-4c24-8258-25658407d6e2,Oct-25,Trolley,Travello,,"Trolley Bag Kt202-24"" Black",8904486406559,9000,,,,Gsons,1,,https://yuzppjtjcfjvrjeqlygp.supabase.co/storage/v1/object/public/product-images/artical-all-8904486406559.jpg,,,,,,,,49,30,75,CM,,,,,,,,,,,FALSE,2026-07-20 04:29:49.050985+00,2026-07-27 09:09:05.324426+00
07956dde-19f4-4f8c-8591-885991df54f5,Jan-26,Clothing,White Label,CH24H156,Cap - Ch24H156,8904486409321,399,199,65050090,,Gsons,100,10,https://yuzppjtjcfjvrjeqlygp.supabase.co/storage/v1/object/public/product-images/artical-all-8904486409321.jpg,,,,,,,,47,42,43,CM,7.4,8,KG,,,,,,,,FALSE,2026-07-20 04:27:46.704718+00,2026-07-27 09:09:05.461351+00
07ef27f3-c217-48d7-8c47-7f2165544d22,Jul-25,Back Packs,Livesmart,,Business Backpack - Klb200103Gn Green,8904486405606,8500,3400,42029900,,RRPL,10,,https://yuzppjtjcfjvrjeqlygp.supabase.co/storage/v1/object/public/product-images/artical-all-8904486405606.jpg,,,,,,,,51,33,65,CM,7.5,9,,,,,,,,,FALSE,2026-07-25 10:51:12.08353+00,2026-07-27 09:09:05.587505+00
07ffae55-7307-402c-91cc-34b9e28e5458,Apr-26,Mirror,Gerat Essentials,LT0390,Multifunction Double Sided Mirror With 1X/2X Magnifying,8904486404937,249,129,,,Gsons,72,12,https://yuzppjtjcfjvrjeqlygp.supabase.co/storage/v1/object/public/product-images/artical-all-8904486404937.jpg,,,,,,,,37,24.5,34,,14,,KG,23.5,21,16.5,,,,,FALSE,2026-07-20 04:29:12.429326+00,2026-07-27 09:09:05.715919+00
0889a16c-8edb-403d-922f-1247befb2482,2024,Back Packs,White Label,CH24B302,Waist Pouch Ch24B302 Blue,8906176017984,499,249,,,Gsons,100,,https://yuzppjtjcfjvrjeqlygp.supabase.co/storage/v1/object/public/product-images/artical-all-8906176017984.jpg,,,,,,,,47,27,48,CM,,,,,,,,,,,FALSE,2026-07-21 11:41:34.896592+00,2026-07-27 09:09:05.843479+00
08ec2405-b654-4fd2-94fb-7644ed456336,Jan-25,Back Packs,Gerat Essentials,P30843,Kids Backpack 7L- P30843 Navy Blue,8904486401721,1999,799,,,Gsons,,,https://yuzppjtjcfjvrjeqlygp.supabase.co/storage/v1/object/public/product-images/artical-all-8904486401721.jpg,,,,,,,,,,,,,,,,,,,,,,FALSE,2026-07-21 11:42:45.896649+00,2026-07-27 09:09:05.97417+00
09481be8-97c0-48c5-adb6-f9d2ede56cdc,Jul-26,Clothing,Disney,,Kids - Disney Printed Bath Towel - Mickey,8904486413861,399,149,63049250,494307250,RRPL,80,8,,,,,,,,,40,40,30,CM,,12.6,KG,,,,,,,,FALSE,2026-07-20 04:30:51.452821+00,2026-07-27 09:09:06.096769+00
09a22ebe-9422-4f38-a007-a2ee4a6434ff,Feb-26,Basket,White Label,,Woven Pl Fancy Round Basket Large,8906176015010,249,119,,494485005,Gsons,24,,https://yuzppjtjcfjvrjeqlygp.supabase.co/storage/v1/object/public/product-images/artical-all-8906176015010.jpg,,,,,,,,29,29,52,,,,,,,,,,,,FALSE,2026-07-20 04:28:21.849519+00,2026-07-27 09:09:06.22659+00
09c27f24-8088-459f-962e-b531a707001c,Jul-26,Kitchen Utility,White Label,,Loaf Pan,8904486413892,259,129,73239190,,Gsons,48,,https://yuzppjtjcfjvrjeqlygp.supabase.co/storage/v1/object/public/product-images/artical-all-8904486413892.jpg,,,,,,,,,,,,,,,,,,,,,,FALSE,2026-07-20 04:30:53.779272+00,2026-07-27 09:09:06.36178+00
09ee6852-7634-4075-a6a5-80b036b2917b,Jul-25,Beauty Tool,Simply Smart,,Hair Brush-Flat - Cb1011-2,8904486405712,199,99,96033020,,RRPL,144,12,https://yuzppjtjcfjvrjeqlygp.supabase.co/storage/v1/object/public/product-images/artical-all-8904486405712.jpg,,,,,,,,57.5,,36,CM,10.12,12.12,,,,,,,,,FALSE,2026-07-25 10:51:14.068108+00,2026-07-27 09:09:06.491474+00
0a33abf2-d9fa-4b73-a673-ed6ea18b2b6e,Sep-25,Kitchen Utility,Livesmart,KLB240401BK,Vacuum Travel Laptop Backback - Klb240401Bk,8904486405835,12999,6499,H2029900,,RRPL,8,,https://yuzppjtjcfjvrjeqlygp.supabase.co/storage/v1/object/public/product-images/artical-all-8904486405835.jpg,,,,,,,,,,,,,,,,,,,,,,FALSE,2026-07-21 11:43:53.020825+00,2026-07-27 09:09:06.616017+00
0a399928-0b18-42b7-a659-108af90a00e5,Sep-25,Beauty Tool,Simply Smart,,Pedicure File,8904486405811,129,69,,,RRPL,144,24,https://yuzppjtjcfjvrjeqlygp.supabase.co/storage/v1/object/public/product-images/artical-all-8904486405811.jpg,,,,,,,,,,,,,,,,,,,,,,FALSE,2026-07-21 11:43:50.438515+00,2026-07-27 09:09:06.745229+00
0a4e6820-b313-4bda-abfb-e967567666c6,2024,Clock,White Label,,Wall Clock - 730C - 08,8906176010015,599,299,,,Gsons,30,,https://yuzppjtjcfjvrjeqlygp.supabase.co/storage/v1/object/public/product-images/artical-all-8906176010015.jpg,,,,,,,,68,23,44,CM,8,11,,,,,,,,,FALSE,2026-07-21 11:41:26.711089+00,2026-07-27 09:09:06.868582+00
0a5a653e-0402-420f-8b3b-16ab097000be,May-26,Kitchen Utility,Home One,XL052-16#,Ss Shallow Jara With Pipe Handle 16Cm,8904132992306,229,129,,,RCPL,144,12,https://yuzppjtjcfjvrjeqlygp.supabase.co/storage/v1/object/public/product-images/artical-all-8904132992306.jpg,,,,,,,,43,40,57,CM,1.81,13.82,KG,42,23,17,CM,0.984,1.27,KG,FALSE,2026-07-20 04:29:23.286888+00,2026-07-27 09:09:07.007101+00
0a5aaf69-495f-4553-aaff-8d65ff9fac6e,Sep-25,Mirror,Simply Smart,MR70110-3 1,Pocket Mirror - Pink,8904486405774,149,69,70099200,,RRPL,288,48,https://yuzppjtjcfjvrjeqlygp.supabase.co/storage/v1/object/public/product-images/artical-all-8904486405774.jpg,,,,,,,,53,19,42.5,CM,12,12.5,KG,18,17,20,CM,2.2,1.9,KG,FALSE,2026-07-20 04:27:36.348537+00,2026-07-27 09:09:07.132033+00
0a81b280-01ae-4277-8681-8c5b9f1dc882,Jul-25,Back Packs,Gerat Essentials,RH2221,Pouch - Rh2221,8904486405217,999,499,42029900,,Gsons,60,,https://yuzppjtjcfjvrjeqlygp.supabase.co/storage/v1/object/public/product-images/artical-all-8904486405217.jpg,,,,,,,,60,48,38,CM,13.9,12.7,KG,,,,,,,,FALSE,2026-07-21 11:43:39.135242+00,2026-07-27 09:09:07.297784+00
0b28b5af-3566-4ac4-a7a0-e5d5c1dffcf6,Feb-26,Clock,Gerat Elektro,GE-632DC,Digital Clock - Ge-632Dc -Black,8904486409505,999,349,91059990,,Gsons,24,6,https://yuzppjtjcfjvrjeqlygp.supabase.co/storage/v1/object/public/product-images/artical-all-8904486409505.jpg,,,,,,,,,,,CM,,,,,,,,,,,FALSE,2026-07-20 04:28:08.580343+00,2026-07-27 09:09:07.423993+00
0b56d400-4c74-41e4-a441-86b7dfd3c7bc,Jul-26,Stationery,Simply Smart,,Wooden Spoon 1.5Mm 30Pc,8904486413946,90,45,44199090,,RRPL,144,,,,,,,,,,44,38,34.5,CM,11.2,11.7,KG,,,,,,,,FALSE,2026-07-20 04:30:59.575636+00,2026-07-27 09:09:07.556243+00
0b6f41dc-9d61-4c08-91b3-91ff1d4052e3,Jan-25,Cleaning,Gerat Essentials,60212H,Multipurpose Cleaning Broom,8906176019827,349,199,,,Gsons,24,,https://yuzppjtjcfjvrjeqlygp.supabase.co/storage/v1/object/public/product-images/2024-2025-459.jpg,,,,,,,,86,27,16,CM,,8.9,KG,,,,,,,,FALSE,2026-07-21 11:42:24.249948+00,2026-07-27 09:09:07.685077+00
0b7d8c03-72c5-4a9c-8616-2295861c4fe6,Jan-26,Stationery,Quickworks,5159,Qw Mini Stapler 24 6 W Pin Set Asrtd5159,8904132987937,199,99,84729010,494759383,RCPL,144,12,https://yuzppjtjcfjvrjeqlygp.supabase.co/storage/v1/object/public/product-images/artical-all-8904132987937.jpg,,,,,,,,602,285,36,MM,9.46,10,KG,272,194,84,MM,0.79,0.9,KG,FALSE,2026-07-20 04:27:59.429219+00,2026-07-27 09:09:07.821619+00
0b800a8e-186d-4ed8-b11e-8a320f48bcc4,Jun-26,Home Utility,White Label,MW0028372B-Flower,Metal Napkin Holder- Flower,8904486413823,129,59,73269099,,Gsons,144,24,https://yuzppjtjcfjvrjeqlygp.supabase.co/storage/v1/object/public/product-images/artical-all-8904486413823.jpg,,,,,,,,41,33,44,CM,,12.5,KG,,,,,,,,FALSE,2026-07-20 04:30:40.746159+00,2026-07-27 09:09:07.949635+00
0b9b3446-564b-4f53-84ff-7e86860861f6,Sep-25,Home Utility,White Label,B1155A,Kitchen Sink Soap Dispenser Stainless Steel - B1155A,8904486406351,1199,599,73249000,,Gsons,24,0,https://yuzppjtjcfjvrjeqlygp.supabase.co/storage/v1/object/public/product-images/artical-all-8904486406351.jpg,,,,,,,,49.5,44.5,40,,11.46,8.81,KG,,,,,,,,FALSE,2026-07-21 11:44:21.490781+00,2026-07-27 09:09:08.093429+00
0bc9f335-48b0-4d5e-9632-cb606ad06b43,Sep-25,Home Utility,White Label,B8084,Kitchen Sink Soap Dispenser Plastic - B8084,8904486406344,999,499,39249090,,Gsons,12,0,https://yuzppjtjcfjvrjeqlygp.supabase.co/storage/v1/object/public/product-images/artical-all-8904486406344.jpg,,,,,,,,67,35,22,,4.8,4.2,KG,,,,,,,,FALSE,2026-07-21 11:44:20.949849+00,2026-07-27 09:09:08.220724+00
0c0d2879-66c0-4af4-bde4-662b307e40ed,Jun-26,Clothing,Ulhaas,Header card,Ulhaas Coral Fleece Ft Pko3 25X25Cm,8904132994201,99,49,,,RCPL,300,12,https://yuzppjtjcfjvrjeqlygp.supabase.co/storage/v1/object/public/product-images/artical-all-8904132994201.jpg,,,,,,,,,,,,,,,,,,,,,,FALSE,2026-07-20 04:30:14.350647+00,2026-07-27 09:09:08.356622+00
0c0f0421-3139-4089-85fb-5a27a8f32234,Jan-25,Back Packs,Gerat Essentials,AJ-4-004,Fashions Backpack Aj-4-004 Lavender,8904486401660,1999,799,,494759497,Gsons,,,https://yuzppjtjcfjvrjeqlygp.supabase.co/storage/v1/object/public/product-images/artical-all-8904486401660.jpg,,,,,,,,,,,,,,,,,,,,,,FALSE,2026-07-21 11:42:43.178996+00,2026-07-27 09:09:08.481209+00
0c83754c-c5c1-4058-bf89-efc6734c01b7,Jul-25,Back Packs,Live Pro,EW47208B,Waist Bag - Ew47208B - Blue,8904486405293,799,399,42029900,,RRPL,200,,https://yuzppjtjcfjvrjeqlygp.supabase.co/storage/v1/object/public/product-images/artical-all-8904486405293.jpg,,,,,,,,64,44,38,CM,17.6,16.4,KG,,,,,,,,FALSE,2026-07-21 11:43:43.858086+00,2026-07-27 09:09:08.612252+00
0cea94d6-c6f6-4883-b883-7a9c4c3e12da,Mar-26,Home Utility,Home One,,Suction Steel Hook So2 - Sm2251,8908021726591,115,79,,,RCPL,192,,https://yuzppjtjcfjvrjeqlygp.supabase.co/storage/v1/object/public/product-images/artical-all-8908021726591.jpg,,,,,,,,510,500,535,,,,,,,,,,,,FALSE,2026-07-21 11:41:25.933039+00,2026-07-27 09:09:08.733234+00
0cefc958-cae8-4af5-a311-dc2f700f6212,Nov-25,Glass Ware,Home One,,Traceless Hook 3 Pcs Set,8904132985377,179,89,39249090,,RCPL,288,24,https://yuzppjtjcfjvrjeqlygp.supabase.co/storage/v1/object/public/product-images/artical-all-8904132985377.jpg,,,,,,,,68,45,38.5,,5.18,11,,,,,,,,,FALSE,2026-07-25 10:52:03.614281+00,2026-07-27 09:09:08.866507+00
0d099bce-07b5-4fc5-bfeb-4215535cdf8d,Dec-25,Basket,White Label,,Multi-Purpose Plastic Basket With Handle -Pastel Green,8904486407457,499,249,,,Gsons,10,,https://yuzppjtjcfjvrjeqlygp.supabase.co/storage/v1/object/public/product-images/artical-all-8904486407457.jpg,,,,,,,,27,26.5,56.5,CM,,4.96,KG,,,,,,,,FALSE,2026-07-20 04:26:05.953917+00,2026-07-27 09:09:08.990314+00
0d1228bd-e758-4e1e-8f05-2d1a5871f98c,Feb-26,Clock,Gerat Elektro,ET 745,Digital Clock - Ge 745-White,8904486409529,999,499,,,Gsons,12,6,https://yuzppjtjcfjvrjeqlygp.supabase.co/storage/v1/object/public/product-images/artical-all-8904486409529.jpg,,,,,,,,,,,,,,,,,,,,,,FALSE,2026-07-20 04:28:04.657251+00,2026-07-27 09:09:09.121515+00
0dccb651-e5b7-48d4-8a1e-d42aed09cb68,2024,LED,Gerat Elektro,,Decorative Tree Light Gefln4D6,8906176018868,3999,,,,Gsons,6,1,https://yuzppjtjcfjvrjeqlygp.supabase.co/storage/v1/object/public/product-images/artical-all-8906176018868.jpg,,,,,,,,97,34,50,CM,,,,16,16,95,,,,,FALSE,2026-07-21 11:40:42.435375+00,2026-07-27 09:09:09.285792+00
0df1212a-3058-4b68-b141-3104d7a2d64e,May-26,Planters,White Label,RMF26216,450 Ml Planter,8904486411768,299,149,39269099,,Gsons,48,4,https://yuzppjtjcfjvrjeqlygp.supabase.co/storage/v1/object/public/product-images/artical-all-8904486411768.jpg,,,,,,,,34,13,52,CM,,,,,,,CM,,,,FALSE,2026-07-20 04:29:27.467457+00,2026-07-27 09:09:09.413672+00
0e280247-7459-49b5-8985-a572afc8cfe3,Jul-26,LED,Gerat Elektro,GEFLW138B12S,Gerat Elek Geflw138B12S Star Ww Ledlight,8906176011487,1499,599,,494462171,Gsons,60,20,https://yuzppjtjcfjvrjeqlygp.supabase.co/storage/v1/object/public/product-images/artical-all-8906176011487.jpg,,,,,,,,,,,,,,,,,,,,,,FALSE,2026-07-20 04:30:44.754747+00,2026-07-27 09:09:09.537259+00
0e2ca7aa-5106-4609-8490-801bd3f1ec62,Jul-25,Beauty Tool,Blushlace,,Makeup Remover Towel Roll,8904486405392,199,99,,,RRPL,,,https://yuzppjtjcfjvrjeqlygp.supabase.co/storage/v1/object/public/product-images/artical-all-8904486405392.jpg,,,,,,,,,,,,,,,,,,,,,,FALSE,2026-07-21 11:43:33.847732+00,2026-07-27 09:09:09.66592+00
0e48d3e0-18ad-4d17-9e92-0249a763384a,Sep-25,Home Utility,White Label,WR5016,Ironing Board And Iron Holder - Wr5016,8904486406306,1199,599,73239990,,Gsons,12,0,https://yuzppjtjcfjvrjeqlygp.supabase.co/storage/v1/object/public/product-images/artical-all-8904486406306.jpg,,,,,,,,68,51.5,28,,7.3,5.2,KG,,,,,,,,FALSE,2026-07-21 11:44:18.868907+00,2026-07-27 09:09:09.794068+00
0e5fb44e-d72c-4232-b9c9-30c7111543da,Sep-25,Cleaning,White Label,BA2245-2,Set Of 2 Laundry Bag For Shoes - Ba2245,8904486405958,399,199,42022290,,Gsons,150,0,https://yuzppjtjcfjvrjeqlygp.supabase.co/storage/v1/object/public/product-images/artical-all-8904486405958.jpg,,,,,,,,38,24,38,CM,6,6.75,KG,,,,,,,,FALSE,2026-07-21 11:43:59.50271+00,2026-07-27 09:09:09.923271+00
0ec9bbb6-8c38-4450-bd96-d323fe55dce9,2024,Stationery,Quickworks,,Xd2024 6Gms-24Pcs Glue Stick Pen With Hook Cap,8906176011180,99,49,,,RCPL,384,24,https://yuzppjtjcfjvrjeqlygp.supabase.co/storage/v1/object/public/product-images/artical-all-8906176011180.jpg,,,,,,,,,,,CM,,,,,,,,,,,FALSE,2026-07-21 11:39:48.53426+00,2026-07-27 09:09:10.053123+00
0f0bfa97-135c-4ed8-8bdb-409eaf6b3af2,Jul-25,Tools,Gerat Elektro,GEK-01,Utility Knife- Gek-01,8904486405194,88,,82079090,,Gsons,,,https://yuzppjtjcfjvrjeqlygp.supabase.co/storage/v1/object/public/product-images/artical-all-8904486405194.jpg,,,,,,,,,,,,,,,,,,,,,,FALSE,2026-07-21 11:43:46.8268+00,2026-07-27 09:09:10.190511+00
0f1af33f-1985-4db9-8715-a8908593c5c3,Jul-26,Glass Ware,Home One,B248-SU3012,Ho Annie Chks Mug300,8909606002482,499,199,69111029,494608487,RCPL,24,12,https://yuzppjtjcfjvrjeqlygp.supabase.co/storage/v1/object/public/product-images/artical-all-8909606002482.jpg,,,,,,,,419,295,254,,,7.3,KG,404,276,88,MM,,3.8,KG,FALSE,2026-07-20 04:31:08.006102+00,2026-07-27 09:09:10.318014+00
0f232c1b-0ef9-487e-9ca9-d94f241d606b,Nov-25,Stationery,Marvel,Spiderman,Marvel Plastic Kids Chair,8904486406856,799,399,94018000,,RRPL,12,,https://yuzppjtjcfjvrjeqlygp.supabase.co/storage/v1/object/public/product-images/artical-all-8904486406856.jpg,,,,,,,,32,32,40,CM,,,,,,,,,,,FALSE,2026-07-21 11:44:44.865754+00,2026-07-27 09:09:10.453725+00
0fa2c00f-c4cd-41ec-8a56-f54a45d4620e,Jun-26,Back Packs,White Label,CH24B377,Chest Bag Ch24B377 Black,8904486413342,1999,499,42029900,,Gsons,60,,https://yuzppjtjcfjvrjeqlygp.supabase.co/storage/v1/object/public/product-images/artical-all-8904486413342.jpg,,,,,,,,,,,,,,,,,,,,,,FALSE,2026-07-20 04:30:24.614244+00,2026-07-27 09:09:10.577373+00
0fbc390f-7c05-47f4-9bef-b92c28218cfc,Jan-25,Umbrella,Gerat Essentials,"23"" - 10 Ribs",58Cm -Pongee Auto Open /Close 3 Fold Umbrella-Black,8906176019568,1899,,,,Gsons,,,https://yuzppjtjcfjvrjeqlygp.supabase.co/storage/v1/object/public/product-images/artical-all-8906176019568.jpg,,,,,,,,,,,,,,,,,,,,,,FALSE,2026-07-21 11:42:34.712733+00,2026-07-27 09:09:10.707334+00
0ff39474-6e7e-4f26-9773-c959e60341d1,Jun-26,Beauty Tool,Blushlace,#ZE0949,14Pcs Nail Sticker-S07,8904486413151,249,79,39199010,,RRPL,960,12,https://yuzppjtjcfjvrjeqlygp.supabase.co/storage/v1/object/public/product-images/artical-all-8904486413151.jpg,,,,,,,,57.5,39.5,35,CM,15.2,13.73,KG,10,5,16.5,CM,0.2,0.17,KG,FALSE,2026-07-20 04:30:05.908277+00,2026-07-27 09:09:10.840667+00
10114b92-dc17-4d13-83dc-2ca5a7485831,Jan-25,Stationery,Gerat Essentials,LH-801,Train Metal Pencil Box,8904486405149,399,189,,,Gsons,,,https://yuzppjtjcfjvrjeqlygp.supabase.co/storage/v1/object/public/product-images/artical-all-8904486405149.jpg,,,,,,,,78.5,42,51.5,CM,,,,24,40,15,CM,,,,FALSE,2026-07-21 11:43:25.709679+00,2026-07-27 09:09:10.971638+00
10372595-92ae-4330-ad3f-24c6fbdde69b,Nov-25,Home Utility,White Label,AK039 1700ML,Pc Bottle 1700 Ml,8904486406931,599,299,39241090,,Gsons,40,20,https://yuzppjtjcfjvrjeqlygp.supabase.co/storage/v1/object/public/product-images/artical-all-8904486406931.jpg,,,,,,,,63,51,52,CM,,,,,,,,,,,FALSE,2026-07-21 11:44:41.259916+00,2026-07-27 09:09:11.098446+00
106fd14a-fb8b-4524-9aa1-273bc6acaeab,Jul-26,Glass Ware,Home One,YM25162,Ho Eva Love Mug 350Ml,8909606002147,499,199,69111029,494608337,RCPL,24,12,https://yuzppjtjcfjvrjeqlygp.supabase.co/storage/v1/object/public/product-images/artical-all-8909606002147.jpg,,,,,,,,430,310,200,MM,,8.1,KG,410,295,90,MM,,3.86,KG,FALSE,2026-07-20 04:31:03.417241+00,2026-07-27 09:09:11.232221+00
10883bbe-f2cd-4c12-9363-aeee83c01b24,Jun-26,Back Packs,White Label,FA5013,Fashion Backpack Fa5013 Black,8904486413434,3999,799,,494605697,Gsons,12,6,https://yuzppjtjcfjvrjeqlygp.supabase.co/storage/v1/object/public/product-images/artical-all-8904486413434.jpg,,,,,,,,,,,,,,,,,,,,,,FALSE,2026-07-20 04:30:29.832973+00,2026-07-27 09:09:11.355923+00
1183867e-5857-4d0a-b847-9905010d3be2,Dec-25,Stationery,Quickworks,XD-03282,Xd-03282 10Ml-4Pcs Multi Color Neon Glue,8906176011104,199,99,,,RCPL,144,12,https://yuzppjtjcfjvrjeqlygp.supabase.co/storage/v1/object/public/product-images/artical-all-8906176011104.jpg,,,,,,,,55.2,33.7,25,CM,11.1,12,KG,26.6,10.4,11.2,CM,,,,FALSE,2026-07-20 04:29:42.954126+00,2026-07-27 09:09:11.486648+00
11872ca4-e353-4fb9-87b7-a9e8f2a8992c,Jun-26,Kitchen Utility,My Home,CLM-3,Multipurpose Sponge Pad,8904132993723,199,99,,,RCPL,100,50,https://yuzppjtjcfjvrjeqlygp.supabase.co/storage/v1/object/public/product-images/artical-all-8904132993723.jpg,,,,,,,,68,46,37,CM,7.2,8.6,KG,46,28,41,MM,3600,4100,KG,FALSE,2026-07-20 04:30:13.275684+00,2026-07-27 09:09:11.609822+00
118c0292-bfde-40c4-aeea-df6065b71c36,Dec-25,Stationery,Quickworks,XD-10037,Xd-10037 10Ml-4Pcs Multi Color Neon Glue,8906176011111,199,99,,,RCPL,144,12,https://yuzppjtjcfjvrjeqlygp.supabase.co/storage/v1/object/public/product-images/artical-all-8906176011111.jpg,,,,,,,,55.4,33.7,24,CM,10.8,11.5,KG,26.7,10.4,10.8,CM,,,,FALSE,2026-07-20 04:29:43.359545+00,2026-07-27 09:09:11.738819+00
11f19040-541b-4068-b48f-8285a97c1a33,Mar-26,Home Utility,Home One,SM-1963,Sticky Hook So6- Sm1963,8908021726386,135,99,,,RCPL,144,,https://yuzppjtjcfjvrjeqlygp.supabase.co/storage/v1/object/public/product-images/artical-all-8908021726386.jpg,,,,,,,,470,410,430,,,,,,,,,,,,FALSE,2026-07-20 04:28:48.423835+00,2026-07-27 09:09:11.86274+00
122df1ef-76d5-47af-bbcd-98854aeebe85,Jul-26,Kitchen Utility,Gerat Essentials,,Silicone Spatula & Brush,8904486413939,199,109,39249090,,Gsons,,,https://yuzppjtjcfjvrjeqlygp.supabase.co/storage/v1/object/public/product-images/artical-all-8904486413939.jpg,,,,,,,,,,,,,,,,,,,,,,FALSE,2026-07-20 04:31:07.135377+00,2026-07-27 09:09:11.995168+00
12316629-d769-4310-a87d-baae1800f94a,Nov-25,Home Utility,Home One,SM-1812,Sticky Hook So6 Med- Sm1812,8908021726331,65,49,,,RCPL,192,,https://yuzppjtjcfjvrjeqlygp.supabase.co/storage/v1/object/public/product-images/artical-all-8908021726331.jpg,,,,,,,,450,320,530,,,,,,,,,,,,FALSE,2026-07-20 04:28:46.253581+00,2026-07-27 09:09:12.118426+00
123802b4-6bfd-4bba-ad1b-cf8582b3fa7b,2024,Kitchen Utility,Home One,,Multi Purpose Slicer,8908021726980,1095,499,,,RCPL,12,,https://yuzppjtjcfjvrjeqlygp.supabase.co/storage/v1/object/public/product-images/artical-all-8908021726980.jpg,,,,,,,,45.2,32.4,30.9,CM,,,,,,,,,,,FALSE,2026-07-21 11:39:30.57882+00,2026-07-27 09:09:12.249887+00
124923f8-6e8c-4bb0-b792-052742385d4a,Oct-25,Trolley,Travello,,"Trolley Bag Kt203-24"" Khaki-Brown",8904486406641,9000,,,,Gsons,1,,https://yuzppjtjcfjvrjeqlygp.supabase.co/storage/v1/object/public/product-images/artical-all-8904486406641.jpg,,,,,,,,49,30,75,CM,,,,,,,,,,,FALSE,2026-07-20 04:29:52.216494+00,2026-07-27 09:09:12.37201+00
1256b55e-fb21-4296-ad2b-7254b8065d6d,2024,Clock,Gerat Elektro,,Wall Clock - D3070-04-12,8906176010152,1199,599,,,Gsons,,,https://yuzppjtjcfjvrjeqlygp.supabase.co/storage/v1/object/public/product-images/artical-all-8906176010152.jpg,,,,,,,,,,,,,,,,,,,,,,FALSE,2026-07-21 11:41:32.318974+00,2026-07-27 09:09:12.507007+00
1264f8ff-7d0b-4901-8fd9-2cf74e13e432,Jan-25,Beauty Tool,Gerat Essentials,,Pedicure File,8904486402094,129,69,,,Gsons,,,https://yuzppjtjcfjvrjeqlygp.supabase.co/storage/v1/object/public/product-images/artical-all-8904486402094.jpg,,,,,,,,,,,,,,,,,,,,,,FALSE,2026-07-21 11:43:02.82199+00,2026-07-27 09:09:12.634887+00
12af8421-f0a3-41ee-a071-435a6b12abf3,2024,Back Packs,Livesmart,,Livesmart Hiking Backpack 20L Blue -Dptb20006,8906176014679,3750,1500,,,RRPL,5,5,https://yuzppjtjcfjvrjeqlygp.supabase.co/storage/v1/object/public/product-images/artical-all-8906176014679.jpg,,,,,,,,51,37,21,CM,,,,,,,,,,,FALSE,2026-07-21 11:40:29.139285+00,2026-07-27 09:09:12.773119+00
12cdaadb-f57b-46b4-8aa5-74e3dc1ba2bd,2024,Kitchen Utility,Gerat Elektro,,Milk Frother Gemf-01,8908021726829,258,129,,,Gsons,216,36,https://yuzppjtjcfjvrjeqlygp.supabase.co/storage/v1/object/public/product-images/artical-all-8908021726829.jpg,,,,,,,,58.5,46.5,32,CM,,15.2,,45,28.2,9.7,CM,,2.35,,FALSE,2026-07-21 11:38:45.852129+00,2026-07-27 09:09:12.904987+00
12e00408-236c-4c31-b48c-b37047e9c082,Dec-25,Locks,Gerat Cuisino,,Towing Rope,8906176014877,899,499,,,Gsons,32,8,https://yuzppjtjcfjvrjeqlygp.supabase.co/storage/v1/object/public/product-images/artical-all-8906176014877.jpg,,,,,,,,52,40.5,26,CM,,,,39,25,12,CM,,,,FALSE,2026-07-20 04:27:13.940996+00,2026-07-27 09:09:13.047486+00
1350f828-5edb-43a2-bb23-bd1d13c176f2,Jan-25,Stationery,Gerat Essentials,H-8556,Pencil Box 8556,8904486405170,599,299,,,Gsons,24,,https://yuzppjtjcfjvrjeqlygp.supabase.co/storage/v1/object/public/product-images/artical-all-8904486405170.jpg,,,,,,,,54,43.5,52.5,CM,,34.5,,,,,,,,,FALSE,2026-07-21 11:43:27.24824+00,2026-07-27 09:09:13.169743+00
14270421-d479-4188-bb87-eb77ddac61e6,2024,Wallets,LES,,Les Ladies Wallet Y8975-1 Light Pink,8906176018363,599,299,,,RRPL,180,,https://yuzppjtjcfjvrjeqlygp.supabase.co/storage/v1/object/public/product-images/artical-all-8906176018363.jpg,,,,,,,,500,380,420,MM,18.5,19.5,KG,,,,,,,,FALSE,2026-07-21 11:41:48.394318+00,2026-07-27 09:09:13.300315+00
143d4618-ed8c-4279-89c0-14dacf8356f4,Jun-26,Kitchen Utility,Simply Smart,QB2026060101,Net Cover 25Cm,8904486413595,259,129,73239990,,RRPL,144,,https://yuzppjtjcfjvrjeqlygp.supabase.co/storage/v1/object/public/product-images/artical-all-8904486413595.jpg,,,,,,,,51,26,37,CM,16.2,15.7,KG,,,,,,,,FALSE,2026-07-20 04:30:08.861469+00,2026-07-27 09:09:13.424962+00
1449cf81-a708-463f-a970-f59153d87d59,2024,Glass Ware,Home One,,Glass Oil Vinegar Dispenser 300Ml,8904132977556,1199,499,,,RCPL,12,1,https://yuzppjtjcfjvrjeqlygp.supabase.co/storage/v1/object/public/product-images/artical-all-8904132977556.jpg,,,,,,,,36,35.5,26,CM,,,,11.2,8.5,24,,,,,FALSE,2026-07-21 11:40:03.407726+00,2026-07-27 09:09:13.554781+00
14f6130e-8b89-4018-b6e2-e1626dd134f7,2024,Back Packs,Livesmart,,1001 Livesmart Bkpk 22L,8908021726904,5750,1699,,,RRPL,10,,https://yuzppjtjcfjvrjeqlygp.supabase.co/storage/v1/object/public/product-images/artical-all-8908021726904.jpg,,,,,,,,,,,CM,,,,,,,,,,,FALSE,2026-07-21 11:38:57.569435+00,2026-07-27 09:09:13.681075+00
15006056-170c-422f-9757-f6a0cfd621a4,Nov-25,Beauty Tool,Simply Smart,HF727,Foot File,8904486407280,99,59,82142090,,RRPL,288,24,https://yuzppjtjcfjvrjeqlygp.supabase.co/storage/v1/object/public/product-images/artical-all-8904486407280.jpg,,,,,,,,60,60,40,CM,,,,,,,,,,,FALSE,2026-07-21 11:44:55.117093+00,2026-07-27 09:09:13.812331+00
1520edf0-9b33-4406-bfed-a429fecd1a61,2024,Back Packs,Livesmart,,Livesmart Business Backpack 26L Black,8906176015874,7500,,,,RRPL,10,1,https://yuzppjtjcfjvrjeqlygp.supabase.co/storage/v1/object/public/product-images/artical-all-8906176015874.jpg,,,,,,,,58,34,63,CM,,,,,,,,,,,FALSE,2026-07-21 11:40:09.128397+00,2026-07-27 09:09:13.95089+00
1545cb0e-cf0c-4612-82ee-e3f27004f250,2024,Wallets,LES,,Les Ladies Wallet Y9033 Beige,8906176018677,799,399,,,RRPL,150,,https://yuzppjtjcfjvrjeqlygp.supabase.co/storage/v1/object/public/product-images/artical-all-8906176018677.jpg,,,,,,,,500,380,420,MM,18,19,KG,,,,,,,,FALSE,2026-07-21 11:42:05.551385+00,2026-07-27 09:09:14.089106+00
155dee38-726e-40d3-b216-7c15eac0acac,Jan-25,LED,Gerat Essentials,GEFLN1D12,Led Diya Hanging Light - Warmwhite,8904486404852,999,499,,,Gsons,,,https://yuzppjtjcfjvrjeqlygp.supabase.co/storage/v1/object/public/product-images/artical-all-8904486404852.jpg,,,,,,,,52,41,44,CM,,,,,,,,,,,FALSE,2026-07-21 11:43:14.486747+00,2026-07-27 09:09:14.215233+00
1582b48f-0a70-4b9d-89b5-5a19b2924084,2024,LED,Gerat Elektro,,Decorative Led Diya Light - Gefln6D12,8906176011593,1399,599,,,Gsons,20,,https://yuzppjtjcfjvrjeqlygp.supabase.co/storage/v1/object/public/product-images/artical-all-8906176011593.jpg,,,,,,,,55.5,58,48,CM,,,,53.5,56,2.3,,,,,FALSE,2026-07-21 11:39:58.363423+00,2026-07-27 09:09:14.351132+00
15b9f0af-ce39-4337-9a7f-b1f86d4951c6,Sep-25,Home Utility,White Label,KT204035A,Silicone Iron Rest Pad - Kt204035A,8904486405941,259,129,39269099,,Gsons,72,12,https://yuzppjtjcfjvrjeqlygp.supabase.co/storage/v1/object/public/product-images/artical-all-8904486405941.jpg,,,,,,,,33,32,21.5,CM,5.33,5.67,KG,,,,,,,,FALSE,2026-07-21 11:43:58.975248+00,2026-07-27 09:09:14.484424+00
15c5c0a3-bf3e-48b8-bace-49c4b0b61dfc,2024,Home Utility,Gerat Cuisino,,Storage Drum - 40L,8908021726942,7500,4,,,Gsons,4,1,,,,,,,,,68,68,53,CM,,,,32,32,21,,,,,FALSE,2026-07-21 11:39:23.155537+00,2026-07-27 09:09:14.612115+00
163ea3f9-5a33-4294-8852-9221d7998b5b,Sep-25,Mirror,Blushlace,,Pocket Mirror - Silver,8904486405750,299,149,70099200,,RRPL,192,,https://yuzppjtjcfjvrjeqlygp.supabase.co/storage/v1/object/public/product-images/artical-all-8904486405750.jpg,,,,,,,,46,24,50,,,14.9,KG,,,,,,,,FALSE,2026-07-21 11:43:47.933937+00,2026-07-27 09:09:14.736079+00
164a95c5-6801-4dc7-87d9-77e9f0aaf5d3,Jan-25,Clock,Dmart,,Digital Clock Ge-632Dc Dark Grey+Red,8906176010305,999,349,,494605703,Gsons,,,https://yuzppjtjcfjvrjeqlygp.supabase.co/storage/v1/object/public/product-images/artical-all-8906176010305.jpg,,,,,,,,,,,,,,,,,,,,,,FALSE,2026-07-21 11:38:53.463883+00,2026-07-27 09:09:14.866391+00
16870208-4bbf-470d-8014-201f346d6b23,Jun-26,Glass Ware,Home One,2601XZ17,Ho Riva Glass Sipper With Silicon Lid 380Ml,8909606000099,399,129,,,RCPL,36,12,https://yuzppjtjcfjvrjeqlygp.supabase.co/storage/v1/object/public/product-images/artical-all-8909606000099.jpg,,,,,,,,42.5,33.5,39.5,CM,11,9.7,KG,40.5,31.5,4.4,CM,3.6,3.2,KG,FALSE,2026-07-20 04:30:16.971589+00,2026-07-27 09:09:14.995336+00
168c65b7-6e8d-4985-9fd8-21d3f6fb20ed,Mar-26,Home Utility,Home One,SM-7790,Sticky Removable Hook So2 - Sm7790,8908021726379,85,59,,,RCPL,180,,https://yuzppjtjcfjvrjeqlygp.supabase.co/storage/v1/object/public/product-images/artical-all-8908021726379.jpg,,,,,,,,660,345,385,,,,,,,,,,,,FALSE,2026-07-20 04:28:47.82103+00,2026-07-27 09:09:15.126049+00
1692d323-4eb9-4d5d-bdb2-ed2832fbcb66,Jun-26,Clothing,Ulhaas,Label,Ulhaas Kids Wash Basin 23X23Cm Ast,8904132994232,199,99,,,RCPL,396,18,https://yuzppjtjcfjvrjeqlygp.supabase.co/storage/v1/object/public/product-images/artical-all-8904132994232.jpg,,,,,,,,,,,,,,,,,,,,,,FALSE,2026-07-20 04:30:15.471465+00,2026-07-27 09:09:15.253962+00
16a81df4-8837-4e6a-9f25-ed710ea726f0,2024,Back Packs,Gerat Elektro,,Fashion Backpack 18L P2-11-052 Blue,8906176011333,1999,,,,Gsons,,,https://yuzppjtjcfjvrjeqlygp.supabase.co/storage/v1/object/public/product-images/artical-all-8906176011333.jpg,,,,,,,,48,35,32,CM,,,,,,,,,,,FALSE,2026-07-21 11:39:35.520576+00,2026-07-27 09:09:15.392145+00
174fd7c7-1be3-4379-bd9f-77815dc9b9c6,Jul-26,Kitchen Utility,Ulhaas,,"Solid Kitchen Towel 
With Overlock 35X60Cm",8909606003175,119,59,,494608231,RCPL,200,50,https://yuzppjtjcfjvrjeqlygp.supabase.co/storage/v1/object/public/product-images/artical-all-8909606003175.jpg,,,,,,,,30,50,23,CM,,15,,,,,,,,,FALSE,2026-07-25 10:54:49.868672+00,2026-07-27 09:09:15.525893+00
176ee7ef-7ad8-4741-8d58-d54f993855fa,2024,Back Packs,Livesmart,,Livesmart Hiking Backpack Grey-Dpds20019-50 L,8906176014747,7500,3000,,,RRPL,5,5,https://yuzppjtjcfjvrjeqlygp.supabase.co/storage/v1/object/public/product-images/artical-all-8906176014747.jpg,,,,,,,,67,44,39,CM,,,,,,,,,,,FALSE,2026-07-21 11:40:33.309815+00,2026-07-27 09:09:15.657585+00
17a446c8-bbb7-4fc0-bf14-e672ab673fc6,Jan-25,Kitchen Utility,Gerat Essentials,FK1381,4 Pcs Kitchen Tool Set,8904486401967,399,149,,,Gsons,,,https://yuzppjtjcfjvrjeqlygp.supabase.co/storage/v1/object/public/product-images/artical-all-8904486401967.jpg,,,,,,,,53.5,41.5,44,CM,,,,32,23,22,CM,,,,FALSE,2026-07-20 04:25:58.394065+00,2026-07-27 09:09:15.782296+00
17baa090-ef0a-4620-9a07-19c5d595b304,Dec-25,Back Packs,Livesmart,DP23-CH019,Backpack  Green -Dp23-Ch019,8904486408683,4999,1999,,,RRPL,10,,https://yuzppjtjcfjvrjeqlygp.supabase.co/storage/v1/object/public/product-images/artical-all-8904486408683.jpg,,,,,,,,,,,,,,,,,,,,,,FALSE,2026-07-20 04:27:03.406918+00,2026-07-27 09:09:15.913029+00
17c9db04-7b46-46f8-a318-4e8c1f443bd9,Jan-25,Basket,Home One,WK811268,Basic Dish Rack,8904132967199,1999,999,39199010,,RCPL,72,12,https://yuzppjtjcfjvrjeqlygp.supabase.co/storage/v1/object/public/product-images/artical-all-8904132967199.jpg,,,,,,,,44.2,44.2,34.2,,,4,KG,,,,,,,,FALSE,2026-07-20 04:26:44.516667+00,2026-07-27 09:09:16.038163+00
17cf5b0e-4efb-459b-967b-11fa4e4baf0d,Dec-25,Back Packs,Livesmart,DP-T962,Backpack Grey - Dp-T962,8904486408621,2999,1299,,,RRPL,10,,https://yuzppjtjcfjvrjeqlygp.supabase.co/storage/v1/object/public/product-images/artical-all-8904486408621.jpg,,,,,,,,,,,,,,,,,,,,,,FALSE,2026-07-20 04:26:59.722395+00,2026-07-27 09:09:16.178831+00
17d23e59-3faa-45d8-a310-edf64ecf190b,Jun-26,Kitchen Utility,Simply Smart,QB2026060107,Colander Basket 22Cm,8904486413694,399,199,73239990,,RRPL,100,,https://yuzppjtjcfjvrjeqlygp.supabase.co/storage/v1/object/public/product-images/artical-all-8904486413694.jpg,,,,,,,,65,48,23,CM,18.6,17.8,KG,,,,,,,,FALSE,2026-07-20 04:30:12.00613+00,2026-07-27 09:09:16.30836+00
180e71df-b872-4586-bc14-c4d8903f413b,2024,Back Packs,Livesmart,,Klb220813Bk Livesmart Business Backpack 35 Litre,8908021726249,7500,,,,RRPL,10,,https://yuzppjtjcfjvrjeqlygp.supabase.co/storage/v1/object/public/product-images/artical-all-8908021726249.jpg,,,,,,,,47,34,55,CM,,,,,,,,,,,FALSE,2026-07-21 11:38:32.090887+00,2026-07-27 09:09:16.443499+00
18cd6525-ec2d-4909-9b6c-a1df734c52f1,Jul-25,Home Utility,Happy Living,RHAN25053006,Storage Medium Box,8904132968578,159,79,42022990,,RCPL,96,48,https://yuzppjtjcfjvrjeqlygp.supabase.co/storage/v1/object/public/product-images/artical-all-8904132968578.jpg,,,,,,,,44,33,42,CM,10.5,10,KG,30,18,42,CM,,8.64,KG,FALSE,2026-07-20 04:29:00.5812+00,2026-07-27 09:09:16.57438+00
18fb45ef-427e-406c-800a-7c92e3506d34,Jan-25,Home Utility,Ulhaas,,Ulhaas Rectangle Pvc Table Mat 30X46Cm,8904132967656,99,49,,,RCPL,10,,https://yuzppjtjcfjvrjeqlygp.supabase.co/storage/v1/object/public/product-images/artical-all-8904132967656.jpg,,,,,,,,47,31,15,CM,,15,,,,,,,,,FALSE,2026-07-25 10:50:36.46769+00,2026-07-27 09:09:16.704105+00
192a9d20-8238-40ca-8e9c-b797ff9b0abe,Jan-25,Kitchen Utility,My Home,,Power Scrub Po2,8906176018820,99,,,New,Gsons,,,https://yuzppjtjcfjvrjeqlygp.supabase.co/storage/v1/object/public/product-images/artical-all-8906176018820.jpg,,,,,,,,350,295,225,MM,,,,,,,,,,,FALSE,2026-07-21 11:40:38.350028+00,2026-07-27 09:09:16.827052+00
193e522c-e207-4782-80bf-6ceefbd7dde7,Jan-25,Stationery,Quickworks,,Qw Eva Cross Body Bag Boys,8904486400991,399,199,,494483964,RCPL,120,24,,,,,,,,,,,,,,,,,,,,,,,FALSE,2026-07-21 11:43:32.10665+00,2026-07-27 09:09:16.956846+00
1977417d-420e-4d2e-b40a-28167a840d47,Jan-26,Glass Ware,Home One,,Mason Jar Set Of 5,8904132987524,1599,799,70133700,,RCPL,4,,https://yuzppjtjcfjvrjeqlygp.supabase.co/storage/v1/object/public/product-images/artical-all-8904132987524.jpg,,,,,,,,,,,CM,,,,,,,,,,,FALSE,2026-07-25 10:53:20.974619+00,2026-07-27 09:09:17.080162+00
1977b0d0-164e-46ab-bd15-bd54a4c904c1,Jul-26,Glass Ware,Home One,BRJD241-13997,Ho Iris Sipper With Handle Solid 400Ml,8904132984073,499,199,69111029,494590335,RCPL,36,12,https://yuzppjtjcfjvrjeqlygp.supabase.co/storage/v1/object/public/product-images/artical-all-8904132984073.jpg,,,,,,,,430,332,347,MM,,14,KG,409,310,102,MM,,,,FALSE,2026-07-20 04:31:01.367918+00,2026-07-27 09:09:17.215241+00
197862e6-6c04-47d9-b733-6dc28fe45879,Dec-25,Home Utility,Gerat Cuisino,GCTB01,Stainless Steel Trash Bin 5L,8906176011357,999,599,,,Gsons,6,,https://yuzppjtjcfjvrjeqlygp.supabase.co/storage/v1/object/public/product-images/artical-all-8906176011357.jpg,,,,,,,,67.5,44.5,29.5,,,,,,,,,,,,FALSE,2026-07-20 04:26:44.853912+00,2026-07-27 09:09:17.345249+00
19aacdc7-8333-4c26-bd71-ffadd42509cd,Dec-25,Umbrella,LES,pink,"Poe - 23"" Straight Umbrella - Pink",8904486408232,399,249,,,RRPL,60,,https://yuzppjtjcfjvrjeqlygp.supabase.co/storage/v1/object/public/product-images/DEC-25-86.jpg,,,,,,,,87,17,53,CM,,15,KG,,,,,,,,FALSE,2026-07-20 04:26:10.985433+00,2026-07-27 09:09:17.48551+00
19abed84-8080-4e4a-8777-34524244ccf9,Jun-26,Clothing,Disney,,Kid'S Cotton Ankle Socks -Spider Man-7-10Yrs,8904486411874,129,79,61159990,,RRPL,,,,,,,,,,,,,,,,,,,,,,,,,FALSE,2026-07-25 10:55:15.961104+00,2026-07-27 09:09:17.608393+00
19f8e9f0-fd06-4b0f-8c3a-2729ddabe705,2024,Wallets,LES,,Les Ladies Wallet Y9033-1 Rose,8906176018639,799,399,,,RRPL,90,,https://yuzppjtjcfjvrjeqlygp.supabase.co/storage/v1/object/public/product-images/artical-all-8906176018639.jpg,,,,,,,,500,380,420,MM,17.85,18.85,KG,,,,,,,,FALSE,2026-07-21 11:42:03.75029+00,2026-07-27 09:09:17.743114+00
1a0da9aa-17a6-4016-9f1d-bd07f01b78f9,Jun-26,Clothing,White Label,,Infant Cotton Tights With Diaper -1Pp-0-6M,8904486411584,249,179,61159990,,Gsons,,,https://yuzppjtjcfjvrjeqlygp.supabase.co/storage/v1/object/public/product-images/artical-all-8904486411584.jpg,,,,,,,,,,,,,,,,,,,,,,FALSE,2026-07-25 10:55:11.990187+00,2026-07-27 09:09:17.866931+00
1a1bb9e3-affc-4605-ba52-cad322b2df3c,Jul-26,Back Packs,LES,black,Shopping Bag - Black,8904486413991,995,299,42022290,,RRPL,48,12,https://yuzppjtjcfjvrjeqlygp.supabase.co/storage/v1/object/public/product-images/artical-all-8904486413991.jpg,,,,,,,,48,60,40,CM,,,,,,,,,,,FALSE,2026-07-20 04:31:14.214722+00,2026-07-27 09:09:18.000094+00
1a1e17e2-977c-4866-b92d-4d6388b93e83,Jul-25,Back Packs,Gerat Essentials,RH2219-SF,Pouch - Rh2219-Sf,8904486405200,599,299,42029900,,Gsons,200,,https://yuzppjtjcfjvrjeqlygp.supabase.co/storage/v1/object/public/product-images/artical-all-8904486405200.jpg,,,,,,,,60,45,45,CM,23.7,22.5,KG,,,,,,,,FALSE,2026-07-21 11:43:38.445409+00,2026-07-27 09:09:18.125678+00
1a4028d7-9d01-4da6-8adc-0185a6901d11,Jan-25,Locks,Gerat Cuisino,,Cable Lock With Number- 800Mm,8906176014808,499,199,,,Gsons,180,12,https://yuzppjtjcfjvrjeqlygp.supabase.co/storage/v1/object/public/product-images/artical-all-8906176014808.jpg,,,,,,,,79,43,73,CM,,,,73,21,21,CM,,,,FALSE,2026-07-20 04:27:13.239929+00,2026-07-27 09:09:18.264186+00
1a4cddf0-debe-44fd-a1cf-525a99708682,Jan-26,Clothing,White Label,CH24H042,Cap - Ch24H042,8904486409284,599,299,65050090,,Gsons,100,10,https://yuzppjtjcfjvrjeqlygp.supabase.co/storage/v1/object/public/product-images/artical-all-8904486409284.jpg,,,,,,,,47,42,43,CM,7.4,8,KG,,,,,,,,FALSE,2026-07-20 04:27:44.333705+00,2026-07-27 09:09:18.387745+00
1a55fa86-62b0-4475-a174-9a69bb6790c1,Jan-25,Stationery,Quickworks,,Xd24088-M 88Ml Metallic & Laser Glue,8906176011074,149,69,,,RCPL,,,https://yuzppjtjcfjvrjeqlygp.supabase.co/storage/v1/object/public/product-images/artical-all-8906176011074.jpg,,,,,,,,,,,,18.7,18,,,,,,,,,FALSE,2026-07-21 11:39:42.193568+00,2026-07-27 09:09:18.553619+00
1a598b81-4f00-4c70-a39a-9ad8f10ec709,Nov-25,Kitchen Utility,Simply Smart,PA28565-1F + PA28553F,Silicone Spatula & Brush,8904486407396,199,99,,,RRPL,72,12,https://yuzppjtjcfjvrjeqlygp.supabase.co/storage/v1/object/public/product-images/artical-all-8904486407396.jpg,,,,,,,,,,,,,,,,,,,,,,FALSE,2026-07-21 11:44:56.463001+00,2026-07-27 09:09:18.677374+00
1aa62070-3495-4a19-ba91-38f437878986,2024,Back Packs,Livesmart,,Livesmart Expander Backpack 40L Green,8906176015867,7500,,,,RRPL,10,1,https://yuzppjtjcfjvrjeqlygp.supabase.co/storage/v1/object/public/product-images/artical-all-8906176015867.jpg,,,,,,,,49,35,62,CM,,,,,,,,,,,FALSE,2026-07-21 11:40:07.872641+00,2026-07-27 09:09:18.810609+00
1adcf85f-b0d2-4185-8d7f-3b8cedae0f40,Dec-25,Umbrella,Disney,Avenger,"19"" -8K- Straight Kids Disney Umbrella-Avenger",8904486407495,499,299,,,RRPL,48,,https://yuzppjtjcfjvrjeqlygp.supabase.co/storage/v1/object/public/product-images/artical-all-8904486407495.jpg,,,,,,,,69,20,39,CM,,11.2,KG,,,,,,,,FALSE,2026-07-20 04:26:39.80424+00,2026-07-27 09:09:18.935213+00
1aeaf709-3df6-44ac-aa0a-5e2cac157bc7,2024,Wallets,LES,,Les Ladies Wallet Y9007 Rose,8906176018660,799,399,,,RRPL,150,,https://yuzppjtjcfjvrjeqlygp.supabase.co/storage/v1/object/public/product-images/artical-all-8906176018660.jpg,,,,,,,,500,380,420,MM,18.2,19.2,KG,,,,,,,,FALSE,2026-07-21 11:42:06.076745+00,2026-07-27 09:09:19.075652+00
1b34c791-fb42-4d48-954e-9e3d9b5679b6,Apr-26,Tools,Gerat Elektro,,Screw Driver Set With Voltage Tester,8904486410983,399,199,,,Gsons,,,https://yuzppjtjcfjvrjeqlygp.supabase.co/storage/v1/object/public/product-images/artical-all-8904486410983.jpg,,,,,,,,,,,,,,,,,,,,,,FALSE,2026-07-20 04:29:17.417031+00,2026-07-27 09:09:19.200296+00
1b357a2a-fc14-4c3b-aa21-b88f020f757f,Feb-26,Clock,Gerat Elektro,ET 843,Digital Clock - Ge 843,8904486409499,3399,1699,91059990,,Gsons,12,6,https://yuzppjtjcfjvrjeqlygp.supabase.co/storage/v1/object/public/product-images/artical-all-8904486409499.jpg,,,,,,,,,,,CM,,,,,,,,,,,FALSE,2026-07-20 04:28:05.774228+00,2026-07-27 09:09:19.33079+00
1b64b9af-a25b-4fa2-9c59-b87f085aff49,2024,Back Packs,LES,,Foldable Backpack Grey,8906176016994,999,449,,,RRPL,100,1,https://yuzppjtjcfjvrjeqlygp.supabase.co/storage/v1/object/public/product-images/artical-all-8906176016994.jpg,,,,,,,,67,45,41,CM,,,,,,,,,,,FALSE,2026-07-21 11:40:25.194755+00,2026-07-27 09:09:19.463249+00
1b9294bb-6436-4984-9366-e0a8af4bee69,Jan-26,Stationery,Quickworks,5400-2,Qw Stapler Pin N10 1000Pc X 4 Box 5400-2,8904132987982,99,49,84729010,494759390,RCPL,144,24,https://yuzppjtjcfjvrjeqlygp.supabase.co/storage/v1/object/public/product-images/artical-all-8904132987982.jpg,,,,,,,,39.5,30,18,MM,,12.15,KG,30.2,18,8.9,MM,2.03,2.23,KG,FALSE,2026-07-20 04:28:02.621801+00,2026-07-27 09:09:19.595205+00
1bd65633-e737-4c80-a22b-c7ba5161a3b4,Nov-25,Stationery,Marvel,Avengers,Marvel Plastic Kids Chair,8904486406849,799,399,94018000,,RRPL,12,,https://yuzppjtjcfjvrjeqlygp.supabase.co/storage/v1/object/public/product-images/artical-all-8904486406849.jpg,,,,,,,,32,32,40,CM,,,,,,,,,,,FALSE,2026-07-21 11:44:44.3582+00,2026-07-27 09:09:19.715816+00
1bfd131f-3efe-4fca-b620-b69d47d3b65e,Mar-26,Home Utility,Home One,SM-1214,Plastic Hook So3,8904132907997,179,89,,,RCPL,144,24,https://yuzppjtjcfjvrjeqlygp.supabase.co/storage/v1/object/public/product-images/artical-all-8904132907997.jpg,,,,,,,,44,36,39,CM,,,,,,,,,,,FALSE,2026-07-20 04:28:40.861134+00,2026-07-27 09:09:19.842769+00
1c55becd-921f-4cc6-a302-fbef9227efa3,Jan-25,Stationery,Quickworks,,Glitter Eva Foam With Glue A4 2Mm Sheet Paper,8906176010947,150,99,,,RCPL,,,https://yuzppjtjcfjvrjeqlygp.supabase.co/storage/v1/object/public/product-images/artical-all-8906176010947.jpg,,,,,,,,,,,,,,,,,,,,,,FALSE,2026-07-21 11:39:28.872942+00,2026-07-27 09:09:19.964568+00
1c673de5-38c4-41fe-828e-22c6a6f53526,2024,Back Packs,Livesmart,,Livesmart Hiking Backpack 40L Black -Dp23-Hw024,8906176014709,6500,2600,,,RRPL,5,5,https://yuzppjtjcfjvrjeqlygp.supabase.co/storage/v1/object/public/product-images/artical-all-8906176014709.jpg,,,,,,,,64,39,46,CM,,,,,,,,,,,FALSE,2026-07-21 11:40:30.535293+00,2026-07-27 09:09:20.095504+00
1c707b49-d2f0-49a7-a71d-c10f5f40e2db,Mar-26,Home Utility,Home One,SM-1180,Sticky Hook So2- Sm1180,8908021726362,55,39,,,RCPL,160,,https://yuzppjtjcfjvrjeqlygp.supabase.co/storage/v1/object/public/product-images/artical-all-8908021726362.jpg,,,,,,,,475,375,380,,,,,,,,,,,,FALSE,2026-07-20 04:28:47.347466+00,2026-07-27 09:09:20.220001+00
1c87dd47-14c3-47bc-bde6-0e2db11dbc01,2024,Home Utility,Gerat Cuisino,,Ironing Board Gcib1230D,8906176010312,1799,1199,,,Gsons,4,,https://yuzppjtjcfjvrjeqlygp.supabase.co/storage/v1/object/public/product-images/artical-all-8906176010312.jpg,,,,,,,,44,30,32,CM,,,,,,,,,,,FALSE,2026-07-21 11:38:54.529814+00,2026-07-27 09:09:20.347919+00
1ca2e38e-b4b5-4ad9-9c84-e0ae708f4ed1,Nov-25,Back Packs,White Label,S1-9-114,Fashion Backpack Si9114 - Purple,8904486407167,1599,799,42029900,,Gsons,10,,https://yuzppjtjcfjvrjeqlygp.supabase.co/storage/v1/object/public/product-images/artical-all-8904486407167.jpg,,,,,,,,48,35,36,CM,,5.3,KG,,,,,,,,FALSE,2026-07-21 11:44:50.28582+00,2026-07-27 09:09:20.471876+00
1cd5e63f-b2a3-46cd-b96a-f7c9f4903c2e,Dec-25,Glass Ware,Home One,,Ho New Eva Stackable Embossed Mug 360Ml,8904132983779,399,199,69111011,494590329,RCPL,24,6,,,,,,,,,411,289,236,MM,,7.6,,274,198,97,MM,,1.72,,FALSE,2026-07-25 10:53:05.457156+00,2026-07-27 09:09:20.599309+00
1cdd66bf-9471-449a-a9ba-ce5be3e4dd80,2024,Cleaning,Gerat Cuisino,,Super Clean,8906176010237,699,199,,,Gsons,50,,https://yuzppjtjcfjvrjeqlygp.supabase.co/storage/v1/object/public/product-images/artical-all-8906176010237.jpg,,,,,,,,,,,CM,,,,,,,,,,,FALSE,2026-07-21 11:38:42.042755+00,2026-07-27 09:09:20.722891+00
1cdeb0d0-ce8e-4252-bfa5-52f24eade650,2024,Wallets,LES,,Les Ladies Wallet Y9010 Yellow,8906176018448,799,399,,,RRPL,100,,https://yuzppjtjcfjvrjeqlygp.supabase.co/storage/v1/object/public/product-images/artical-all-8906176018448.jpg,,,,,,,,540,380,420,MM,15,16,KG,,,,,,,,FALSE,2026-07-21 11:41:53.025072+00,2026-07-27 09:09:20.852192+00
1d50ac2b-977b-4a10-a4e2-8bfa033657f4,Sep-25,Mirror,Simply Smart,MR70110-3 1,Pocket Mirror -Sky Blue,8904486405781,149,69,70099200,,RRPL,288,48,https://yuzppjtjcfjvrjeqlygp.supabase.co/storage/v1/object/public/product-images/artical-all-8904486405781.jpg,,,,,,,,53,19,42.5,CM,12,12.5,KG,18,17,20,CM,2.2,1.9,KG,FALSE,2026-07-20 04:27:36.863891+00,2026-07-27 09:09:20.974437+00
1d85f1d0-5e10-4a90-acc4-401f1b8b02fc,Jun-26,Back Packs,White Label,FSD1338,Fashion Backpack Fsd1338 Green,8904486413526,4999,999,,494605711,Gsons,12,6,https://yuzppjtjcfjvrjeqlygp.supabase.co/storage/v1/object/public/product-images/artical-all-8904486413526.jpg,,,,,,,,,,,,,,,,,,,,,,FALSE,2026-07-20 04:30:34.123977+00,2026-07-27 09:09:21.108991+00
1db79380-16a7-42b2-ab4b-482596ad41cf,Jul-26,Glass Ware,Home One,B09-TE626,Ho Annie Mtvn Mug340,8909606002550,499,199,69111029,494608494,RCPL,24,12,https://yuzppjtjcfjvrjeqlygp.supabase.co/storage/v1/object/public/product-images/artical-all-8909606002550.jpg,,,,,,,,486,271,224,,,7.8,KG,380,256,109,MM,,3.9,KG,FALSE,2026-07-20 04:31:10.798206+00,2026-07-27 09:09:21.235095+00
1dcc070f-fa21-4aec-b03c-85b7cf3a4531,Jan-25,Beauty Tool,Gerat Essentials,GESS02,Nose Scissors Gess02,8904486404340,79,39,,,Gsons,,,https://yuzppjtjcfjvrjeqlygp.supabase.co/storage/v1/object/public/product-images/artical-all-8904486404340.jpg,,,,,,,,,,,,,,,,,,,,,,FALSE,2026-07-21 11:42:55.834527+00,2026-07-27 09:09:21.362796+00
1de25cbd-31dd-4ae2-b336-acbb1f5f5ecd,2024,Stationery,Quickworks,,C6 20Ml-12Pcs Tempera Paint,8906176011005,599,299,,,RCPL,24,12,https://yuzppjtjcfjvrjeqlygp.supabase.co/storage/v1/object/public/product-images/artical-all-8906176011005.jpg,,,,,,,,,,,CM,,,,,,,,,,,FALSE,2026-07-21 11:39:39.470725+00,2026-07-27 09:09:21.484515+00
1df838bb-dd37-4a44-8469-cb0dab2890c2,Dec-25,Stationery,Disney,PRINCESS,Glue Stick 15Gms Princess,8904486408799,99,49,,,RRPL,384,12,https://yuzppjtjcfjvrjeqlygp.supabase.co/storage/v1/object/public/product-images/artical-all-8904486408799.jpg,,,,,,,,,,,,,,,,,,,,,,FALSE,2026-07-20 04:27:05.255923+00,2026-07-27 09:09:21.613342+00
1e17e031-393b-4678-b688-8add1b906f5e,Oct-25,Trolley,Travello,,"Trolley Bag Kt203-28"" Khaki-Brown",8904486406658,10000,,,,Gsons,1,,https://yuzppjtjcfjvrjeqlygp.supabase.co/storage/v1/object/public/product-images/artical-all-8904486406658.jpg,,,,,,,,49,30,75,CM,,,,,,,,,,,FALSE,2026-07-20 04:29:52.488214+00,2026-07-27 09:09:21.73789+00
1e512478-4b8a-4a1b-bdbf-99ece7f61319,Jan-25,Kitchen Utility,Gerat Essentials,XL216-24#,24Cm Multifunction Mesh Stainer,8904486401943,299,179,,,Gsons,,,https://yuzppjtjcfjvrjeqlygp.supabase.co/storage/v1/object/public/product-images/artical-all-8904486401943.jpg,,,,,,,,66,45.5,54.5,CM,,,,46.5,22,13,CM,,,,FALSE,2026-07-21 11:43:07.804899+00,2026-07-27 09:09:21.870812+00
1e74de40-6f20-44db-97a6-95dd91f81337,Jul-26,Glass Ware,Home One,B106-J0017,Ho Annie L Cofe 390,8909606002529,799,299,69111029,494608491,RCPL,24,12,https://yuzppjtjcfjvrjeqlygp.supabase.co/storage/v1/object/public/product-images/artical-all-8909606002529.jpg,,,,,,,,513,312,309,,,8.6,KG,408,296,143,MM,,4.3,KG,FALSE,2026-07-20 04:31:09.675524+00,2026-07-27 09:09:21.991961+00
1e83c2c3-048d-4809-8d16-d2a8f7b2e2b8,Mar-26,Home Utility,Home One,,Printed Drawer Mat,8904132966987,350,129,39249090,,RCPL,24,,https://yuzppjtjcfjvrjeqlygp.supabase.co/storage/v1/object/public/product-images/artical-all-8904132966987.jpg,,,,,,,,460,150,220,MM,,,,,,,,,,,FALSE,2026-07-20 04:29:02.242744+00,2026-07-27 09:09:22.123778+00
1e8ad4f4-74c3-47de-a134-f423e882acd0,2024,Back Packs,Gerat Elektro,,Fashion Backpack 18L - Fs1346,8906176010510,1999,799,,,Gsons,10,,https://yuzppjtjcfjvrjeqlygp.supabase.co/storage/v1/object/public/product-images/artical-all-8906176010510.jpg,,,,,,,,35,39,50,CM,,,,,,,,,,,FALSE,2026-07-21 11:39:02.633134+00,2026-07-27 09:09:22.279233+00
1f1d6e63-a4a9-4d8b-85bf-d5b5d221d09a,2024,Wallets,LES,,Les Ladies Wallet Y9010 Orange,8906176018431,799,399,,,RRPL,100,,https://yuzppjtjcfjvrjeqlygp.supabase.co/storage/v1/object/public/product-images/artical-all-8906176018431.jpg,,,,,,,,540,380,420,MM,15,16,KG,,,,,,,,FALSE,2026-07-21 11:41:52.514511+00,2026-07-27 09:09:22.408912+00
1f3dae3f-3124-432d-a239-f35786fce1fe,2024,Clock,Gerat Elektro,,Wall Clock - D3070-03-12,8906176010145,1199,599,,,Gsons,,,https://yuzppjtjcfjvrjeqlygp.supabase.co/storage/v1/object/public/product-images/artical-all-8906176010145.jpg,,,,,,,,,,,,,,,,,,,,,,FALSE,2026-07-21 11:41:31.9153+00,2026-07-27 09:09:22.531913+00
1f741238-9c67-4d0a-8379-5893d3ae0844,Jan-25,Kitchen Utility,Gerat Cuisino,,Tri-Ply 4 Pcs Set,8904486405125,7999,,,,Gsons,35,,https://yuzppjtjcfjvrjeqlygp.supabase.co/storage/v1/object/public/product-images/artical-all-8904486405125.jpg,,,,,,,,,,,,,,,,,,,,,,FALSE,2026-07-21 11:43:29.198177+00,2026-07-27 09:09:22.663381+00
1ff62622-d374-48af-ba59-e28a2b22d78d,Jul-25,Back Packs,LES,ENL023910R-SF,Sling Bag - Enl023910R-Sf - Beige,8904486405316,1999,999,42029900,,RRPL,50,,https://yuzppjtjcfjvrjeqlygp.supabase.co/storage/v1/object/public/product-images/artical-all-8904486405316.jpg,,,,,,,,49,27,40,CM,13.6,12.6,KG,,,,,,,,FALSE,2026-07-21 11:43:45.508037+00,2026-07-27 09:09:22.788151+00
1ffb9dea-99ee-4266-a204-cff73f8c41e3,2024,Trolley,Livesmart,,Xln3006-15 Livesmart Trolley Backpack-Pink,8906176010893,7990,,,,RRPL,6,,https://yuzppjtjcfjvrjeqlygp.supabase.co/storage/v1/object/public/product-images/artical-all-8906176010893.jpg,,,,,,,,90,52,36,CM,,,,,,,,,,,FALSE,2026-07-21 11:39:22.870791+00,2026-07-27 09:09:22.917229+00
2003af4e-057d-42a5-8ebc-875214a568ad,2024,Clock,Gerat Elektro,,Wall Clock - 730B-12,8906176010060,999,499,,,Gsons,,,https://yuzppjtjcfjvrjeqlygp.supabase.co/storage/v1/object/public/product-images/artical-all-8906176010060.jpg,,,,,,,,,,,,,,,,,,,,,,FALSE,2026-07-21 11:41:28.677636+00,2026-07-27 09:09:23.256347+00
20064b7f-0902-4dcf-90e9-6cc7473dfea8,2024,Stationery,Quickworks,,Stapler Set Blue,8906176018233,129,75,,,RCPL,144,24,https://yuzppjtjcfjvrjeqlygp.supabase.co/storage/v1/object/public/product-images/artical-all-8906176018233.jpg,,,,,,,,48,27.5,36,CM,15.5,16.5,KG,48,9.16,18,CM,2.75,,,FALSE,2026-07-21 11:42:13.216197+00,2026-07-27 09:09:23.386932+00
201a4211-f9ca-4a2e-973c-24ed3b8714bb,Mar-26,Glass Ware,Disney,MICKEY,Disney Mickey Kids Mug 350Ml,8904486409734,399,129,69111011,,RRPL,48,,https://yuzppjtjcfjvrjeqlygp.supabase.co/storage/v1/object/public/product-images/artical-all-8904486409734.jpg,,,,,,,,,,,,,,,,,,,,,,FALSE,2026-07-20 04:28:37.216337+00,2026-07-27 09:09:23.50738+00
20777fd3-80bc-46a1-b2d3-409a026dc151,Feb-26,Basket,White Label,,Rectangular Tray Medium,8904486405088,399,179,,,Gsons,20,,https://yuzppjtjcfjvrjeqlygp.supabase.co/storage/v1/object/public/product-images/artical-all-8904486405088.jpg,,,,,,,,53,30,41,,,,,,,,,,,,FALSE,2026-07-20 04:28:30.46467+00,2026-07-27 09:09:23.636656+00
207930dd-0b6f-4047-b35b-5a5d38776ee5,Jan-25,Back Packs,Gerat Essentials,PZ- 11-052,Fashion Backpack 18L - Pz-11-052 Blue,8904486401745,1999,799,,,Gsons,,,https://yuzppjtjcfjvrjeqlygp.supabase.co/storage/v1/object/public/product-images/artical-all-8904486401745.jpg,,,,,,,,,,,,,,,,,,,,,,FALSE,2026-07-21 11:42:47.029238+00,2026-07-27 09:09:23.758251+00
20831b19-e9cb-48d9-a5ad-0f281cb7cc5f,Dec-25,Umbrella,LES,Newyork,"3 Fold  23"" - Satin - City Scape Umbrella - Newyork",8904486407747,999,699,,,RRPL,48,,https://yuzppjtjcfjvrjeqlygp.supabase.co/storage/v1/object/public/product-images/DEC-25-86.jpg,,,,,,,,40,33,49.5,CM,,27,KG,,,,,,,,FALSE,2026-07-20 04:26:19.177922+00,2026-07-27 09:09:23.886886+00
208648e0-b51c-4ea3-bbe9-1f3f495498eb,Jan-26,Stationery,White Label,WDN5007,Waste Bin,8904486409406,799,399,73269099,,Gsons,,,https://yuzppjtjcfjvrjeqlygp.supabase.co/storage/v1/object/public/product-images/artical-all-8904486409406.jpg,,,,,,,,28,28,75,CM,,,,,,,,,,,FALSE,2026-07-20 04:27:35.83729+00,2026-07-27 09:09:24.007819+00
209d6766-56d6-4059-8c44-c3dcddfdf6b3,2024,Back Packs,Gerat Elektro,,Fashion Backpack 18L Sx-11-040 Green,8906176011265,1999,,,,Gsons,,,https://yuzppjtjcfjvrjeqlygp.supabase.co/storage/v1/object/public/product-images/artical-all-8906176011265.jpg,,,,,,,,48,35,32,CM,,,,,,,,,,,FALSE,2026-07-21 11:39:32.966687+00,2026-07-27 09:09:24.135186+00
20e259f1-b51f-47e9-88a9-c7960fb5caba,2024,Umbrella,LES,,Umbrella - Chsu68516Sc,8906176010695,549,399,,,RRPL,18,,https://yuzppjtjcfjvrjeqlygp.supabase.co/storage/v1/object/public/product-images/artical-all-8906176010695.jpg,,,,,,,,10.5,28,8,CM,,,,,,,,,,,FALSE,2026-07-21 11:39:09.600622+00,2026-07-27 09:09:24.259221+00
20f67f61-87c5-4c2b-b8df-376ef8639fa4,Jan-25,Kitchen Utility,Gerat Essentials,HK2831-4,Traceless Hook 4 Pcs Set,8904486401974,119,59,,,Gsons,,,https://yuzppjtjcfjvrjeqlygp.supabase.co/storage/v1/object/public/product-images/artical-all-8904486401974.jpg,,,,,,,,66,44,39,CM,,,,32,21,12,CM,,,,FALSE,2026-07-21 11:43:08.598534+00,2026-07-27 09:09:24.389172+00
2115b970-79b5-4b6f-8f63-25073e31a418,Jun-26,Home Utility,Ulhaas,,Ulhaas Ribguard Outdoor Mat 38X58Cm,8909606001645,259,129,,494759496,RCPL,48,,https://yuzppjtjcfjvrjeqlygp.supabase.co/storage/v1/object/public/product-images/artical-all-8909606001645.jpg,,,,,,,,,,,,,,,,,,,,,,FALSE,2026-07-20 04:30:26.858659+00,2026-07-27 09:09:24.511209+00
21565a1d-cca1-4b05-bdc6-b5a6112a8e53,Jul-26,Kitchen Utility,Home One,FK451C,Home One Chef Knife 32 X 4.3Cm,8909606000952,449,169,82119200,,RCPL,144,12,https://yuzppjtjcfjvrjeqlygp.supabase.co/storage/v1/object/public/product-images/artical-all-8909606000952.jpg,,,,,,,,45.5,40.5,28.5,CM,15,17.2,KG,44,11,12,CM,1.248,1.42812,KG,FALSE,2026-07-20 04:30:58.931884+00,2026-07-27 09:09:24.640424+00
21a9b995-5088-40b8-8f38-8b40c5feefb5,Mar-26,Home Utility,Home One,,Sticky Hook So11 - Sm1816,8908021726522,195,129,,,RCPL,144,,https://yuzppjtjcfjvrjeqlygp.supabase.co/storage/v1/object/public/product-images/artical-all-8908021726522.jpg,,,,,,,,440,435,395,,,,,,,,,,,,FALSE,2026-07-21 11:41:23.082134+00,2026-07-27 09:09:24.764235+00
21ffca49-0e5a-4a66-b60a-d870a659bc96,Dec-25,Back Packs,Livesmart,DP25-Y007,Backpack Grey-Dp25-Y007,8904486408539,3999,1699,,,RRPL,10,,https://yuzppjtjcfjvrjeqlygp.supabase.co/storage/v1/object/public/product-images/artical-all-8904486408539.jpg,,,,,,,,,,,,,,,,,,,,,,FALSE,2026-07-20 04:26:55.596551+00,2026-07-27 09:09:24.900448+00
220072bd-4b92-43c9-9f33-0f0041577bd1,Jul-25,Kitchen Utility,Simply Smart,GP-017-10 TMC-182,Microfiber Face Towels,8902901251692,199,99,,494729215,RRPL,100,,https://yuzppjtjcfjvrjeqlygp.supabase.co/storage/v1/object/public/product-images/artical-all-8902901251692.jpg,,,,,,,,57,53,40,CM,8.2,9.2,KG,,,,,,,,FALSE,2026-07-20 04:30:37.432273+00,2026-07-27 09:09:25.022921+00
222ba619-1cd5-41a3-b5f1-9a99d21478d5,2024,Home Utility,Gerat Cuisino,,13 Step Aluminium Ladder Gcsl-13,8906176010343,15999,7999,,,Gsons,1,,https://yuzppjtjcfjvrjeqlygp.supabase.co/storage/v1/object/public/product-images/artical-all-8906176010343.jpg,,,,,,,,,,,CM,,,,,,,,,,,FALSE,2026-07-21 11:38:56.304594+00,2026-07-27 09:09:25.152161+00
225dfe3b-bddc-4075-a28a-afccc080caa9,May-26,Stationery,Quickworks,EA-3600DW,Ea-3600Dw 36Gms-12Pcs White Pvp Glue Stick,8906176011135,129,69,,,RCPL,288,12,https://yuzppjtjcfjvrjeqlygp.supabase.co/storage/v1/object/public/product-images/artical-all-8906176011135.jpg,,,,,,,,39.8,26.6,37.9,CM,18,18.8,KG,12.4,9.4,11.8,CM,,,,FALSE,2026-07-20 04:29:41.720527+00,2026-07-27 09:09:25.272848+00
22afb3f4-35b8-456d-9346-b415c225cd78,Jul-25,Back Packs,Live Pro,EW47208B,Waist Bag - Ew47208B - Grey,8904486405286,799,399,42029900,,RRPL,200,,https://yuzppjtjcfjvrjeqlygp.supabase.co/storage/v1/object/public/product-images/artical-all-8904486405286.jpg,,,,,,,,64,44,38,CM,17.6,16.4,KG,,,,,,,,FALSE,2026-07-21 11:43:43.051418+00,2026-07-27 09:09:25.400101+00
22b2c268-b9ae-4299-af0b-1a178ab04312,Sep-25,Home Utility,White Label,B6604,Sink Soap Dispenser Stainless Steel - B6604,8904486406375,1199,599,73249000,,Gsons,24,0,https://yuzppjtjcfjvrjeqlygp.supabase.co/storage/v1/object/public/product-images/artical-all-8904486406375.jpg,,,,,,,,62.6,42.5,21.5,,6.6,5.3,KG,,,,,,,,FALSE,2026-07-21 11:44:22.549352+00,2026-07-27 09:09:25.520939+00
22c24cf1-c009-4688-bae9-31cc32b60ffd,2024,Stationery,Quickworks,,Lp15078 8G-12Pcs Solid Poster Paint,8906176011029,699,399,,,RCPL,48,12,https://yuzppjtjcfjvrjeqlygp.supabase.co/storage/v1/object/public/product-images/artical-all-8906176011029.jpg,,,,,,,,,,,CM,,,,,,,,,,,FALSE,2026-07-21 11:39:38.869684+00,2026-07-27 09:09:25.64846+00
22f5593f-03f7-497c-b73b-f6ddf5096de1,Jul-26,Kitchen Utility,White Label,,Import Micro Waffle Ft 25X25Cm Assorted,8904486413786,40,20,,494835627,Gsons,192,16,https://yuzppjtjcfjvrjeqlygp.supabase.co/storage/v1/object/public/product-images/artical-all-8904486413786.jpg,,,,CM,,,KG,,,,,,,KG,,,,,,,KG,TRUE,2026-07-20 04:30:37.945594+00,2026-07-27 09:09:25.770751+00
2314ae2e-6380-4b6a-9fd8-5e9a130ef3bc,Dec-25,Umbrella,Disney,Spiderman,"19"" -8K- Straight Kids Disney Umbrella-Spiderman",8904486407501,499,299,,,RRPL,48,,https://yuzppjtjcfjvrjeqlygp.supabase.co/storage/v1/object/public/product-images/artical-all-8904486407501.jpg,,,,,,,,69,20,39,CM,,11.2,KG,,,,,,,,FALSE,2026-07-20 04:26:40.422648+00,2026-07-27 09:09:25.900043+00
23181399-d861-4664-b564-7519e59569f1,Dec-25,Kitchen Utility,Home One,8.90E+12,Glass Canister 80 Ml,8904486407426,99,49,,,RCPL,144,12,https://yuzppjtjcfjvrjeqlygp.supabase.co/storage/v1/object/public/product-images/DEC-25-25.jpg,,,,,,,,,,,,,,,,,,,,,,FALSE,2026-07-20 04:26:10.560927+00,2026-07-27 09:09:26.022019+00
234d6369-1b20-4512-a8a6-81f5ff5e6fa5,Jan-26,Clothing,White Label,CHQ24H119,Cap- Chq24H119 - Red,8904486409154,599,299,65050090,,Gsons,100,10,https://yuzppjtjcfjvrjeqlygp.supabase.co/storage/v1/object/public/product-images/artical-all-8904486409154.jpg,,,,,,,,50,42,42,CM,8.6,9.2,KG,,,,,,,,FALSE,2026-07-20 04:27:37.874517+00,2026-07-27 09:09:26.154778+00
238cc023-cc9b-4dd7-bb8f-eaa3d5877757,Dec-25,Umbrella,LES,,"25"" -8K- Straight Umbrella - Ultra Light",8904486408225,2199,1699,,,RRPL,40,,https://yuzppjtjcfjvrjeqlygp.supabase.co/storage/v1/object/public/product-images/artical-all-8904486408225.jpg,,,,,,,,95,8,10,CM,,10.2,KG,,,,,,,,FALSE,2026-07-20 04:26:41.907599+00,2026-07-27 09:09:26.27739+00
23a7a4e8-fdfc-48b8-a85c-c77b6e581875,Jul-26,Glass Ware,Home One,B205-G3842,Ho Annie Lna Mug 380,8909606002598,699,249,69111029,494608498,RCPL,24,12,https://yuzppjtjcfjvrjeqlygp.supabase.co/storage/v1/object/public/product-images/artical-all-8909606002598.jpg,,,,,,,,481,268,273,,,8.9,KG,376,252,125,MM,,4.45,KG,FALSE,2026-07-20 04:31:12.694326+00,2026-07-27 09:09:26.405929+00
23d8e689-5d66-444f-abae-288d09c58d97,Jun-26,Back Packs,White Label,S1-9-114,Fashion Backpack - S19114,8904486413571,4499,899,,494403228,Gsons,12,6,https://yuzppjtjcfjvrjeqlygp.supabase.co/storage/v1/object/public/product-images/artical-all-8904486413571.jpg,,,,,,,,,,,,,,,,,,,,,,FALSE,2026-07-20 04:30:34.609257+00,2026-07-27 09:09:26.535613+00
2418f203-63b2-4de9-ad08-392f1aba96af,Oct-25,Trolley,Travello,,"Trolley Bag Kt203-28"" Dark Green-Brown",8904486406627,10000,,,,Gsons,1,,https://yuzppjtjcfjvrjeqlygp.supabase.co/storage/v1/object/public/product-images/artical-all-8904486406627.jpg,,,,,,,,49,30,75,CM,,,,,,,,,,,FALSE,2026-07-20 04:29:51.432206+00,2026-07-27 09:09:26.669087+00
241d56b6-5678-4339-8e31-f91dc102ed6e,Dec-25,Umbrella,LES,black,"23"" - Straight Polyester Umbrella - Black",8904486407792,399,249,,,RRPL,60,,https://yuzppjtjcfjvrjeqlygp.supabase.co/storage/v1/object/public/product-images/artical-all-8904486407792.jpg,,,,,,,,94,24,45,CM,,21,KG,,,,,,,,FALSE,2026-07-20 04:26:21.639748+00,2026-07-27 09:09:26.797075+00
244ff9ff-ae57-4441-b00d-8a2339d04c3e,2024,Umbrella,LES,,Umbrella - Chfu51085Fb,8906176010756,699,499,,,RRPL,18,,https://yuzppjtjcfjvrjeqlygp.supabase.co/storage/v1/object/public/product-images/artical-all-8906176010756.jpg,,,,,,,,43,22,19,CM,,,,,,,,,,,FALSE,2026-07-21 11:39:14.753563+00,2026-07-27 09:09:26.930293+00
245db87d-ad3a-44d2-bfbc-df0a1fad5670,Jan-25,Beauty Tool,Gerat Essentials,GESN02,Nail Clipper Gesn02,8904486402018,99,49,,,Gsons,,,https://yuzppjtjcfjvrjeqlygp.supabase.co/storage/v1/object/public/product-images/artical-all-8904486402018.jpg,,,,,,,,,,,,,,,,,,,,,,FALSE,2026-07-21 11:42:59.499031+00,2026-07-27 09:09:27.054593+00
24f4b10b-1bb6-40a9-8cc9-0f54e08ad08a,Jan-25,Home Utility,Ulhaas,,Ulhaas Micro Fiber Solid Mat 38X58Cm,8904132967663,99,199,,,RCPL,,,https://yuzppjtjcfjvrjeqlygp.supabase.co/storage/v1/object/public/product-images/artical-all-8904132967663.jpg,,,,,,,,,,,,,,,,,,,,,,FALSE,2026-07-25 10:50:38.906711+00,2026-07-27 09:09:27.182947+00
24fcf76d-a2e2-429e-9958-cc43d6748b41,Dec-25,Umbrella,LES,olive,"3 Fold 23"" Umbrella-Gmd003-2 -Olive",8904486407884,899,599,,,RRPL,60,,https://yuzppjtjcfjvrjeqlygp.supabase.co/storage/v1/object/public/product-images/artical-all-8904486407884.jpg,,,,,,,,40.5,37,55.5,CM,,29.5,KG,,,,,,,,FALSE,2026-07-20 04:26:25.902019+00,2026-07-27 09:09:27.307923+00
255d7933-646e-4ba2-b3b0-b376a9e465f6,Dec-25,Stationery,Quickworks,,Ea-1500Dw 15Gms-24Pcs White Pvp Glue Stick,8906176011128,70,35,,,RCPL,384,24,https://yuzppjtjcfjvrjeqlygp.supabase.co/storage/v1/object/public/product-images/artical-all-8906176011128.jpg,,,,,,,,41,31.2,22.6,CM,12.2,13.1,,,,,CM,,,,FALSE,2026-07-21 11:39:44.833728+00,2026-07-27 09:09:27.438626+00
25c7cfb9-66c0-461c-94ca-4b6a77cce394,Jun-26,Back Packs,White Label,PC 11-052,Fashion Backpack Pc-11-052 Blue,8904486413403,3999,799,,494605694,Gsons,12,6,https://yuzppjtjcfjvrjeqlygp.supabase.co/storage/v1/object/public/product-images/artical-all-8904486413403.jpg,,,,,,,,,,,,,,,,,,,,,,FALSE,2026-07-20 04:30:28.317266+00,2026-07-27 09:09:27.563966+00
25cc60c5-9b0a-4150-9c96-3dcdc3f88e9b,Jan-26,Clothing,White Label,CH24H157,Cap - Ch24H157,8904486409338,399,199,65050090,,Gsons,100,10,https://yuzppjtjcfjvrjeqlygp.supabase.co/storage/v1/object/public/product-images/artical-all-8904486409338.jpg,,,,,,,,47,42,43,CM,7.4,8,KG,,,,,,,,FALSE,2026-07-20 04:27:47.289242+00,2026-07-27 09:09:27.698848+00
26345169-d602-4c50-9001-04859bd0bec5,Jul-26,Glass Ware,Home One,BRJD072-139109,Ho Iris Coffee Sipper 300Ml,8904132984066,399,199,69111029,494590334,RCPL,36,12,https://yuzppjtjcfjvrjeqlygp.supabase.co/storage/v1/object/public/product-images/artical-all-8904132984066.jpg,,,,,,,,415,320,356,MM,,10.4,KG,395,300,107,MM,,3.3,KG,FALSE,2026-07-20 04:31:01.811456+00,2026-07-27 09:09:27.822914+00
26411119-b0cd-4799-a35c-b5ba707ab88b,Dec-25,Basket,Home One,MW0028108-2,Ho Gold Clr Oval Metal Basket 30X18X9Cm,8904132961982,799,399,,,RCPL,12,,https://yuzppjtjcfjvrjeqlygp.supabase.co/storage/v1/object/public/product-images/artical-all-8904132961982.jpg,,,,,,,,31,19.5,42,CM,4.6,5.2,KG,,,,,,,,FALSE,2026-07-20 04:29:07.952719+00,2026-07-27 09:09:27.951894+00
26a26563-00a1-4b75-a242-ad78c70b942f,Mar-26,Glass Ware,Marvel,AVENGER,Marvel Avenger Kids Mug 350Ml,8904486409741,399,129,69111011,,RRPL,48,,https://yuzppjtjcfjvrjeqlygp.supabase.co/storage/v1/object/public/product-images/artical-all-8904486409741.jpg,,,,,,,,,,,,,,,,,,,,,,FALSE,2026-07-20 04:28:37.763885+00,2026-07-27 09:09:28.079433+00
26da473d-91ba-4805-b3b6-e3beb7b1d3be,Jun-26,Clothing,Disney,,Infant  Cotton Ankle Socks- Mickey-18-24M,8904486411973,99,79,61159990,,RRPL,,,,,,,,,,,,,,,,,,,,,,,,,FALSE,2026-07-25 10:55:18.07067+00,2026-07-27 09:09:28.216198+00
26dd2d47-3c77-4934-a0c7-07ad60bbdc2a,Nov-25,Kitchen Utility,Home One,QTL007,Glass Spice Jar,8904486406740,239,119,70133700,,RCPL,72,25,https://yuzppjtjcfjvrjeqlygp.supabase.co/storage/v1/object/public/product-images/artical-all-8904486406740.jpg,,,,,,,,33,33,24,CM,11.5,13,KG,,,,,,,,FALSE,2026-07-21 11:44:33.520151+00,2026-07-27 09:09:28.340781+00
26f6b7c9-0187-46d4-bd9b-c718b8b0b715,Jul-26,Glass Ware,Home One,GB321-SU2660,Ho Annie Cofe Mug390,8909606002505,499,199,69111029,494608489,RCPL,24,12,https://yuzppjtjcfjvrjeqlygp.supabase.co/storage/v1/object/public/product-images/artical-all-8909606002505.jpg,,,,,,,,429,295,266,,,8.5,KG,414,280,99,MM,,4.25,KG,FALSE,2026-07-20 04:31:08.85699+00,2026-07-27 09:09:28.469995+00
26f8937d-b2bc-4238-a5f5-4ca390b576eb,Jan-26,Beauty Tool,Blushlace,PC380648,Cosmetic Brush Set Of 6,8904486409000,599,299,96033020,,RRPL,288,24,https://yuzppjtjcfjvrjeqlygp.supabase.co/storage/v1/object/public/product-images/artical-all-8904486409000.jpg,,,,,,,,,,,CM,,,,,,,,,,,FALSE,2026-07-20 04:27:25.436204+00,2026-07-27 09:09:28.592422+00
2709914d-c407-4071-bc63-fd12911c494e,Jun-26,Clothing,Disney,,Infant  Cotton Ankle Socks- Minnie-6-12M,8904486411997,99,79,61159990,,RRPL,,,https://yuzppjtjcfjvrjeqlygp.supabase.co/storage/v1/object/public/product-images/artical-all-8904486411997.jpg,,,,,,,,,,,,,,,,,,,,,,FALSE,2026-07-25 10:55:18.547533+00,2026-07-27 09:09:28.723391+00
275a94ea-b3f9-454e-a729-c1ea6473934e,Jun-26,Clothing,White Label,,Quarter Boy'S Cosy Socks With Abs - 1Pp-9-12Y,8904486411423,99,69,61159990,,Gsons,,,,,,,,,,,,,,,,,,,,,,,,,FALSE,2026-07-25 10:55:08.489818+00,2026-07-27 09:09:28.854525+00
275dfec7-d48f-4536-a725-314e4e7b1382,2024,Back Packs,LES,,Drawstring Foldable Backpack Rabbit,8906176017045,1299,499,,,RRPL,50,1,https://yuzppjtjcfjvrjeqlygp.supabase.co/storage/v1/object/public/product-images/artical-all-8906176017045.jpg,,,,,,,,40,45,35,CM,,,,,,,,,,,FALSE,2026-07-21 11:40:28.048329+00,2026-07-27 09:09:28.986267+00
27913c4a-d6f6-45bb-878b-4c445f95011a,Jan-25,Glass Ware,Home One,,Ho Elsa Boro Glass Jar Wooden Lid 220Ml,8904132955103,339,169,,,RCPL,,,https://yuzppjtjcfjvrjeqlygp.supabase.co/storage/v1/object/public/product-images/artical-all-8904132955103.jpg,,,,,,,,30,23.5,33,CM,,7.65,KG,27.3,20.4,12,CM,,2.39,KG,FALSE,2026-07-20 04:26:49.591744+00,2026-07-27 09:09:29.113928+00
27a1e095-85d3-4cdd-80b1-9aabfc5feeaa,Jan-26,Cleaning,My Home,60563,Multipurpose Cleaning Brush,8904132953994,999,599,,,RCPL,10,,https://yuzppjtjcfjvrjeqlygp.supabase.co/storage/v1/object/public/product-images/artical-all-8904132953994.jpg,,,,,,,,109.5,27.5,16.5,CM,,8.2,KG,,,,,,,,FALSE,2026-07-20 04:27:59.018259+00,2026-07-27 09:09:29.306384+00
280a257f-0dc1-4a9c-ba50-b930ba9a82e1,Jun-26,Clothing,White Label,,Kids Solid Tights (Cable Knit) -1Pp-11-12Y,8904486411515,249,179,61159990,,Gsons,,,,,,,,,,,,,,,,,,,,,,,,,FALSE,2026-07-25 10:55:10.479209+00,2026-07-27 09:09:29.430719+00
2835faca-0bf6-45d9-b12c-11db1ad0ecfb,2024,Stationery,Quickworks,,Stapler Pin Pack Of 2,8906176018288,24,19,,,RCPL,144,24,,,,,,,,,43.5,33,46,CM,5,6,KG,43.5,11,23,CM,1,,,FALSE,2026-07-21 11:42:13.492917+00,2026-07-27 09:09:29.565755+00
284f8922-3b83-446c-ae73-f722a2a9174b,Jun-26,Clothing,White Label,,Infant Design Tights (With Foot)- 1Pp-18-24M,8904486411652,249,179,61159990,,Gsons,,,,,,,,,,,,,,,,,,,,,,,,,FALSE,2026-07-25 10:55:13.435747+00,2026-07-27 09:09:29.688756+00
28a56c87-460b-4aa8-858c-fb18e2d3636f,Jun-26,Home Utility,Ulhaas,,Ulhaas Aangan Outdoor Mat 38X58Cm,8909606003984,159,79,,494759497,RCPL,48,,https://yuzppjtjcfjvrjeqlygp.supabase.co/storage/v1/object/public/product-images/artical-all-8909606003984.jpg,,,,,,,,,,,,,,,,,,,,,,FALSE,2026-07-20 04:30:27.253228+00,2026-07-27 09:09:29.82603+00
28b21cff-a25c-4bb2-8542-7730efbfdfbe,Jun-26,Cleaning,My Home,,My Home Silicone Floor Squeegee 1N,8909606000624,799,399,96039000,,RCPL,24,,https://yuzppjtjcfjvrjeqlygp.supabase.co/storage/v1/object/public/product-images/artical-all-8909606000624.jpg,,,,,,,,69,21,15,CM,8,7,,,,,,,,,FALSE,2026-07-25 10:54:06.957822+00,2026-07-27 09:09:29.95934+00
28b27f4b-a23b-487b-a62e-cf5057efbdb8,2024,Trolley,Travello,,Travello Trolley Bag - Kt03 - Black,8908020474226,6999,,,,Gsons,1,,https://yuzppjtjcfjvrjeqlygp.supabase.co/storage/v1/object/public/product-images/artical-all-8908020474226.jpg,,,,,,,,39,21.5,57,CM,,,,,,,,,,,FALSE,2026-07-21 11:40:36.710152+00,2026-07-27 09:09:30.092787+00
28bc6610-652e-4af3-b86f-d6e744116b30,Jul-25,Back Packs,Livesmart,,Business Backpack - Klb220104Bk Black,8904486405545,8500,3400,42029900,,RRPL,10,,https://yuzppjtjcfjvrjeqlygp.supabase.co/storage/v1/object/public/product-images/artical-all-8904486405545.jpg,,,,,,,,49,35,62,CM,12.2,13.7,,,,,,,,,FALSE,2026-07-25 10:51:07.507477+00,2026-07-27 09:09:30.218423+00
28dc1548-e9c9-4840-9c50-24d5137b1c83,2024,Glass Ware,Home One,,Double Wall Glass Jar 450Ml,8904132977549,899,399,,,RCPL,12,1,https://yuzppjtjcfjvrjeqlygp.supabase.co/storage/v1/object/public/product-images/artical-all-8904132977549.jpg,,,,,,,,52,39.5,25.5,CM,,,,12.5,12.5,23.3,,,,,FALSE,2026-07-21 11:40:04.534936+00,2026-07-27 09:09:30.351299+00
28dead14-5438-4d16-bfcb-d0615e107a0b,2024,Back Packs,White Label,CH24B425,Waist Pouch Ch24B425 Green,8906176018127,399,199,,,Gsons,100,,https://yuzppjtjcfjvrjeqlygp.supabase.co/storage/v1/object/public/product-images/artical-all-8906176018127.jpg,,,,,,,,40,60,52,CM,,,,,,,,,,,FALSE,2026-07-21 11:41:42.588733+00,2026-07-27 09:09:30.478928+00
293b6751-e793-4357-a87c-ea6d344c09dd,Sep-25,Kitchen Utility,White Label,W3097,Kitchen Hanging Set 4Pc/Set - W3097,8904486406405,1999,999,73239990,,Gsons,6,0,https://yuzppjtjcfjvrjeqlygp.supabase.co/storage/v1/object/public/product-images/artical-all-8904486406405.jpg,,,,,,,,64,34,59,,6.29,5.2,KG,,,,,,,,FALSE,2026-07-21 11:44:24.064263+00,2026-07-27 09:09:30.610763+00
299df91d-c766-4c58-bce3-d98ecd07ba26,Sep-25,Home Utility,White Label,GA5010,Spray Gun And Hose Set - Ga5010,8904486406061,1999,999,84242000,,Gsons,12,0,https://yuzppjtjcfjvrjeqlygp.supabase.co/storage/v1/object/public/product-images/artical-all-8904486406061.jpg,,,,,,,,67,41,35,CM,12,12.6,KG,,,,,,,,FALSE,2026-07-21 11:44:05.423976+00,2026-07-27 09:09:30.738281+00
29c6d777-7d00-44ea-88e6-dcfd2a7946c9,Sep-25,Kitchen Utility,Home One,VC757,Home One Mutipurpose Cutter Assrtd Color,8904132977730,229,99,,,RCPL,144,12,https://yuzppjtjcfjvrjeqlygp.supabase.co/storage/v1/object/public/product-images/artical-all-8904132977730.jpg,,,,,,,,60,35,69,CM,,7.776,KG,32,15,7,CM,,0.648,KG,FALSE,2026-07-20 04:26:00.960271+00,2026-07-27 09:09:30.869543+00
29ff0d73-d33d-4cf3-a8aa-a025ec0b3b91,Jan-25,Back Packs,Gerat Essentials,AJ-4-001,Fashions Backpack Aj-4-001 Pink,8904486401653,1999,799,,494759496,Gsons,,,,,,,,,,,,,,,,,,,,,,,,,FALSE,2026-07-21 11:42:42.627901+00,2026-07-27 09:09:31.003377+00
2a4efa02-285e-46b8-910f-be5a938f81fc,Jun-26,Clothing,White Label,,Kids Solid Tights (With Design)- 1Pp-5-6Y,8904486411546,249,179,61159990,,Gsons,,,,,,,,,,,,,,,,,,,,,,,,,FALSE,2026-07-25 10:55:11.149924+00,2026-07-27 09:09:31.140637+00
2a54aba8-ce59-48a6-802e-2d7ffa80a918,2024,Back Packs,LES,RH2224,Les Multipurpose Travel Pouch Bag Rh2224 -Beige,8906176016635,499,249,,,RRPL,160,,https://yuzppjtjcfjvrjeqlygp.supabase.co/storage/v1/object/public/product-images/artical-all-8906176016635.jpg,,,,,,,,18,7.5,12.5,CM,,,,,,,,,,,FALSE,2026-07-21 11:40:52.027345+00,2026-07-27 09:09:31.270747+00
2a850e65-06c4-486f-b2a9-399ff4712f88,Sep-25,Home Utility,White Label,B5614B,Kitchen Sink Soap Dispenser Polyresin - B5614B,8904486406290,999,499,39249090,,Gsons,24,4,https://yuzppjtjcfjvrjeqlygp.supabase.co/storage/v1/object/public/product-images/artical-all-8904486406290.jpg,,,,,,,,38.3,46.8,47.1,,20.92,17.04,KG,,,,,,,,FALSE,2026-07-21 11:44:18.360695+00,2026-07-27 09:09:31.401079+00
2b138b0c-df8f-49f4-8f77-d69ab5d20048,Dec-25,Glass Ware,Home One,,Ho Annie New Black N White Mug 400Ml,8904132984165,399,199,69111011,494590344,RCPL,36,,,,,,,,,,381,277,520,MM,,16.8,,,,,,,,,FALSE,2026-07-25 10:53:09.014285+00,2026-07-27 09:09:31.526144+00
2b20f745-2299-4d97-af97-dc31adde7e96,2024,Back Packs,Livesmart,,Klb220909 Livesmart Expandable Large Backpack 35 Litre,8908021726195,9000,,,,RRPL,10,,https://yuzppjtjcfjvrjeqlygp.supabase.co/storage/v1/object/public/product-images/artical-all-8908021726195.jpg,,,,,,,,55,39,55,CM,,,,,,,,,,,FALSE,2026-07-21 11:38:29.060317+00,2026-07-27 09:09:31.658466+00
2bafeea7-b8d8-4358-8980-4ee7b65bfcba,May-26,Kitchen Utility,Home One,XL054,Ss Mesh Strainer 10Cm,8904132992283,299,179,,,RCPL,144,8,https://yuzppjtjcfjvrjeqlygp.supabase.co/storage/v1/object/public/product-images/artical-all-8904132992283.jpg,,,,,,,,53.5,49.5,62,CM,10.73,12.74,KG,31,10,10.5,CM,0.6,0.85,KG,FALSE,2026-07-20 04:29:22.270625+00,2026-07-27 09:09:31.792598+00
2bb9da5a-243c-4c06-9f69-ab0682adf5df,Jan-26,Clothing,White Label,CHQ24H119,Cap - Chq24H119 - Blue,8904486409161,599,299,65050090,,Gsons,100,10,https://yuzppjtjcfjvrjeqlygp.supabase.co/storage/v1/object/public/product-images/artical-all-8904486409161.jpg,,,,,,,,50,42,42,CM,8.6,9.2,KG,,,,,,,,FALSE,2026-07-20 04:27:38.144585+00,2026-07-27 09:09:31.929099+00
2bf3b6fc-7a51-41cf-8573-1decf388bcf5,Sep-25,Kitchen Utility,White Label,W7591C,Cutlery Holder  - W7591C,8904486406320,799,399,73239990,,Gsons,24,0,https://yuzppjtjcfjvrjeqlygp.supabase.co/storage/v1/object/public/product-images/2024-2025-723.jpg,,,,,,,,60,38,29,,8.4,7.2,KG,,,,,,,,FALSE,2026-07-21 11:44:19.860015+00,2026-07-27 09:09:32.057284+00
2c030fc7-0601-468d-80c9-18bda0db096f,Oct-25,Trolley,Travello,JHPPC023,"Trolley Bag Kt203-20"" Purple-Grey Blue",8904486406665,7000,,,,Gsons,1,,https://yuzppjtjcfjvrjeqlygp.supabase.co/storage/v1/object/public/product-images/artical-all-8904486406665.jpg,,,,,,,,49,30,75,CM,,,,,,,,,,,FALSE,2026-07-20 04:29:53.009817+00,2026-07-27 09:09:32.194525+00
2c534b4f-b468-4870-8f0d-95462a2ec582,Jul-26,Kitchen Utility,Home One,HK033,Home One Cleaver Knife 29.2 X 9Cm,8909606000969,1099,599,82119200,,RCPL,72,12,https://yuzppjtjcfjvrjeqlygp.supabase.co/storage/v1/object/public/product-images/artical-all-8909606000969.jpg,,,,,,,,24.8,39.8,39.6,CM,31,32.7,KG,38.5,26.6,12.2,CM,5.16,5.46012,KG,FALSE,2026-07-20 04:30:59.297931+00,2026-07-27 09:09:32.319913+00
2c9f0ad5-27ed-4805-aab2-4967ac2cf4f2,Dec-25,Basket,Home One,,Basket Black Colour,8904132967168,999,499,,,RCPL,,12,https://yuzppjtjcfjvrjeqlygp.supabase.co/storage/v1/object/public/product-images/artical-all-8904132967168.jpg,,,,,,,,52.2,41,27.1,CM,4.98,6.012,,,,,,,,,FALSE,2026-07-25 10:50:44.340804+00,2026-07-27 09:09:32.450085+00
2cc580f0-eb1f-490b-a05a-f698c0d2805f,Dec-25,Basket,White Label,,Multi-Purpose Plastic Basket With Handle -Pastel Pink,8904486407440,499,249,,,Gsons,10,,https://yuzppjtjcfjvrjeqlygp.supabase.co/storage/v1/object/public/product-images/artical-all-8904486407440.jpg,,,,,,,,27,26.5,56.5,CM,,4.96,KG,,,,,,,,FALSE,2026-07-20 04:26:05.663519+00,2026-07-27 09:09:32.574222+00
2cce2d04-1c70-4744-82fc-fc50173b981c,Jan-26,Beauty Tool,Blushlace,PE040068,Acne Needle Set Of 2,8904486409031,199,99,73296099,,RRPL,288,24,https://yuzppjtjcfjvrjeqlygp.supabase.co/storage/v1/object/public/product-images/artical-all-8904486409031.jpg,,,,,,,,,,,CM,,,,,,,,,,,FALSE,2026-07-20 04:27:26.953052+00,2026-07-27 09:09:32.708795+00
2cd00d33-7f06-4181-938c-bb25e73f5ded,Jul-26,LED,Gerat Elektro,GEFLN6D6,Diwali Diya Neon Light,8904486413731,4499,1299,94053000,,Gsons,12,,https://yuzppjtjcfjvrjeqlygp.supabase.co/storage/v1/object/public/product-images/artical-all-8904486413731.jpg,,,,,,,,,,,,,,,,,,,,,,FALSE,2026-07-20 04:30:48.401202+00,2026-07-27 09:09:32.834992+00
2cd6a64c-c9b8-430b-b897-c91dd4f0d5fd,2024,Locks,Gerat Cuisino,,Luggage Strap  Lock,8906176014853,749,299,,,Gsons,120,12,https://yuzppjtjcfjvrjeqlygp.supabase.co/storage/v1/object/public/product-images/artical-all-8906176014853.jpg,,,,,,,,56,56,37,CM,,,,56,24,11.5,,,,,FALSE,2026-07-21 11:40:00.91542+00,2026-07-27 09:09:32.964801+00
2cdac03b-7ecd-411a-8a4b-8ce931fc0cce,Jan-26,Beauty Tool,Blushlace,PC380650,Cosmetic Brush Set Of 5,8904486408997,599,299,96033020,,RRPL,192,24,https://yuzppjtjcfjvrjeqlygp.supabase.co/storage/v1/object/public/product-images/artical-all-8904486408997.jpg,,,,,,,,,,,CM,,,,,,,,,,,FALSE,2026-07-20 04:27:24.940411+00,2026-07-27 09:09:33.092896+00
2d101503-8efa-4d0d-8722-db024cf37129,Jul-25,Back Packs,Livesmart,KLM210421BL,Business Satche - Klm210421Bl Blue,8904486405651,6200,2480,42029900,,RRPL,10,,https://yuzppjtjcfjvrjeqlygp.supabase.co/storage/v1/object/public/product-images/artical-all-8904486405651.jpg,,,,,,,,45,32,40,CM,,,,,,,,,,,FALSE,2026-07-20 04:29:55.888153+00,2026-07-27 09:09:33.224287+00
2d647dcb-fa43-4833-aaa9-a3302f89fbc5,Feb-26,Basket,White Label,,Circular Ear Extraction Tray,8904486405057,499,229,,,Gsons,14,,https://yuzppjtjcfjvrjeqlygp.supabase.co/storage/v1/object/public/product-images/artical-all-8904486405057.jpg,,,,,,,,36,27,46,,,,,,,,,,,,FALSE,2026-07-20 04:28:28.132917+00,2026-07-27 09:09:33.349147+00
2e34573f-f1e1-4c56-8d98-00756f61c5ce,Dec-25,Umbrella,LES,green,"3 Fold -23 "" Digital Printed Umbrella - Green",8904486407662,899,599,,,RRPL,48,,https://yuzppjtjcfjvrjeqlygp.supabase.co/storage/v1/object/public/product-images/artical-all-8904486407662.jpg,,,,,,,,34,34,46,CM,,26,KG,,,,,,,,FALSE,2026-07-20 04:26:16.290693+00,2026-07-27 09:09:33.498234+00
2e5cd519-7ef1-4cc3-85de-39f2dda5e108,2024,Back Packs,Livesmart,,"Enl020515B Livesmart Bkpk 15.6""",8908021726867,4000,,,,RRPL,10,,https://yuzppjtjcfjvrjeqlygp.supabase.co/storage/v1/object/public/product-images/artical-all-8908021726867.jpg,,,,,,,,,,,CM,,,,,,,,,,,FALSE,2026-07-21 11:38:50.520848+00,2026-07-27 09:09:33.623818+00
2e6a6ae2-ec7c-44a6-9a80-5cb2d9b65c6a,2024,Home Utility,Home One,,Sticky Mop Holder - Sm1528,8908021726577,349,199,,,RCPL,,,https://yuzppjtjcfjvrjeqlygp.supabase.co/storage/v1/object/public/product-images/artical-all-8908021726577.jpg,,,,,,,,,,,,,,,,,,,,,,FALSE,2026-07-21 11:41:25.141331+00,2026-07-27 09:09:33.756831+00
2e750f46-dd88-48be-99f4-60ff4fd80961,Jun-26,Beauty Tool,Blushlace,TBA,Nail Sticker-M04,8904486413205,249,59,39199010,,RRPL,960,12,https://yuzppjtjcfjvrjeqlygp.supabase.co/storage/v1/object/public/product-images/artical-all-8904486413205.jpg,,,,,,,,55,35,30,CM,4.65,3.65,KG,10,5,16.5,CM,0.076,0.046,KG,FALSE,2026-07-20 04:30:07.962288+00,2026-07-27 09:09:33.8823+00
2eecbb69-05ab-447b-8af6-3f74fbfd5f8c,Jun-26,Clothing,White Label,,Men'S Polyester Design Ankle Socks- 2Pp-39-46,8904486411362,79,49,61159990,,Gsons,,,https://yuzppjtjcfjvrjeqlygp.supabase.co/storage/v1/object/public/product-images/artical-all-8904486411362.jpg,,,,,,,,,,,,,,,,,,,,,,FALSE,2026-07-25 10:55:07.182148+00,2026-07-27 09:09:34.023718+00
2f36acbf-000e-4cb7-a716-645690414f58,Jul-25,Kitchen Utility,Simply Smart,,Simply Smart Mf Ft Pk 3 20X20Cm Assort,8902901251708,20,,,494729216,RRPL,432,36,https://yuzppjtjcfjvrjeqlygp.supabase.co/storage/v1/object/public/product-images/artical-all-8902901251708.jpg,,,,,,,,48,36,41,CM,,,,,,,,,,,FALSE,2026-07-25 10:50:55.984136+00,2026-07-27 09:09:34.151603+00
2fb905cc-b176-402f-9895-5116c8fa66a3,Dec-25,Glass Ware,Home One,,Ho New Eva Swan With Ep Mug 350Ml,8904132983762,399,199,69111011,494590328,RCPL,24,6,,,,,,,,,398,266,252,MM,,6.9,,251,190,105,MM,,1.57,,FALSE,2026-07-25 10:53:05.307388+00,2026-07-27 09:09:34.285545+00
30360f45-48a2-4c43-9ebf-e70f340319eb,Jun-26,Clothing,White Label,,Infant Design Tights (With Foot)-Aop-1Pp-12-18M,8904486411683,249,179,61159990,,Gsons,,,,,,,,,,,,,,,,,,,,,,,,,FALSE,2026-07-25 10:55:14.328273+00,2026-07-27 09:09:34.411616+00
3072dbdb-b351-41e5-81b3-190e28db4900,Dec-25,Umbrella,LES,lime green,"3 Fold - 21"" - Solid -Auto Open / Close Umbrella
21“*8K-Lime Green",8904486407914,449,299,,,RRPL,60,,https://yuzppjtjcfjvrjeqlygp.supabase.co/storage/v1/object/public/product-images/artical-all-8904486407914.jpg,,,,,,,,50.5,30.5,30,CM,,20.98,KG,,,,,,,,FALSE,2026-07-20 04:26:26.948318+00,2026-07-27 09:09:34.54307+00
308d5658-dde3-45a3-924a-862951f03816,May-26,Stationery,Quickworks,,Xd1928 Glitter Shaker 6X50 Gms,8906176011043,499,299,,,RCPL,96,12,https://yuzppjtjcfjvrjeqlygp.supabase.co/storage/v1/object/public/product-images/artical-all-8906176011043.jpg,,,,,,,,42.2,28.5,31.5,CM,10.7,11.6,,27.2,20.3,7.2,CM,,,,FALSE,2026-07-21 11:39:40.572747+00,2026-07-27 09:09:34.667724+00
310d7289-070e-4562-b35c-4575a396064e,Dec-25,Umbrella,LES,brown,"27"" -16K- Straight Umbrella - Brown",8904486408188,699,499,,,RRPL,12,,https://yuzppjtjcfjvrjeqlygp.supabase.co/storage/v1/object/public/product-images/artical-all-8904486408188.jpg,,,,,,,,105,17,13,CM,,8,KG,,,,,,,,FALSE,2026-07-20 04:26:37.631194+00,2026-07-27 09:09:34.797403+00
3174036c-9cdd-4061-a1cb-266eac7b06ca,Jul-26,Glass Ware,Home One,B35-J0014,Ho Annie Od Mug 350,8909606002543,499,199,69111029,494608493,RCPL,24,12,https://yuzppjtjcfjvrjeqlygp.supabase.co/storage/v1/object/public/product-images/artical-all-8909606002543.jpg,,,,,,,,438,285,258,,,8.7,KG,423,270,95,MM,,4.35,KG,FALSE,2026-07-20 04:31:10.408822+00,2026-07-27 09:09:34.923209+00
318cc76d-d8ba-4f89-843b-d299905fb39c,Dec-25,Kitchen Utility,Home One,JX316,Multipurpose Peeler,8904132955318,199,89,,,RCPL,144,12,https://yuzppjtjcfjvrjeqlygp.supabase.co/storage/v1/object/public/product-images/artical-all-8904132955318.jpg,,,,,,,,55.5,47.5,28,CM,,,,22.5,20,13,CM,,,,FALSE,2026-07-20 04:29:04.611955+00,2026-07-27 09:09:35.060098+00
320d6368-4b2b-4ae8-b4c8-9d36d27d4590,Jan-25,Glass Ware,Home One,2501XZ781,Homeone Flabio Glass Jar 300 Ml,8904132956964,119,59,,,RCPL,48,12,https://yuzppjtjcfjvrjeqlygp.supabase.co/storage/v1/object/public/product-images/artical-all-8904132956964.jpg,,,,,,,,390,290,380,MM,,,,370,273,42,MM,,,,FALSE,2026-07-21 11:43:16.927602+00,2026-07-27 09:09:35.188529+00
325c80c5-dcd2-43b2-a239-57d4a3807488,Jul-26,Glass Ware,Home One,BRJD343-13999,Ho Iris Granular Sipper 320Ml,8904132983816,399,199,69111029,494590333,RCPL,36,12,https://yuzppjtjcfjvrjeqlygp.supabase.co/storage/v1/object/public/product-images/artical-all-8904132983816.jpg,,,,,,,,395,295,360,MM,,11.4,KG,376,285,109,MM,,3.6,KG,FALSE,2026-07-20 04:31:00.92828+00,2026-07-27 09:09:35.317325+00
3266b396-96e9-4fd4-b51a-0c78e4e9febf,Dec-25,Glass Ware,Home One,,Ho Annie New Carpet Goldline Mug 340Ml,8904132984127,399,199,69111011,494590340,RCPL,36,,,,,,,,,,393,313,463,MM,,14.5,,,,,,,,,FALSE,2026-07-25 10:53:08.388845+00,2026-07-27 09:09:35.445677+00
326b5e48-5607-4ba7-9708-6a952647380f,2024,Clock,Gerat Elektro,,Wall Clock - 730-D-10,8906176010169,899,449,,,Gsons,,,https://yuzppjtjcfjvrjeqlygp.supabase.co/storage/v1/object/public/product-images/artical-all-8906176010169.jpg,,,,,,,,,,,,,,,,,,,,,,FALSE,2026-07-21 11:41:32.675818+00,2026-07-27 09:09:35.573784+00
329fe43b-9e30-4a6f-88a1-84f486f936a0,Dec-25,Glass Ware,Home One,,Ho Annie New Quotes Mug 400Ml,8904132984196,499,249,69111011,494590347,RCPL,36,,,,,,,,,,381,277,520,MM,,16.8,,,,,,,,,FALSE,2026-07-25 10:53:09.459021+00,2026-07-27 09:09:35.697939+00
32bc0e0d-bb78-4b37-8b08-dc3ff9317a7c,Jan-25,Clock,Kabel,,Digital Clock Ge-632Nw Black+Red,8908020474264,999,349,,494605699,Unlimitive,,,https://yuzppjtjcfjvrjeqlygp.supabase.co/storage/v1/object/public/product-images/2024-2025-507.jpg,,,,,,,,,,,,,,,,,,,,,,FALSE,2026-07-21 11:42:49.749191+00,2026-07-27 09:09:35.834355+00
32fa488e-b933-4106-8c4a-684d99a4d734,2024,Back Packs,LES,,Drawstring Foldable Backpack Light Flemingo,8906176017021,1299,499,,,RRPL,50,1,https://yuzppjtjcfjvrjeqlygp.supabase.co/storage/v1/object/public/product-images/artical-all-8906176017021.jpg,,,,,,,,40,45,35,CM,,,,,,,,,,,FALSE,2026-07-21 11:40:26.92658+00,2026-07-27 09:09:35.960511+00
33298898-358f-4bf0-bb37-553319ccfbbb,Dec-25,Basket,White Label,W005,"Multi-Purpose Plastic Basket With Double
  Handle- Red",8904486407419,899,449,,,Gsons,8,,https://yuzppjtjcfjvrjeqlygp.supabase.co/storage/v1/object/public/product-images/artical-all-8904486407419.jpg,,,,,,,,43.5,27.5,58.3,CM,,7.72,KG,,,,,,,,FALSE,2026-07-20 04:26:06.742009+00,2026-07-27 09:09:36.092038+00
33594bda-4afe-4c26-b03c-614676119b55,2024,Back Packs,LES,RH2316,Les Multipurpose Travel Pouch Bag Rh2316 -Black,8906176016611,699,349,,,RRPL,120,,https://yuzppjtjcfjvrjeqlygp.supabase.co/storage/v1/object/public/product-images/artical-all-8906176016611.jpg,,,,,,,,24,10,18,CM,,,,,,,,,,,FALSE,2026-07-21 11:40:50.938435+00,2026-07-27 09:09:36.227158+00
335e77c7-dbd2-4920-9779-bf8c09078e86,2024,Back Packs,Livesmart,,Livesmart Expander Backpack 40L Grey,8906176015904,7500,,,,RRPL,10,1,https://yuzppjtjcfjvrjeqlygp.supabase.co/storage/v1/object/public/product-images/artical-all-8906176015904.jpg,,,,,,,,57,41,78,CM,,,,,,,,,,,FALSE,2026-07-21 11:40:10.740042+00,2026-07-27 09:09:36.361158+00
33a8be4a-b681-4883-9b88-6d1e88066a5f,Dec-25,Beauty Tool,Simply Smart,HA40167-1 P12,Hair Band Set Of 12,8904486408423,70,35,,,RRPL,,,https://yuzppjtjcfjvrjeqlygp.supabase.co/storage/v1/object/public/product-images/artical-all-8904486408423.jpg,,,,,,,,,,,,,,,,,,,,,,FALSE,2026-07-20 04:26:47.535459+00,2026-07-27 09:09:36.491095+00
33b4a73c-504e-449b-9eb9-d6203a445d43,Jan-25,Beauty Tool,Gerat Essentials,,Paddle Hair Brush,8904486402063,199,99,,,Gsons,,,https://yuzppjtjcfjvrjeqlygp.supabase.co/storage/v1/object/public/product-images/artical-all-8904486402063.jpg,,,,,,,,,,,,,,,,,,,,,,FALSE,2026-07-21 11:43:02.264276+00,2026-07-27 09:09:36.623043+00
341f4fde-8d7a-438a-98db-412e2a27a807,Jul-25,Back Packs,Livesmart,EW45117B,Expander Travel Backpack,8904486405361,4999,1499,,,RRPL,12,,https://yuzppjtjcfjvrjeqlygp.supabase.co/storage/v1/object/public/product-images/artical-all-8904486405361.jpg,,,,,,,,75,40,48,,13.7,12.2,KG,,,,,,,,FALSE,2026-07-20 04:29:09.787387+00,2026-07-27 09:09:36.749523+00
345638aa-ce28-4d7f-9a91-cc56e1f53c09,2024,Clothing,White Label,,Cap-Ch24Ah104,8906176019155,499,399,65050090,,Gsons,100,10,https://yuzppjtjcfjvrjeqlygp.supabase.co/storage/v1/object/public/product-images/artical-all-8906176019155.jpg,,,,,,,,63,43,20,CM,6,6.8,KG,,,,,,,,FALSE,2026-07-21 11:42:18.856782+00,2026-07-27 09:09:36.887329+00
34aface7-e350-46fd-8123-6ed5fdd99454,Oct-25,Trolley,Travello,,"Trolley Bag Kt202-28"" Black",8904486406566,10000,,,,Gsons,1,,https://yuzppjtjcfjvrjeqlygp.supabase.co/storage/v1/object/public/product-images/artical-all-8904486406566.jpg,,,,,,,,49,30,75,CM,,,,,,,,,,,FALSE,2026-07-20 04:29:49.324885+00,2026-07-27 09:09:37.010015+00
34dd8d5c-29a8-4554-8619-69449b0bbc67,2024,Wallets,LES,,Les Ladies Wallet Y9010-1 Dark Rose,8906176018462,799,399,,,RRPL,150,,https://yuzppjtjcfjvrjeqlygp.supabase.co/storage/v1/object/public/product-images/artical-all-8906176018462.jpg,,,,,,,,540,380,420,MM,19,20,KG,,,,,,,,FALSE,2026-07-21 11:41:54.352138+00,2026-07-27 09:09:37.148905+00
351685d5-877b-4395-b4fe-6545af438ed8,Jul-25,Back Packs,Livesmart,KLB240915BK,Business Backpack - Klb240915Bk Black,8904486405569,8500,3400,42029900,,RRPL,10,,https://yuzppjtjcfjvrjeqlygp.supabase.co/storage/v1/object/public/product-images/artical-all-8904486405569.jpg,,,,,,,,71,65,48,CM,,,,,,,,,,,FALSE,2026-07-20 04:29:55.135443+00,2026-07-27 09:09:37.279553+00
3533342d-7ae2-4642-8229-98bf12a36f67,2024,LED,Gerat Elektro,,Geflw100D6,8906176010282,399,299,,,Gsons,50,,https://yuzppjtjcfjvrjeqlygp.supabase.co/storage/v1/object/public/product-images/artical-all-8906176010282.jpg,,,,,,,,,,,CM,,,,,,,,,,,FALSE,2026-07-21 11:38:45.291534+00,2026-07-27 09:09:37.410521+00
35527e4f-fc10-4a30-bd85-48fcc70e72c9,2024,Planters,Great Porcelo,,Ceramic Planter Cx3051,8908021726621,599,,,,Gsons,,,https://yuzppjtjcfjvrjeqlygp.supabase.co/storage/v1/object/public/product-images/artical-all-8908021726621.jpg,,,,,,,,,,,,,,,,,,,,,,FALSE,2026-07-21 11:41:04.334541+00,2026-07-27 09:09:37.533922+00
3572f384-1271-4403-a1d0-b112d2c3edab,Jun-26,Clothing,White Label,,Quarter Boy'S Cosy Socks With Abs - 1Pp-6-8Y,8904486411416,99,69,61159990,,Gsons,,,https://yuzppjtjcfjvrjeqlygp.supabase.co/storage/v1/object/public/product-images/artical-all-8904486411416.jpg,,,,,,,,,,,,,,,,,,,,,,FALSE,2026-07-25 10:55:08.33005+00,2026-07-27 09:09:37.664908+00
359203e2-58df-4346-a16e-844e824569ed,2024,Umbrella,LES,,Umbrella - Cs009,8906176010824,699,499,,,RRPL,18,,https://yuzppjtjcfjvrjeqlygp.supabase.co/storage/v1/object/public/product-images/artical-all-8906176010824.jpg,,,,,,,,94.5,27.5,15,CM,,,,,,,,,,,FALSE,2026-07-21 11:39:18.972649+00,2026-07-27 09:09:37.787917+00
359bf564-82fb-4ce2-9543-15961d9881b7,Jan-25,Home Utility,Home One,,Plastic Hook 4 Bar,8904132910508,349,199,,,RCPL,,,https://yuzppjtjcfjvrjeqlygp.supabase.co/storage/v1/object/public/product-images/artical-all-8904132910508.jpg,,,,,,,,60,34,42,CM,,,,,,,,,,,FALSE,2026-07-25 10:49:48.405214+00,2026-07-27 09:09:37.922195+00
35cf9c1e-84a8-48e4-9a25-9891875cf3fe,2024,Clock,Gerat Elektro,,Wall Clock - D3070-02-10,8906176010091,999,499,,,Gsons,,,https://yuzppjtjcfjvrjeqlygp.supabase.co/storage/v1/object/public/product-images/artical-all-8906176010091.jpg,,,,,,,,,,,,,,,,,,,,,,FALSE,2026-07-21 11:41:29.956685+00,2026-07-27 09:09:38.046209+00
364490eb-dbca-4d04-b88a-dd1560ccdb6e,Feb-26,Basket,White Label,,Woven Pl Flat Basket,8906176015027,159,79,,494485006,Gsons,24,,https://yuzppjtjcfjvrjeqlygp.supabase.co/storage/v1/object/public/product-images/artical-all-8906176015027.jpg,,,,,,,,25,25,43,,,,,,,,,,,,FALSE,2026-07-20 04:28:20.402451+00,2026-07-27 09:09:38.178585+00
36b463a6-0dd3-44b2-aec9-e4aad90050cb,Jan-26,Clothing,White Label,CH24H071,Cap - Ch24H071 - White,8904486409260,399,199,65050090,,Gsons,100,10,https://yuzppjtjcfjvrjeqlygp.supabase.co/storage/v1/object/public/product-images/artical-all-8904486409260.jpg,,,,,,,,45,42,41,CM,7.4,8,KG,,,,,,,,FALSE,2026-07-20 04:27:43.25276+00,2026-07-27 09:09:38.430568+00
36d3ea71-5098-4188-b5b6-2f4ee44070d8,Jan-25,Clock,Gerat Elektro,632,Digital Clock Ge-632Dc Dark Grey,8904486401790,999,349,,494605697,Gsons,,,,,,,,,,,,,,,,,,,,,,,,,FALSE,2026-07-21 11:42:48.919672+00,2026-07-27 09:09:38.554357+00
36ff76b3-1350-4a8e-adad-1b9f38fc9d09,Dec-25,Beauty Tool,Simply Smart,PB330440P3,Hair Sctunchies Set Of 3,8904486408768,149,59,,,RRPL,288,24,https://yuzppjtjcfjvrjeqlygp.supabase.co/storage/v1/object/public/product-images/artical-all-8904486408768.jpg,,,,,,,,40,40,30,CM,4.3,5.35,KG,,,,,,,KG,FALSE,2026-07-20 04:26:54.093615+00,2026-07-27 09:09:38.686286+00
373df120-b96e-4ec8-811a-762618f99be0,Oct-25,Back Packs,LES,,Sling Bag-Ep094D - Cream,8904486406719,1499,749,,,RRPL,30,,https://yuzppjtjcfjvrjeqlygp.supabase.co/storage/v1/object/public/product-images/artical-all-8904486406719.jpg,,,,,,,,,,,,,,,,,,,,,,FALSE,2026-07-21 11:44:32.722937+00,2026-07-27 09:09:38.817594+00
3740ca28-8754-4e23-a938-71fc53801514,Feb-26,Basket,White Label,,Woven Pl Long Basket Cane Brown,8906176014969,249,99,,494484998,Gsons,12,,https://yuzppjtjcfjvrjeqlygp.supabase.co/storage/v1/object/public/product-images/artical-all-8906176014969.jpg,,,,,,,,31,16,31,,,,,,,,,,,,FALSE,2026-07-20 04:28:19.187312+00,2026-07-27 09:09:38.946798+00
3781dd29-9634-4091-a5f6-51a282d08721,2024,Back Packs,Gerat Elektro,,Outdoor Active Backpack 18L-Np2901,8906176010503,1999,699,,,Gsons,10,,https://yuzppjtjcfjvrjeqlygp.supabase.co/storage/v1/object/public/product-images/artical-all-8906176010503.jpg,,,,,,,,35,39,50,CM,,,,,,,,,,,FALSE,2026-07-21 11:39:01.925372+00,2026-07-27 09:09:39.073116+00
37c127b6-ea09-4b10-961f-e423be619831,Dec-25,Umbrella,LES,Navy blue,"23"" -16K- Straight Umbrella -Cs009-2
23”*16K-Navy Blue",8904486408010,699,499,,,RRPL,40,,https://yuzppjtjcfjvrjeqlygp.supabase.co/storage/v1/object/public/product-images/artical-all-8904486408010.jpg,,,,,,,,99,23,50,CM,,23.6,KG,,,,,,,,FALSE,2026-07-20 04:26:31.046977+00,2026-07-27 09:09:39.211941+00
37d089cf-486f-4e18-9546-14601275ed47,Jun-26,Bedsheet,Ulhaas,,Double Bed Linen Set,8909606001768,2699,799,63041990,494608237,RCPL,12,,https://yuzppjtjcfjvrjeqlygp.supabase.co/storage/v1/object/public/product-images/artical-all-8909606001768.jpg,,,,,,,,57,39,34,CM,,19.5,KG,,,,,,,,FALSE,2026-07-20 04:30:40.129734+00,2026-07-27 09:09:39.343627+00
386ac262-7fd1-40f8-b06e-01cae0c39eee,2024,Back Packs,Livesmart,,Livesmart Hiking Backpack 40L Blue Dp23-Hw024,8906176014693,6500,2600,,,RRPL,5,5,https://yuzppjtjcfjvrjeqlygp.supabase.co/storage/v1/object/public/product-images/artical-all-8906176014693.jpg,,,,,,,,64,39,46,CM,,,,,,,,,,,FALSE,2026-07-21 11:40:29.99157+00,2026-07-27 09:09:39.48418+00
3879e282-6132-473b-be31-3ee438015af0,Sep-25,Home Utility,White Label,WR5765-5 64CM,5 Tiers Shoe Rack - Wr5765,8904486406160,1199,599,94031010,,Gsons,4,0,https://yuzppjtjcfjvrjeqlygp.supabase.co/storage/v1/object/public/product-images/artical-all-8904486406160.jpg,,,,,,,,83,17.5,21.5,CM,3.44,4.51,KG,,,,,,,,FALSE,2026-07-21 11:44:11.064667+00,2026-07-27 09:09:39.605507+00
38f787c9-28b1-42cc-9100-b25adda16dcb,Jul-26,Beauty Tool,Blushlace,,Hair Oiling Comb,8904486414011,199,79,96151900,,RRPL,288,24,https://yuzppjtjcfjvrjeqlygp.supabase.co/storage/v1/object/public/product-images/artical-all-8904486414011.jpg,,,,,,,,46.5,46.5,43.5,CM,10.9152,13.4152,,22.5,22.5,14,CM,0.9096,1.4096,,FALSE,2026-07-25 10:55:04.424209+00,2026-07-27 09:09:39.737483+00
39416abd-3d86-4ce8-9477-f7029e887216,Oct-25,Trolley,Travello,,"Trolley Bag Kt201-24"" Grey Blue",8904486406467,10000,,,,Gsons,1,,https://yuzppjtjcfjvrjeqlygp.supabase.co/storage/v1/object/public/product-images/artical-all-8904486406467.jpg,,,,,,,,49,30,75,CM,,,,,,,,,,,FALSE,2026-07-20 04:29:45.888757+00,2026-07-27 09:09:39.86508+00
39698858-36cb-4517-94b9-d50317ee3b62,Jul-25,Back Packs,Livesmart,,Business Backpack - Klb230206Pl Purple,8904486405583,5999,2400,42029900,,RRPL,10,,https://yuzppjtjcfjvrjeqlygp.supabase.co/storage/v1/object/public/product-images/artical-all-8904486405583.jpg,,,,,,,,45,33,47,CM,7.5,9,,,,,,,,,FALSE,2026-07-25 10:51:11.340817+00,2026-07-27 09:09:39.999098+00
396f5e17-fa2c-416a-b90b-1219724cdf6c,May-26,Back Packs,LES,Light Blue,Multipurpose Travel Pouch Pouch Bag So3- Ytj001 Light Blue,8906176016581,999,499,,,RRPL,40,,https://yuzppjtjcfjvrjeqlygp.supabase.co/storage/v1/object/public/product-images/artical-all-8906176016581.jpg,,,,,,,,60,45,30,CM,12.5,13.5,KG,,,,CM,,,,FALSE,2026-07-20 04:29:34.107424+00,2026-07-27 09:09:40.133413+00
39aa822d-8901-4046-ad08-d3ece58c02b9,Jul-25,Home Utility,Happy Living,RHAN25053005,Storage Small Box,8904132968561,119,59,42022990,,RCPL,96,48,https://yuzppjtjcfjvrjeqlygp.supabase.co/storage/v1/object/public/product-images/artical-all-8904132968561.jpg,,,,,,,,42,33,29,CM,7.4,7,KG,30,18,28,CM,,7.2,KG,FALSE,2026-07-20 04:28:59.965414+00,2026-07-27 09:09:40.290735+00
39b9f4f2-6349-4419-985b-d7d8adcdcebd,Dec-25,Basket,White Label,W002,Multi-Purpose Plastic Basket With Handle -Pastel Blue,8904486407402,499,249,,,Gsons,10,,,,,,,,,,27,26.5,56.5,CM,,4.96,KG,,,,,,,,FALSE,2026-07-20 04:26:04.979592+00,2026-07-27 09:09:40.419129+00
3a177f3c-7054-42a6-9254-796440b74d47,Dec-25,Umbrella,LES,purple,"23"" -16K- Straight Umbrella -Cs009-2
23”*16K-Purple",8904486408027,699,499,,,RRPL,40,,https://yuzppjtjcfjvrjeqlygp.supabase.co/storage/v1/object/public/product-images/artical-all-8904486408027.jpg,,,,,,,,99,23,50,CM,,23.6,KG,,,,,,,,FALSE,2026-07-20 04:26:31.45869+00,2026-07-27 09:09:40.555374+00
3a31e4e7-cb39-4a96-921e-395324a7e11c,Jan-25,Stationery,Gerat Essentials,H-8215,Pencil Box - 8215,8904486405163,399,199,,,Gsons,,,https://yuzppjtjcfjvrjeqlygp.supabase.co/storage/v1/object/public/product-images/artical-all-8904486405163.jpg,,,,,,,,54.5,45.5,49.5,CM,,26.7,,,,,,,,,FALSE,2026-07-21 11:43:26.724098+00,2026-07-27 09:09:40.679104+00
3a4558fc-fd09-462c-b5fb-9dd9356ac412,Jan-26,Stationery,White Label,WDN5002,Middle Size Waste Bin,8904486409390,399,199,73269099,,Gsons,,,https://yuzppjtjcfjvrjeqlygp.supabase.co/storage/v1/object/public/product-images/artical-all-8904486409390.jpg,,,,,,,,27,27,68,CM,,,,,,,,,,,FALSE,2026-07-20 04:27:35.342518+00,2026-07-27 09:09:40.813127+00
3a577710-6365-4442-9db4-59f8871c89ef,Sep-25,Home Utility,White Label,BA5048,Set Of 6 Drawer Divider - Ba5048,8904486405880,159,79,39241090,,Gsons,60,0,https://yuzppjtjcfjvrjeqlygp.supabase.co/storage/v1/object/public/product-images/artical-all-8904486405880.jpg,,,,,,,,42,35,23,CM,13.62,14.08,KG,,,,,,,,FALSE,2026-07-21 11:43:55.741982+00,2026-07-27 09:09:40.942308+00
3a659bfb-78ef-440a-9ba5-606b7b78f9cc,Dec-25,Back Packs,Livesmart,,Backpack Green - Dp-T105,8904486408652,3999,1699,,,RRPL,10,,https://yuzppjtjcfjvrjeqlygp.supabase.co/storage/v1/object/public/product-images/artical-all-8904486408652.jpg,,,,,,,,,,,,,,,,,,,,,,FALSE,2026-07-20 04:27:01.550095+00,2026-07-27 09:09:41.071892+00
3a8ada3a-254d-46b2-bb58-8190585910ae,Jul-25,Stationery,Quickworks,,Quickwork Tack Glue 50G 1Pc,8904132967724,149,99,35061000,,RCPL,144,24,https://yuzppjtjcfjvrjeqlygp.supabase.co/storage/v1/object/public/product-images/artical-all-8904132967724.jpg,,,,,,,,33.7,31,23,CM,11.2,10.5,,,,,,,,,FALSE,2026-07-25 10:51:06.72068+00,2026-07-27 09:09:41.198477+00
3ac2e034-003a-4bbb-aab4-c42df8891508,Dec-25,Umbrella,LES,red,"3 Fold - 21"" - Solid -Auto Open / Close Umbrella
21“*8K-Red",8904486408324,449,299,,,RRPL,60,,https://yuzppjtjcfjvrjeqlygp.supabase.co/storage/v1/object/public/product-images/artical-all-8904486408324.jpg,,,,,,,,50.5,30.5,30,CM,,20.98,KG,,,,,,,,FALSE,2026-07-20 04:26:26.172081+00,2026-07-27 09:09:41.333625+00
3af70b66-1ce5-4d8d-8e1d-516babee350f,Nov-25,Glass Ware,Home One,,Traceless Hook 2 Pcs Set,8904132985384,119,59,39249090,,RCPL,192,24,https://yuzppjtjcfjvrjeqlygp.supabase.co/storage/v1/object/public/product-images/artical-all-8904132985384.jpg,,,,,,,,68,51.5,41,,3.45,7.4,,,,,,,,,FALSE,2026-07-25 10:52:02.786755+00,2026-07-27 09:09:41.463883+00
3b0d77ef-4468-4ea9-b21b-7a3820aea6ae,Nov-25,Home Utility,White Label,SX-575-1,1.5L Sprayer,8904486404876,298,199,,,Gsons,15,,https://yuzppjtjcfjvrjeqlygp.supabase.co/storage/v1/object/public/product-images/artical-all-8904486404876.jpg,,,,,,,,585,360,300,MM,4.3,3.4,KG,,,,,,,,FALSE,2026-07-20 04:28:10.805512+00,2026-07-27 09:09:41.59456+00
3b3bd9c5-7d88-49ad-acb3-1b9e5a636540,2024,Planters,Great Porcelo,,Ceramic Planter Tx0683000012,8908021726782,499,,,,Gsons,,,https://yuzppjtjcfjvrjeqlygp.supabase.co/storage/v1/object/public/product-images/artical-all-8908021726782.jpg,,,,,,,,,,,,,,,,,,,,,,FALSE,2026-07-21 11:41:10.73211+00,2026-07-27 09:09:41.718372+00
3b4d9b88-e8a7-4acd-ac44-26e76bc81aeb,Dec-25,Home Utility,Gerat Cuisino,GCTB02,Stainless Steel Trash Bin 10L,8904486401233,1999,999,,,Gsons,4,,https://yuzppjtjcfjvrjeqlygp.supabase.co/storage/v1/object/public/product-images/artical-all-8904486401233.jpg,,,,,,,,50,50,34.5,,,,,,,,,,,,FALSE,2026-07-20 04:26:45.250598+00,2026-07-27 09:09:41.849239+00
3b74781a-4b82-472c-98b2-4629997c42bf,2024,Trolley,Livesmart,,Les Magicase Trolley Bag18L,8906176014778,10999,4999,,,RRPL,4,1,https://yuzppjtjcfjvrjeqlygp.supabase.co/storage/v1/object/public/product-images/artical-all-8906176014778.jpg,,,,,,,,,,,CM,,,,,,,,,,,FALSE,2026-07-21 11:40:05.638833+00,2026-07-27 09:09:41.977027+00
3bcaf2f8-42e3-4e5b-898d-a50ce01d2232,Dec-25,Back Packs,Livesmart,DP-BKP106,Backpack Black - Dp-Bkp106,8904486408591,5999,2499,,,RRPL,10,,https://yuzppjtjcfjvrjeqlygp.supabase.co/storage/v1/object/public/product-images/artical-all-8904486408591.jpg,,,,,,,,,,,,,,,,,,,,,,FALSE,2026-07-20 04:26:58.249282+00,2026-07-27 09:09:42.110333+00
3bd42ab0-7535-4b4a-96f5-f08ea3c80bb4,Oct-25,Kitchen Utility,Home One,,Drum Grater - Ps336A,8908021726843,1295,799,,,RCPL,12,,https://yuzppjtjcfjvrjeqlygp.supabase.co/storage/v1/object/public/product-images/artical-all-8908021726843.jpg,,,,,,,,56,48,28,,8.04,10.83,,,,,,,,,FALSE,2026-07-21 11:38:47.489204+00,2026-07-27 09:09:42.283379+00
3c185e03-0daa-4657-bc53-f12b05c3c6c7,2024,Back Packs,Livesmart,,Livesmart Hiking Backpack 20L Black - Dptb20006,8906176014686,3750,1500,,,RRPL,5,5,https://yuzppjtjcfjvrjeqlygp.supabase.co/storage/v1/object/public/product-images/artical-all-8906176014686.jpg,,,,,,,,51,37,21,CM,,,,,,,,,,,FALSE,2026-07-21 11:40:28.636592+00,2026-07-27 09:09:42.413362+00
3c279f7e-3c54-4d4b-9b5c-6119775ec068,2024,Back Packs,LES,RH2311,Les  Multipurpose Travel Pouch Bag Rh2311 - Pink,8906176016741,399,199,,,RRPL,150,,https://yuzppjtjcfjvrjeqlygp.supabase.co/storage/v1/object/public/product-images/artical-all-8906176016741.jpg,,,,,,,,23,11.5,11.5,CM,,,,,,,,,,,FALSE,2026-07-21 11:40:57.904818+00,2026-07-27 09:09:42.535593+00
3c31930a-dec1-476d-a24d-5e629d7c4a62,Jul-26,Stationery,Simply Smart,,Wooden Spork 1.5Mm 30Pc,8904486413953,90,45,44199090,,RRPL,144,,,,,,,,,,44,38,34.5,CM,10.5,11,KG,,,,,,,,FALSE,2026-07-20 04:30:59.851069+00,2026-07-27 09:09:42.677309+00
3c635cc0-4237-4b3f-bc7f-45981a902823,2024,Trolley,Travello,,Travello Trolley Bag - Kt03 - Blue,8908020474240,6999,,,,Gsons,1,,https://yuzppjtjcfjvrjeqlygp.supabase.co/storage/v1/object/public/product-images/artical-all-8908020474240.jpg,,,,,,,,39,21.5,57,CM,,,,,,,,,,,FALSE,2026-07-21 11:40:37.274292+00,2026-07-27 09:09:42.800994+00
3c7bd11a-a0a1-4c25-a17b-75daf7e98c2a,Sep-25,Home Utility,White Label,BA5072A,Plastic Shoe Box - Ba5072A,8904486405897,799,399,39231090,,Gsons,6,0,https://yuzppjtjcfjvrjeqlygp.supabase.co/storage/v1/object/public/product-images/artical-all-8904486405897.jpg,,,,,,,,45,28,19,CM,3.8,4.5,KG,,,,,,,,FALSE,2026-07-21 11:43:56.227803+00,2026-07-27 09:09:42.937509+00
3cc4720d-74d7-46f9-8fda-e4c39dcb50a8,Nov-25,Glass Ware,White Label,AK101 700ML,Pc Bottle 700 Ml,8904486406870,399,199,39241090,,Gsons,72,24,https://yuzppjtjcfjvrjeqlygp.supabase.co/storage/v1/object/public/product-images/artical-all-8904486406870.jpg,,,,,,,,57,36,50,CM,,,,,,,,,,,FALSE,2026-07-21 11:44:39.677918+00,2026-07-27 09:09:43.063257+00
3ccdf8e0-ca1f-490f-8f0a-4386ee43cf77,Jul-26,Glass Ware,Home One,YM25239,Ho Eva Quotes Mug 350Ml,8909606002130,499,199,69111029,494608336,RCPL,24,12,https://yuzppjtjcfjvrjeqlygp.supabase.co/storage/v1/object/public/product-images/artical-all-8909606002130.jpg,,,,,,,,430,305,230,MM,,7.28,KG,410,290,107,MM,,3.44,KG,FALSE,2026-07-20 04:31:03.028041+00,2026-07-27 09:09:43.193191+00
3cfec17a-acc8-4fca-bc0b-f0f9b7fb91ea,2024,Stationery,Quickworks,,Origamy Colour  Paper A4-50,8906176010916,199,79,,,RCPL,50,50,https://yuzppjtjcfjvrjeqlygp.supabase.co/storage/v1/object/public/product-images/artical-all-8906176010916.jpg,,,,,,,,30.5,22,30,CM,,,,,,,,,,,FALSE,2026-07-21 11:39:24.559772+00,2026-07-27 09:09:43.31765+00
3d0b4dc0-a1ee-4a90-bbd5-5dc46d0203ed,Feb-26,Basket,White Label,,Woven Jali Pl Round Basket Cane Brown,8906176014983,279,129,,494485000,Gsons,12,,https://yuzppjtjcfjvrjeqlygp.supabase.co/storage/v1/object/public/product-images/artical-all-8906176014983.jpg,,,,,,,,26,26,38,,,,,,,,,,,,FALSE,2026-07-20 04:28:26.448644+00,2026-07-27 09:09:43.445764+00
3d1bc219-96c6-4b59-9f6d-dc19e513a22d,2024,Back Packs,White Label,CH24B463,Chest Bag Ch24B463 Black,8906176018165,599,299,,,Gsons,100,,https://yuzppjtjcfjvrjeqlygp.supabase.co/storage/v1/object/public/product-images/artical-all-8906176018165.jpg,,,,,,,,40,60,52,CM,,,,,,,,,,,FALSE,2026-07-21 11:41:44.222112+00,2026-07-27 09:09:43.567917+00
3d22446b-f05f-4690-bd67-1510b14c4685,2024,Back Packs,LES,RH2224,Les Multipurpose Travel Pouch  Bag Rh2224 -Pink,8906176016642,499,249,,,RRPL,160,,https://yuzppjtjcfjvrjeqlygp.supabase.co/storage/v1/object/public/product-images/artical-all-8906176016642.jpg,,,,,,,,18,7.5,12.5,CM,,,,,,,,,,,FALSE,2026-07-21 11:40:52.564958+00,2026-07-27 09:09:43.707133+00
3d2ef5d9-1e0f-4526-8930-d28bcca58788,2024,Glass Ware,Home One,,Glass Cups 150Ml Set Of 2,8904132977518,799,349,,,RCPL,12,2,https://yuzppjtjcfjvrjeqlygp.supabase.co/storage/v1/object/public/product-images/artical-all-8904132977518.jpg,,,,,,,,38,25,24,CM,,,,23.5,12,11,,,,,FALSE,2026-07-21 11:40:01.772952+00,2026-07-27 09:09:43.865205+00
3d8b6260-a7e8-4a92-9ece-c9b9b01db391,Jun-26,Back Packs,White Label,D031708,Fashion Backpack D031708 -Pink,8904486413533,4999,999,,,Gsons,12,6,https://yuzppjtjcfjvrjeqlygp.supabase.co/storage/v1/object/public/product-images/artical-all-8904486413533.jpg,,,,,,,,,,,,,,,,,,,,,,FALSE,2026-07-20 04:30:35.590957+00,2026-07-27 09:09:44.018497+00
3dc24b0c-2783-467b-bd17-317b9fc3bb0a,Jan-25,Back Packs,Gerat Essentials,FSD1338,Fashions Backpack Fsd-1338 Black,8904486401684,2499,999,,,Gsons,,,https://yuzppjtjcfjvrjeqlygp.supabase.co/storage/v1/object/public/product-images/artical-all-8904486401684.jpg,,,,,,,,,,,,,,,,,,,,,,FALSE,2026-07-21 11:42:44.046714+00,2026-07-27 09:09:44.160356+00
3dc4b2c9-b3f4-4687-ac38-2f9cbc1a38a7,Jan-26,Beauty Tool,Blushlace,PE050019,Ear Wax Cleaner Set Of 5,8904486409024,299,149,73209099,,RRPL,288,24,https://yuzppjtjcfjvrjeqlygp.supabase.co/storage/v1/object/public/product-images/artical-all-8904486409024.jpg,,,,,,,,,,,CM,,,,,,,,,,,FALSE,2026-07-20 04:27:26.445701+00,2026-07-27 09:09:44.321911+00
3de9ee36-240a-4a2d-bcf9-5645f863c7f0,Sep-25,Home Utility,White Label,W20040,6 Tier Pantry Organizer - W20040,8904486406436,5999,2999,73239990,,Gsons,6,0,https://yuzppjtjcfjvrjeqlygp.supabase.co/storage/v1/object/public/product-images/artical-all-8904486406436.jpg,,,,,,,,34.5,33.5,48,,19.2,18.6,KG,,,,,,,,FALSE,2026-07-21 11:44:25.787625+00,2026-07-27 09:09:44.471439+00
3e0d1e78-ddb8-46ad-8d48-bbcdcc7bf123,Jul-25,Home Utility,Happy Living,RHAN25053008,Storage Box With Window,8904132969629,399,199,42022990,,RCPL,48,24,https://yuzppjtjcfjvrjeqlygp.supabase.co/storage/v1/object/public/product-images/artical-all-8904132969629.jpg,,,,,,,,39,36,54,CM,10.5,10,KG,36,32,18,CM,,6,KG,FALSE,2026-07-20 04:29:01.397394+00,2026-07-27 09:09:44.602744+00
3e546c8f-d025-46e6-9151-490f3572f0a3,2024,Wallets,LES,,Les Ladies Wallet Y9033-1 Orange,8906176018622,799,399,,,RRPL,90,,https://yuzppjtjcfjvrjeqlygp.supabase.co/storage/v1/object/public/product-images/artical-all-8906176018622.jpg,,,,,,,,500,380,420,MM,17.85,18.85,KG,,,,,,,,FALSE,2026-07-21 11:42:03.091639+00,2026-07-27 09:09:44.730169+00
3e5479b3-e7cd-4b81-a667-5a216fc19896,2024,Back Packs,Livesmart,,Klm210424 Livesmart Nylon Business Satchel 12 Litre,8908021726300,6200,,,,RRPL,10,,https://yuzppjtjcfjvrjeqlygp.supabase.co/storage/v1/object/public/product-images/artical-all-8908021726300.jpg,,,,,,,,43,32,42,CM,,,,,,,,,,,FALSE,2026-07-21 11:38:36.003716+00,2026-07-27 09:09:44.862283+00
3e6b0142-9e43-468e-8c3e-d9decf15a19a,2024,Back Packs,LES,RH2236,Les  Multipurpose Travel Pouch Bag Rh2236 - Beige,8906176016680,199,99,,,RRPL,160,,https://yuzppjtjcfjvrjeqlygp.supabase.co/storage/v1/object/public/product-images/artical-all-8906176016680.jpg,,,,,,,,16.5,6.5,12.5,CM,,,,,,,,,,,FALSE,2026-07-21 11:40:54.724388+00,2026-07-27 09:09:44.992116+00
3ea820d2-c5ed-48e1-bab7-36c7902d273e,Mar-26,Home Utility,Home One,SM-1517,Plastic Hook 5Bar,8904132910485,339,149,,,RCPL,96,12,https://yuzppjtjcfjvrjeqlygp.supabase.co/storage/v1/object/public/product-images/artical-all-8904132910485.jpg,,,,,,,,42,41,33,CM,,,,,,,,,,,FALSE,2026-07-20 04:28:45.754466+00,2026-07-27 09:09:45.123496+00
3ec2f7d1-1507-4849-ae4b-a0d9522c8e15,Sep-25,Mirror,Blushlace,,Pocket Mirror - Rose Gold,8904486405767,299,149,70099200,,RRPL,192,,https://yuzppjtjcfjvrjeqlygp.supabase.co/storage/v1/object/public/product-images/artical-all-8904486405767.jpg,,,,,,,,46,24,50,,,14.9,KG,,,,,,,,FALSE,2026-07-21 11:43:48.498071+00,2026-07-27 09:09:45.249903+00
3ecfb00e-cc17-470e-9998-7e4342eb6ce6,2024,Wallets,LES,,Les Ladies Wallet Y9010-1 Mint Green,8906176018486,799,399,,,RRPL,150,,https://yuzppjtjcfjvrjeqlygp.supabase.co/storage/v1/object/public/product-images/artical-all-8906176018486.jpg,,,,,,,,540,380,420,MM,19,20,KG,,,,,,,,FALSE,2026-07-21 11:41:55.403057+00,2026-07-27 09:09:45.382654+00
3ed644ef-4d54-4ec0-9771-3742c7670afa,Jun-26,Kitchen Utility,Simply Smart,QB2026060105,Square Basket-Wire,8904486413656,299,149,73239990,,RRPL,100,,https://yuzppjtjcfjvrjeqlygp.supabase.co/storage/v1/object/public/product-images/artical-all-8904486413656.jpg,,,,,,,,62,50,25,CM,15.8,14.8,KG,,,,,,,,FALSE,2026-07-20 04:30:10.947381+00,2026-07-27 09:09:45.511767+00
3f340820-da59-47b1-9b0d-d01204faa547,Mar-26,Home Utility,Home One,,Transparent Drawer Mat,8904132966970,300,99,39249090,,RCPL,24,,https://yuzppjtjcfjvrjeqlygp.supabase.co/storage/v1/object/public/product-images/artical-all-8904132966970.jpg,,,,,,,,460,150,220,MM,,,,,,,,,,,FALSE,2026-07-20 04:29:53.916824+00,2026-07-27 09:09:45.648661+00
3f383845-0b69-4a75-8d0c-463db5e376b6,Jul-26,Back Packs,LES,,Livesmart Sling Bag  - Blue,8906176016857,1499,699,,,RRPL,48,,https://yuzppjtjcfjvrjeqlygp.supabase.co/storage/v1/object/public/product-images/artical-all-8906176016857.jpg,,,,,,,,59,37,37,CM,13.5,12.5,,,,,,,,,FALSE,2026-07-21 11:40:17.50434+00,2026-07-27 09:09:45.806754+00
3f4fab90-de0d-4f21-bd6e-aecfc5e8461a,Dec-25,Tools,Gerat Elektro,,Screw Driver Set With Voltage Tester,8906176011364,179,79,,,Gsons,96,12,https://yuzppjtjcfjvrjeqlygp.supabase.co/storage/v1/object/public/product-images/artical-all-8906176011364.jpg,,,,,,,,425,310,380,MM,12.2,9.1,KG,300,205,88,MM,1.4,1.1,KG,FALSE,2026-07-20 04:29:17.923311+00,2026-07-27 09:09:45.941062+00
3f57cfb1-9280-4604-9f1d-f29e89b9626f,Dec-25,Umbrella,LES,black floral,"3 Fold - 21"" - Printed-Auto Open / Close Umbrella
21“*8K-Black Floral",8904486407976,599,399,,,RRPL,48,,https://yuzppjtjcfjvrjeqlygp.supabase.co/storage/v1/object/public/product-images/artical-all-8904486407976.jpg,,,,,,,,30.5,30.5,40,CM,,17.2,KG,,,,,,,,FALSE,2026-07-20 04:26:29.197578+00,2026-07-27 09:09:46.075069+00
3f8afa49-66da-4ae4-8401-eaf336f2d6b8,2024,Trolley,Livesmart,,Sln67056 Livesmart Trolley Backpack - L Brown,8906176010879,8990,,,,RRPL,4,,https://yuzppjtjcfjvrjeqlygp.supabase.co/storage/v1/object/public/product-images/artical-all-8906176010879.jpg,,,,,,,,72,52,36,CM,,,,,,,,,,,FALSE,2026-07-21 11:39:21.788298+00,2026-07-27 09:09:46.215455+00
3fa1d847-1bd8-4825-9e61-b5f6fe5207f5,2024,Planters,Great Porcelo,,Ceramic Planter Ds1015B,8908021726652,499,,,,Gsons,,,https://yuzppjtjcfjvrjeqlygp.supabase.co/storage/v1/object/public/product-images/artical-all-8908021726652.jpg,,,,,,,,,,,,,,,,,,,,,,FALSE,2026-07-21 11:41:05.658336+00,2026-07-27 09:09:46.340701+00
3fc40761-91d7-469a-8d41-7f8c3ef540ce,Feb-26,Clothing,Happy Living,,Hl Glow In Dark Kids Sgl Bwp 220X150Cm,8904132989207,1999,599,,,RCPL,,,https://yuzppjtjcfjvrjeqlygp.supabase.co/storage/v1/object/public/product-images/FEB-26-16.jpg,,,,,,,,,,,,,,,,,,,,,,FALSE,2026-07-20 04:28:12.899731+00,2026-07-27 09:09:46.478791+00
3fc6137a-cbee-4db3-8612-7d0f90b3572b,Dec-25,Glass Ware,Home One,,Ho Iris Sipper Without Handle 380Ml,8904132984080,499,249,69111011,494590336,RCPL,36,12,https://yuzppjtjcfjvrjeqlygp.supabase.co/storage/v1/object/public/product-images/artical-all-8904132984080.jpg,,,,,,,,415,321,363,MM,,13.7,,395,301,113,MM,,3.98,,FALSE,2026-07-25 10:53:07.522687+00,2026-07-27 09:09:46.615226+00
3fcb8c00-3d2a-4539-8e2d-a7ee0d620a1d,Mar-26,Home Utility,Home One,SM-1761,Suction Towel Holder - Sm1761,8908021726492,615,399,,,RCPL,48,,https://yuzppjtjcfjvrjeqlygp.supabase.co/storage/v1/object/public/product-images/artical-all-8908021726492.jpg,,,,,,,,650,550,580,,,,,,,,,,,,FALSE,2026-07-20 04:28:52.829701+00,2026-07-27 09:09:46.755103+00
3fd264aa-5d7c-4592-916e-4e01c2f1aa58,Jan-25,Beauty Tool,Gerat Essentials,GEST01,Tweezers Gest01,8904486403725,79,39,,,Gsons,,,https://yuzppjtjcfjvrjeqlygp.supabase.co/storage/v1/object/public/product-images/artical-all-8904486403725.jpg,,,,,,,,,,,,,,,,,,,,,,FALSE,2026-07-21 11:42:56.869167+00,2026-07-27 09:09:46.884482+00
3ffa1beb-f469-4697-85c8-8847ac078045,Feb-26,Basket,White Label,,Woven Pl Basket Deep Round Cane Brown,8906176014990,279,119,,494485002,Gsons,12,,https://yuzppjtjcfjvrjeqlygp.supabase.co/storage/v1/object/public/product-images/artical-all-8906176014990.jpg,,,,,,,,27,27,25,,,,,,,,,,,,FALSE,2026-07-20 04:28:23.279418+00,2026-07-27 09:09:47.052449+00
4008c423-990a-4ef5-a051-f3a05a6b17c6,May-26,Stationery,Quickworks,CD002,Cd002 8.4Mm X 8M Corretion Glue,8906176011210,169,79,,,RCPL,144,12,https://yuzppjtjcfjvrjeqlygp.supabase.co/storage/v1/object/public/product-images/artical-all-8906176011210.jpg,,,,,,,,38,27,19.5,CM,12,12.6,KG,13.5,,,CM,,,,FALSE,2026-07-20 04:29:44.900151+00,2026-07-27 09:09:47.200105+00
40db15ca-0085-48d4-9df1-7ce2e0f9692f,Sep-25,Home Utility,White Label,B4866,Sink Soap Dispenser Dolomite - B4866,8904486406245,599,299,39249090,,Gsons,24,6,https://yuzppjtjcfjvrjeqlygp.supabase.co/storage/v1/object/public/product-images/artical-all-8904486406245.jpg,,,,,,,,43.5,31.5,42,CM,9.7,11,KG,,,,,,,,FALSE,2026-07-21 11:44:15.780128+00,2026-07-27 09:09:47.336808+00
4127da3f-2983-4861-a9a0-e8b63d8b2791,May-26,Planters,White Label,RMF26217,1L Planter,8904486411775,399,199,39269099,,Gsons,48,4,https://yuzppjtjcfjvrjeqlygp.supabase.co/storage/v1/object/public/product-images/artical-all-8904486411775.jpg,,,,,,,,61,15,42,CM,,,,,,,CM,,,,FALSE,2026-07-20 04:29:27.940583+00,2026-07-27 09:09:47.467229+00
4128c2ae-a77e-44fc-abcd-59c77073bb4d,Nov-25,Stationery,Disney,Frozen,Disney Plastic Kids Chair,8904486406825,799,399,94018000,,RRPL,12,,https://yuzppjtjcfjvrjeqlygp.supabase.co/storage/v1/object/public/product-images/artical-all-8904486406825.jpg,,,,,,,,32,32,40,CM,,,,,,,,,,,FALSE,2026-07-21 11:44:43.300869+00,2026-07-27 09:09:47.605248+00
4132bba1-55bf-4e53-ae46-edfd6aa02c46,Jan-25,LED,Gerat Essentials,GEFLN2D12,Led Diya Curatin Lighting Chain - Warmwhite,8904486404845,999,499,,,Gsons,,,https://yuzppjtjcfjvrjeqlygp.supabase.co/storage/v1/object/public/product-images/artical-all-8904486404845.jpg,,,,,,,,41,41,57,CM,,,,,,,,,,,FALSE,2026-07-21 11:43:13.938121+00,2026-07-27 09:09:47.731983+00
4148b86b-7aeb-42a4-bc8a-0773107c4dba,Dec-25,Beauty Tool,Blushlace,PB280234,Head Band - 001,8904486408713,199,99,,,RRPL,192,24,https://yuzppjtjcfjvrjeqlygp.supabase.co/storage/v1/object/public/product-images/artical-all-8904486408713.jpg,,,,,,,,55,40,23,CM,3.84,5.04,KG,,,,,,,KG,FALSE,2026-07-20 04:26:51.381528+00,2026-07-27 09:09:47.865211+00
41a9b68d-29dc-4300-a9ca-bc9402ba8fba,Jan-25,Menstrual Cup,Gerat Essentials,M,Menstrual Cup-M,8906176019599,599,,,,Gsons,,,https://yuzppjtjcfjvrjeqlygp.supabase.co/storage/v1/object/public/product-images/artical-all-8906176019599.jpg,,,,,,,,,,,,,,,,,,,,,,FALSE,2026-07-21 11:42:36.279281+00,2026-07-27 09:09:47.991121+00
4218bf2b-07e5-482a-837c-2db690de7285,Jun-26,Back Packs,LES,JTJ001,Les Multipurpose Travel Pouch Bag So3 - Ytj001 Blue,8904486413281,1299,499,42029900,,RRPL,48,,https://yuzppjtjcfjvrjeqlygp.supabase.co/storage/v1/object/public/product-images/artical-all-8904486413281.jpg,,,,,,,,60,45,30,CM,12,13.5,KG,,,,,,,,FALSE,2026-07-20 04:30:21.536912+00,2026-07-27 09:09:48.130395+00
42412de3-1937-493b-b931-e346109673ac,Jun-26,Back Packs,White Label,CH24B495,Chest Bag Ch24B495 Grey,8904486413359,1999,449,42029900,,Gsons,60,12,https://yuzppjtjcfjvrjeqlygp.supabase.co/storage/v1/object/public/product-images/artical-all-8904486413359.jpg,,,,,,,,40,60,14,CM,,,,,,,,,,,FALSE,2026-07-20 04:30:25.210625+00,2026-07-27 09:09:48.268294+00
42533edc-0467-4dde-b0e3-f1dc4ab34022,2024,Cleaning,Gerat Cuisino,,Super Wipe,8906176010220,1799,799,,,Gsons,12,,https://yuzppjtjcfjvrjeqlygp.supabase.co/storage/v1/object/public/product-images/2024-2025-17.jpg,,,,,,,,,,,CM,,,,,,,,,,,FALSE,2026-07-21 11:38:40.366898+00,2026-07-27 09:09:48.402641+00
42616b15-d0f4-479d-b813-72298a463b9b,Nov-25,Kitchen Utility,White Label,RMF25577,Mini Sealing Machine,8904486406795,299,149,84224000,,Gsons,200,40,https://yuzppjtjcfjvrjeqlygp.supabase.co/storage/v1/object/public/product-images/artical-all-8904486406795.jpg,,,,,,,,59.5,46,42.5,CM,7.6,10.5,KG,,,,,,,,FALSE,2026-07-21 11:44:36.343717+00,2026-07-27 09:09:48.534316+00
42b72a05-0281-482d-bc47-e44c0a639cb2,Mar-26,Stationery,Simply Smart,,Zip Lock Bag Combo,8904486409765,255,99,,,RRPL,36,18,https://yuzppjtjcfjvrjeqlygp.supabase.co/storage/v1/object/public/product-images/artical-all-8904486409765.jpg,,,,,,,,56,34,32.5,,3.94,8.04,KG,34,27,31.5,,0.21,0.44,KG,FALSE,2026-07-20 04:29:02.781975+00,2026-07-27 09:09:48.673304+00
42daa5cb-e5cd-4999-8932-6addf94ad41c,Jan-26,Glass Ware,Home One,,Glass Soap Dispenser Solid Colour,8904132987463,299,149,70133700,,RCPL,48,12,https://yuzppjtjcfjvrjeqlygp.supabase.co/storage/v1/object/public/product-images/artical-all-8904132987463.jpg,,,,,,,,,,,CM,,,,310,233,197,,,,,FALSE,2026-07-25 10:53:23.006188+00,2026-07-27 09:09:48.80135+00
42db0623-129c-4cb4-abbc-acf5aa2e0b80,Nov-25,Beauty Tool,Blushlace,,Travel Led Makeup Mirror Case,8904486407006,1599,799,70099200,,RRPL,50,,https://yuzppjtjcfjvrjeqlygp.supabase.co/storage/v1/object/public/product-images/artical-all-8904486407006.jpg,,,,,,,,65,36,37,CM,20,21,KG,,,,,,,,FALSE,2026-07-21 11:44:37.363448+00,2026-07-27 09:09:48.953423+00
42dbba38-5b72-4379-82cd-4c526c6f472a,Jan-26,Clothing,White Label,CH24H071,Cap - Ch24H071 - Black,8904486409253,399,199,65050090,,Gsons,100,10,https://yuzppjtjcfjvrjeqlygp.supabase.co/storage/v1/object/public/product-images/artical-all-8904486409253.jpg,,,,,,,,45,42,41,CM,7.4,8,KG,,,,,,,,FALSE,2026-07-20 04:27:42.968666+00,2026-07-27 09:09:49.081047+00
42f0f622-c73b-48bb-ba3d-653a0eb9a204,Jul-25,Back Packs,Livesmart,KLM210424BK,Business Satche - Klm210424Bk Black,8904486405637,6000,2400,42029900,,RRPL,10,,https://yuzppjtjcfjvrjeqlygp.supabase.co/storage/v1/object/public/product-images/artical-all-8904486405637.jpg,,,,,,,,40,28,40,CM,,,,,,,,,,,FALSE,2026-07-20 04:29:56.617057+00,2026-07-27 09:09:49.218883+00
4366fddc-2e32-4ec1-a4c4-a6726c3542ca,2024,Back Packs,Livesmart,,Klb230206 Livesmart Business Nylon Backpack 18 Litre,8908021726270,6200,,,,RRPL,10,,https://yuzppjtjcfjvrjeqlygp.supabase.co/storage/v1/object/public/product-images/artical-all-8908021726270.jpg,,,,,,,,45,30,47,CM,,,,,,,,,,,FALSE,2026-07-21 11:38:34.039069+00,2026-07-27 09:09:49.346333+00
436a2202-7a4a-4bb2-92fc-f48fb82edabb,2024,Back Packs,LES,,Foldable Backpack Navy Blue,8906176016987,999,449,,,RRPL,100,1,https://yuzppjtjcfjvrjeqlygp.supabase.co/storage/v1/object/public/product-images/artical-all-8906176016987.jpg,,,,,,,,67,45,41,CM,,,,,,,,,,,FALSE,2026-07-21 11:40:24.66977+00,2026-07-27 09:09:49.482896+00
4410120f-a212-4e52-b003-cee6f9738c94,Dec-25,Back Packs,Livesmart,DP-T105,Backpack Black - Dp-T105,8904486408645,3999,1699,,,RRPL,10,,https://yuzppjtjcfjvrjeqlygp.supabase.co/storage/v1/object/public/product-images/artical-all-8904486408645.jpg,,,,,,,,,,,,,,,,,,,,,,FALSE,2026-07-20 04:27:01.208979+00,2026-07-27 09:09:49.610528+00
44262019-acde-4286-9ee2-b9490b377247,Jan-26,Glass Ware,White Label,365ml,Debbie Panda Pink Mug 365Ml,8904486409109,999,399,69111011,,Gsons,24,,https://yuzppjtjcfjvrjeqlygp.supabase.co/storage/v1/object/public/product-images/artical-all-8904486409109.jpg,,,,,,,,50.6,28.2,34.3,CM,,,,,,,,,,,FALSE,2026-07-20 04:27:20.00955+00,2026-07-27 09:09:49.741746+00
4436509b-d168-4bde-add0-240318d20008,Jan-26,Clothing,White Label,CHQ24H108,Cap - Chq24H108 - Cream,8904486409277,399,199,65050090,,Gsons,100,10,https://yuzppjtjcfjvrjeqlygp.supabase.co/storage/v1/object/public/product-images/artical-all-8904486409277.jpg,,,,,,,,50,42,43,CM,8.5,9.1,KG,,,,,,,,FALSE,2026-07-20 04:27:43.736077+00,2026-07-27 09:09:49.869961+00
443f1c84-4b83-4671-9675-b4d0889952cb,2024,Wallets,LES,,Les Ladies Wallet Y8975-1 Dark Blue,8906176018356,599,299,,,RRPL,180,,https://yuzppjtjcfjvrjeqlygp.supabase.co/storage/v1/object/public/product-images/artical-all-8906176018356.jpg,,,,,,,,500,380,420,MM,18.5,19.5,KG,,,,,,,,FALSE,2026-07-21 11:41:47.884063+00,2026-07-27 09:09:50.0008+00
449d8ce3-fdaa-4988-9861-6a9b0ea6d0e5,2024,Clothing,White Label,,Cap-Ch24H185,8906176019186,399,299,65050090,,Gsons,100,10,https://yuzppjtjcfjvrjeqlygp.supabase.co/storage/v1/object/public/product-images/artical-all-8906176019186.jpg,,,,,,,,63,43,20,CM,6,6.8,KG,,,,,,,,FALSE,2026-07-21 11:42:20.365074+00,2026-07-27 09:09:50.143802+00
44f70a2b-755a-4458-9a87-3a4c23b3ac88,Dec-25,Umbrella,LES,Black,"3 Fold 23"" Umbrella-Gmd003-2 -Black",8904486408317,899,599,,,RRPL,60,,https://yuzppjtjcfjvrjeqlygp.supabase.co/storage/v1/object/public/product-images/artical-all-8904486408317.jpg,,,,,,,,40.5,37,55.5,CM,,29.5,KG,,,,,,,,FALSE,2026-07-20 04:26:25.123281+00,2026-07-27 09:09:50.274137+00
4509a42e-99c7-4a47-bdcd-3c5bb04a39b8,2024,Planters,Great Porcelo,,Ceramic Planter Ds1016,8908021726669,299,,,,Gsons,,,https://yuzppjtjcfjvrjeqlygp.supabase.co/storage/v1/object/public/product-images/artical-all-8908021726669.jpg,,,,,,,,,,,,,,,,,,,,,,FALSE,2026-07-21 11:41:06.049009+00,2026-07-27 09:09:50.402671+00
4585f53a-ab87-497c-98a3-48c3f4eae162,Dec-25,Umbrella,LES,yellow,"Poe - 23"" Straight Umbrella - Yellow",8904486407563,399,249,,,RRPL,60,,https://yuzppjtjcfjvrjeqlygp.supabase.co/storage/v1/object/public/product-images/MAY-26-27.jpg,,,,,,,,87,17,53,CM,,15,KG,,,,,,,,FALSE,2026-07-20 04:26:12.335134+00,2026-07-27 09:09:50.532303+00
45ecef54-882c-4e3f-b626-300736a9d5f8,May-26,Glass Ware,Home One,GW1952,Borosilicate Glass Jug 1500 Ml,8904132992924,799,249,,,RCPL,12,,https://yuzppjtjcfjvrjeqlygp.supabase.co/storage/v1/object/public/product-images/artical-all-8904132992924.jpg,,,,,,,,50.5,34.6,28,CM,,6.2,KG,,,,CM,,,,FALSE,2026-07-20 04:29:26.193207+00,2026-07-27 09:09:50.666235+00
463d40e6-3f9d-4060-bcf0-7d2c9f6a6cdd,Jun-26,Bedsheet,Ulhaas,,Ulhaas 5D Drmweave Dbsheet Set 225X250Cm,8909606001737,2699,699,63041990,494608236,RCPL,12,,https://yuzppjtjcfjvrjeqlygp.supabase.co/storage/v1/object/public/product-images/artical-all-8909606001737.jpg,,,,,,,,57,39,32,CM,,17.3,KG,,,,,,,,FALSE,2026-07-20 04:30:39.730136+00,2026-07-27 09:09:50.801668+00
468822c5-59dd-41a4-8921-fcd5965a7551,Jun-26,Back Packs,LES,ENL024110R-SF,Sling Bag - Enl024110R-Sf - Beige,8904486413243,3999,999,42029900,,RRPL,48,,https://yuzppjtjcfjvrjeqlygp.supabase.co/storage/v1/object/public/product-images/artical-all-8904486413243.jpg,,,,,,,,59,56,31,,14.2,15.2,KG,,,,,,,,FALSE,2026-07-20 04:30:19.083348+00,2026-07-27 09:09:50.930308+00
469e3508-b19c-4b22-a4ec-55ef53e03838,2024,Umbrella,LES,,Umbrella - Chsu5858Cr,8906176010749,699,499,,,RRPL,18,,https://yuzppjtjcfjvrjeqlygp.supabase.co/storage/v1/object/public/product-images/artical-all-8906176010749.jpg,,,,,,,,90,27,12.5,CM,,,,,,,,,,,FALSE,2026-07-21 11:39:13.551793+00,2026-07-27 09:09:51.062364+00
46adb1f5-45f9-41a9-9c63-13c424b3254d,Jan-25,Back Packs,Gerat Essentials,YSS09,Rainbow Pouch Medium,8904486405033,199,99,,,Gsons,96,12,https://yuzppjtjcfjvrjeqlygp.supabase.co/storage/v1/object/public/product-images/artical-all-8904486405033.jpg,,,,,,,,56,44,34,CM,,,,,,,,,,,FALSE,2026-07-21 11:43:21.177585+00,2026-07-27 09:09:51.189267+00
46dd2fe6-4808-4231-80a5-29237aa3fbb5,Jul-26,Kitchen Utility,White Label,,Import Printed Ft Assorted 25X25Cm,8904486413816,40,20,,494835629,Gsons,600,20,https://yuzppjtjcfjvrjeqlygp.supabase.co/storage/v1/object/public/product-images/artical-all-8904486413816.jpg,,,,CM,,,KG,,,,,,,KG,,,,,,,KG,TRUE,2026-07-20 04:30:38.954162+00,2026-07-27 09:09:51.327828+00
4713958f-edb2-4a81-92dc-38018ae17048,Jan-25,Kitchen Utility,Gerat Essentials,XL216-16#,16Cm Multifunction Mesh Stainer,8904486401929,249,129,,,Gsons,,,https://yuzppjtjcfjvrjeqlygp.supabase.co/storage/v1/object/public/product-images/artical-all-8904486401929.jpg,,,,,,,,54,36,54.5,CM,,,,37.5,16,13,CM,,,,FALSE,2026-07-21 11:43:06.661267+00,2026-07-27 09:09:51.459096+00
47222bb9-2a15-4271-9073-951163fa5e13,Mar-26,Home Utility,Home One,SM-1215,Plastic Hook So3,8904132908000,179,89,,,RCPL,144,24,https://yuzppjtjcfjvrjeqlygp.supabase.co/storage/v1/object/public/product-images/artical-all-8904132908000.jpg,,,,,,,,41,36,36,CM,,,,,,,,,,,FALSE,2026-07-20 04:28:41.282814+00,2026-07-27 09:09:51.5898+00
4731871e-29db-4b67-b480-98fec27a0e8a,Jun-26,Clothing,White Label,,Kids Solid Tights (With Design)- 1Pp-7-8Y,8904486411553,249,179,61159990,,Gsons,,,,,,,,,,,,,,,,,,,,,,,,,FALSE,2026-07-25 10:55:11.281411+00,2026-07-27 09:09:51.714937+00
480d2353-3040-4a6c-bd48-94719898d4a0,Jun-26,Beauty Tool,Blushlace,TBA,Nail Sticker-M03,8904486413199,249,59,39199010,,RRPL,960,12,https://yuzppjtjcfjvrjeqlygp.supabase.co/storage/v1/object/public/product-images/artical-all-8904486413199.jpg,,,,,,,,55,35,30,CM,4.65,3.65,KG,10,5,16.5,CM,0.076,0.046,KG,FALSE,2026-07-20 04:30:07.464898+00,2026-07-27 09:09:51.84925+00
481805f4-694f-4223-83ac-fb1f4e75e175,2024,Back Packs,White Label,CH24B427,Waist Pouch Ch24B427 Orange,8906176018141,399,199,,,Gsons,100,,https://yuzppjtjcfjvrjeqlygp.supabase.co/storage/v1/object/public/product-images/artical-all-8906176018141.jpg,,,,,,,,40,60,52,CM,,,,,,,,,,,FALSE,2026-07-21 11:41:43.673644+00,2026-07-27 09:09:51.97712+00
4825e8ac-8415-49b2-b860-51f68ccafab0,2024,Home Utility,Home One,,Sticky Hook So4 Lrg - Sm1813,8908021726348,65,59,,,RCPL,,,https://yuzppjtjcfjvrjeqlygp.supabase.co/storage/v1/object/public/product-images/artical-all-8908021726348.jpg,,,,,,,,,,,,,,,,,,,,,,FALSE,2026-07-21 11:41:15.290654+00,2026-07-27 09:09:52.110534+00
4839e648-f76a-44f2-81c6-2a4ba7fcbb3e,2024,Bedsheet,Gerat Essentials,,Ultra Sonic Doublebed Comforter-Yellow,8904132908109,2399,699,,,Gsons,7,,https://yuzppjtjcfjvrjeqlygp.supabase.co/storage/v1/object/public/product-images/artical-all-8904132908109.jpg,,,,,,,,18,22,28,CM,,,,,,,,,,,FALSE,2026-07-21 11:40:42.969646+00,2026-07-27 09:09:52.249483+00
483f3fdc-99a5-436b-af3e-602cac68984b,Jan-26,Clothing,Marvel,,Marvel Kids Hoodie Blanket - Spider Man,8904486409444,1999,,63014000,,RRPL,,,https://yuzppjtjcfjvrjeqlygp.supabase.co/storage/v1/object/public/product-images/artical-all-8904486409444.jpg,,,,,,,,,,,CM,,,,,,,,,,,FALSE,2026-07-20 04:27:49.09968+00,2026-07-27 09:09:52.383166+00
485f8733-e541-4a2f-b38d-8f48ba524094,Jun-26,Home Utility,Happy Living,,Happyliving Linen Dry Indoor Mat 37X57Cm,8909606012719,399,199,,494759493,RCPL,36,5,,,,,,,,,40,60,17,CM,,,,,,,,,,,FALSE,2026-07-20 04:30:25.985138+00,2026-07-27 09:09:52.509932+00
487d2c71-a9ee-45c9-80ef-34dbe8c6dfff,Jan-25,Kitchen Utility,Home One,HK2831-4,Traceless Hook 4 Pcs Set,8904132955325,119,59,,,RCPL,288,24,https://yuzppjtjcfjvrjeqlygp.supabase.co/storage/v1/object/public/product-images/artical-all-8904132955325.jpg,,,,,,,,66,44,39,CM,,,KG,32,21,12,CM,,,KG,FALSE,2026-07-20 04:28:11.391063+00,2026-07-27 09:09:52.639912+00
48dfbbb2-94c3-41c9-bf0d-715cfb40b256,Jan-26,Clothing,White Label,CH24H044,Cap - Ch24H044,8904486409291,599,299,65050090,,Gsons,100,10,https://yuzppjtjcfjvrjeqlygp.supabase.co/storage/v1/object/public/product-images/artical-all-8904486409291.jpg,,,,,,,,47,42,43,CM,7.4,8,KG,,,,,,,,FALSE,2026-07-20 04:27:44.964008+00,2026-07-27 09:09:52.772492+00
4909c8ef-fd42-4190-b456-7700513bded9,Feb-26,Basket,White Label,,Woven Pl Rectangular Fancy Basket With Handle Brown & White,8906176014976,299,139,,494484997,Gsons,24,,https://yuzppjtjcfjvrjeqlygp.supabase.co/storage/v1/object/public/product-images/artical-all-8906176014976.jpg,,,,,,,,40,35,26,,,,,,,,,,,,FALSE,2026-07-20 04:28:25.475973+00,2026-07-27 09:09:52.908257+00
49327dd1-9db0-43cb-bcf2-ce15b13619f0,Mar-26,Home Utility,Home One,,Suction Rectangle Basket  - Sm1757,8908021726485,595,399,,,RCPL,18,,https://yuzppjtjcfjvrjeqlygp.supabase.co/storage/v1/object/public/product-images/artical-all-8908021726485.jpg,,,,,,,,540,380,510,,,,,,,,,,,,FALSE,2026-07-21 11:41:21.513997+00,2026-07-27 09:09:53.03288+00
4988054d-5f5a-4280-857b-2ec9d3619ca7,Mar-26,Home Utility,Home One,,Suction Triangle Basket - Sm1756,8908021726478,595,399,,,RCPL,18,,https://yuzppjtjcfjvrjeqlygp.supabase.co/storage/v1/object/public/product-images/artical-all-8908021726478.jpg,,,,,,,,480,310,630,,,,,,,,,,,,FALSE,2026-07-21 11:41:21.113608+00,2026-07-27 09:09:53.176091+00
4991f381-0193-4b32-84ba-0378e877566a,Jan-25,Back Packs,Gerat Essentials,AJ-3-002,Fashions Backpack Aj-3-002 Lavender,8904486401639,1999,799,,494759494,Gsons,,,,,,,,,,,,,,,,,,,,,,,,,FALSE,2026-07-21 11:42:41.781023+00,2026-07-27 09:09:53.303022+00
49df22c0-1d38-41e3-a012-f562e788abec,2024,LED,Gerat Elektro,,Geflw138B12S,8906176010275,999,499,,,Gsons,12,,https://yuzppjtjcfjvrjeqlygp.supabase.co/storage/v1/object/public/product-images/artical-all-8906176010275.jpg,,,,,,,,,,,CM,,,,,,,,,,,FALSE,2026-07-21 11:38:44.508648+00,2026-07-27 09:09:53.434896+00
49f51af3-de7a-4642-8c1f-ea73bfece3d9,Dec-25,Umbrella,LES,navy,"3 Fold - 21"" - Solid -Auto Open / Close Umbrella
21“*8K-Navy",8904486407938,449,299,,,RRPL,60,,https://yuzppjtjcfjvrjeqlygp.supabase.co/storage/v1/object/public/product-images/artical-all-8904486407938.jpg,,,,,,,,50.5,30.5,30,CM,,20.98,KG,,,,,,,,FALSE,2026-07-20 04:26:27.48723+00,2026-07-27 09:09:53.574389+00
4a1b2258-879e-4373-bba5-bb196abd5f48,2024,Back Packs,Gerat Elektro,,Outdoor Active Backpack 18L - Nc6620,8906176010497,1999,699,,,Gsons,10,,https://yuzppjtjcfjvrjeqlygp.supabase.co/storage/v1/object/public/product-images/artical-all-8906176010497.jpg,,,,,,,,35,39,50,CM,,,,,,,,,,,FALSE,2026-07-21 11:39:00.738596+00,2026-07-27 09:09:53.713991+00
4a22b33b-b993-4396-b17d-22dfe22675df,Nov-25,Home Utility,Home One,,Home One Premium Fruit Peeler,8904132985391,99,49,82149090,,RCPL,360,20,https://yuzppjtjcfjvrjeqlygp.supabase.co/storage/v1/object/public/product-images/artical-all-8904132985391.jpg,,,,,,,,63.5,49.5,26,,12.24,18.9,,,,,,,,,FALSE,2026-07-25 10:52:02.367876+00,2026-07-27 09:09:53.844684+00
4a2ec06c-161b-429c-a1f9-27381d834653,Jun-26,Clothing,Marvel,,Infant  Cotton Ankle Socks- Captain America -6-12M,8904486412031,99,79,61159990,,RRPL,,,https://yuzppjtjcfjvrjeqlygp.supabase.co/storage/v1/object/public/product-images/artical-all-8904486412031.jpg,,,,,,,,,,,,,,,,,,,,,,FALSE,2026-07-25 10:55:19.298531+00,2026-07-27 09:09:53.983915+00
4a3119d4-c60e-441b-a56c-1213c0b42a1b,Sep-25,Cleaning,White Label,BA2251,Mesh Laundry Bag - Ba2251,8904486405934,159,79,42029200,,Gsons,350,0,https://yuzppjtjcfjvrjeqlygp.supabase.co/storage/v1/object/public/product-images/artical-all-8904486405934.jpg,,,,,,,,60,60,55,CM,12,13.3,KG,,,,,,,,FALSE,2026-07-21 11:43:58.394348+00,2026-07-27 09:09:54.112046+00
4a42b2c7-54d3-4582-b88f-d4481d25f98b,Jul-25,Back Packs,Livesmart,LYS230231CP,Business Handbag - Lys230231Cp Champagne,8904486405668,5999,2400,42029900,,RRPL,10,,https://yuzppjtjcfjvrjeqlygp.supabase.co/storage/v1/object/public/product-images/artical-all-8904486405668.jpg,,,,,,,,37,32,52,CM,,,,,,,,,,,FALSE,2026-07-20 04:29:57.219471+00,2026-07-27 09:09:54.242425+00
4a5d58d1-d8f8-47d0-a60a-a337236ea3d9,2024,Back Packs,LES,RH2236,Les  Multipurpose Travel Pouch  Bag Rh2236 - Green,8906176016727,199,99,,,RRPL,160,,https://yuzppjtjcfjvrjeqlygp.supabase.co/storage/v1/object/public/product-images/artical-all-8906176016727.jpg,,,,,,,,16.5,6.5,12.5,CM,,,,,,,,,,,FALSE,2026-07-21 11:40:56.3316+00,2026-07-27 09:09:54.369086+00
4a764e0b-a171-47a1-a878-783e96a4d114,Sep-25,Home Utility,White Label,WR3202-4,4 Tiers Foldable Storage Shelf - Wr3202,8904486406191,2999,1499,94031010,,Gsons,1,0,https://yuzppjtjcfjvrjeqlygp.supabase.co/storage/v1/object/public/product-images/artical-all-8904486406191.jpg,,,,,,,,90,71,5,CM,1.9,2,KG,,,,,,,,FALSE,2026-07-21 11:44:12.769843+00,2026-07-27 09:09:54.504323+00
4b0d3831-89ca-445b-8c16-f07cdfa6fc62,Jun-26,Clothing,Disney,,Kid'S Cotton Ankle Socks -Minnie-7-10Yrs,8904486411904,129,79,61159990,,RRPL,,,,,,,,,,,,,,,,,,,,,,,,,FALSE,2026-07-25 10:55:16.61515+00,2026-07-27 09:09:54.629883+00
4b2e2a7e-9f65-4dea-aff6-d250aa14c26c,Jun-26,Back Packs,White Label,FA5013,Fashion Backpack Fa5013 Green+Black,8904486413427,3999,799,,494605696,Gsons,12,6,https://yuzppjtjcfjvrjeqlygp.supabase.co/storage/v1/object/public/product-images/artical-all-8904486413427.jpg,,,,,,,,,,,,,,,,,,,,,,FALSE,2026-07-20 04:30:29.362475+00,2026-07-27 09:09:54.763691+00
4b34b0bc-226e-44a5-ae55-d9a80fcb8fe2,Jun-26,Clothing,White Label,,Kids Solid Tights (With Design)- 1Pp-3-4Y,8904486411539,249,179,61159990,,Gsons,,,https://yuzppjtjcfjvrjeqlygp.supabase.co/storage/v1/object/public/product-images/artical-all-8904486411539.jpg,,,,,,,,,,,,,,,,,,,,,,FALSE,2026-07-25 10:55:11.016931+00,2026-07-27 09:09:54.892026+00
4b665b75-7cdf-414f-ae32-f18d6d835e7e,Dec-25,Umbrella,LES,Sand,"3 Fold 23"" Umbrella-Gmd003-2 -Sand",8904486407877,899,599,,,RRPL,60,,https://yuzppjtjcfjvrjeqlygp.supabase.co/storage/v1/object/public/product-images/artical-all-8904486407877.jpg,,,,,,,,40.5,37,55.5,CM,,29.5,KG,,,,,,,,FALSE,2026-07-20 04:26:25.638711+00,2026-07-27 09:09:55.027927+00
4b82057b-c249-4aa6-9c0b-b6afa4be4f42,Jul-25,Kitchen Utility,Simply Smart,,Simply Smart Green Scrub,8904486405439,19,10,96039000,,RRPL,50,,https://yuzppjtjcfjvrjeqlygp.supabase.co/storage/v1/object/public/product-images/artical-all-8904486405439.jpg,,,,,,,,60,35,35,CM,0.4,0.4,,,,,,,,,FALSE,2026-07-25 10:50:48.190897+00,2026-07-27 09:09:55.155636+00
4ba4bd21-6df8-4895-ba98-83213d34e6e3,Jun-26,Clothing,Disney,,Kids Solid Tights -1Pp- Mickey-9-10Y,8904486412109,249,179,61159990,,RRPL,,,,,,,,,,,,,,,,,,,,,,,,,FALSE,2026-07-25 10:55:20.459425+00,2026-07-27 09:09:55.287088+00
4ba79265-3cc6-4ca9-89bb-ba66c77354f4,Dec-25,Umbrella,LES,maroon,"3 Fold 23"" Umbrella-Bh3810A - Maroon",8904486407846,699,499,,,RRPL,48,,https://yuzppjtjcfjvrjeqlygp.supabase.co/storage/v1/object/public/product-images/artical-all-8904486407846.jpg,,,,,,,,36,36,44.5,CM,,22.3,KG,,,,,,,,FALSE,2026-07-20 04:26:24.425963+00,2026-07-27 09:09:55.41576+00
4bb72838-d72b-444a-a8e8-519df5f174dd,2024,Back Packs,White Label,CH24B495,Chest Bag Ch24B495 Brown,8906176018073,799,399,,,Gsons,100,,https://yuzppjtjcfjvrjeqlygp.supabase.co/storage/v1/object/public/product-images/artical-all-8906176018073.jpg,,,,,,,,56,40,50,CM,,,,,,,,,,,FALSE,2026-07-21 11:41:39.781295+00,2026-07-27 09:09:55.547726+00
4bd79022-6caa-438f-b3f0-d26cf2bc782e,Dec-25,Basket,Home One,MW0028097-2,Ho Gld Clr Round Metalbaskt D26.5Xh9.5Cm,8904132961968,799,399,,,RCPL,12,,https://yuzppjtjcfjvrjeqlygp.supabase.co/storage/v1/object/public/product-images/artical-all-8904132961968.jpg,,,,,,,,27,27,45,CM,4.9,5.5,KG,,,,,,,,FALSE,2026-07-20 04:29:07.210929+00,2026-07-27 09:09:55.674648+00
4bef4a4c-6625-45f9-8801-e4c441ebff04,Apr-26,Tools,Gerat Cuisino,,31 In 1 Multifunction Screw Driver Kit,8904486411027,199,109,,,Gsons,,,https://yuzppjtjcfjvrjeqlygp.supabase.co/storage/v1/object/public/product-images/artical-all-8904486411027.jpg,,,,,,,,,,,,,,,,,,,,,,FALSE,2026-07-20 04:29:18.989614+00,2026-07-27 09:09:55.805795+00
4bf81c33-a9b8-4348-b775-b2be8acf792e,Dec-25,Basket,White Label,,Multi-Purpose Plastic Basket With Handle -Ivory,8904486407464,499,249,,,Gsons,10,,https://yuzppjtjcfjvrjeqlygp.supabase.co/storage/v1/object/public/product-images/artical-all-8904486407464.jpg,,,,,,,,27,26.5,56.5,CM,,4.96,KG,,,,,,,,FALSE,2026-07-20 04:26:06.229772+00,2026-07-27 09:09:55.93365+00
4c0df5bd-5656-4d11-b1dd-2d2c22cf0abf,2024,Kitchen Utility,Gerat Cuisino,,Tristeel,8908021726164,2990,,,,Gsons,,,https://yuzppjtjcfjvrjeqlygp.supabase.co/storage/v1/object/public/product-images/artical-all-8908021726164.jpg,,,,,,,,,,,CM,,,,,,,,,,,FALSE,2026-07-21 11:38:38.220835+00,2026-07-27 09:09:56.068247+00
4c342b73-1bf2-46d4-9fe4-f50f050b6fe9,2024,Back Packs,LES,ENL23513B,Les Backpack Enl23513B - Teal With Brown Puller,8906176016789,999,499,,,RRPL,60,,https://yuzppjtjcfjvrjeqlygp.supabase.co/storage/v1/object/public/product-images/artical-all-8906176016789.jpg,,,,,,,,26,13,38,CM,,,,,,,,,,,FALSE,2026-07-21 11:41:00.385366+00,2026-07-27 09:09:56.204834+00
4c53690b-3b95-43cd-9474-7aadddb1c0a7,Oct-25,Trolley,Travello,,"Trolley Bag Kt202-28"" Light Brown",8904486406597,10000,,,,Gsons,1,,https://yuzppjtjcfjvrjeqlygp.supabase.co/storage/v1/object/public/product-images/artical-all-8904486406597.jpg,,,,,,,,49,30,75,CM,,,,,,,,,,,FALSE,2026-07-20 04:29:50.410183+00,2026-07-27 09:09:56.340807+00
4c5829d5-5415-4918-9dd1-039ef9f9b72b,2024,Back Packs,Livesmart,,Klb220104 Livesmart Expandable Business Backpack 40 Litre,8908021726201,7500,,,,RRPL,10,,https://yuzppjtjcfjvrjeqlygp.supabase.co/storage/v1/object/public/product-images/artical-all-8908021726201.jpg,,,,,,,,49,35,62,CM,,,,,,,,,,,FALSE,2026-07-21 11:38:29.65553+00,2026-07-27 09:09:56.464984+00
4c85fac7-c55e-4308-afc3-a25f0482c11f,Apr-26,Mirror,Gerat Essentials,LT240307,Double Sided Handheld Mirror With 1X/2X Magnifying,8904486404913,199,99,,,Gsons,72,12,https://yuzppjtjcfjvrjeqlygp.supabase.co/storage/v1/object/public/product-images/artical-all-8904486404913.jpg,,,,,,,,44,24.5,30,,8,,KG,23,13,13.5,,,,,FALSE,2026-07-20 04:29:11.448092+00,2026-07-27 09:09:56.605478+00
4cd15748-5a63-4725-8859-a8a02f5910da,2024,Back Packs,LES,RH2311,Les  Multipurpose Travel Pouch  Bag Rh2311 - Aqua Green,8906176016765,399,199,,,RRPL,150,,https://yuzppjtjcfjvrjeqlygp.supabase.co/storage/v1/object/public/product-images/artical-all-8906176016765.jpg,,,,,,,,23,11.5,11.5,CM,,,,,,,,,,,FALSE,2026-07-21 11:40:59.251524+00,2026-07-27 09:09:56.734366+00
4ce649b5-3211-437e-beef-ca54f763dbf9,Jan-26,Glass Ware,White Label,460ml,Debbie Heart Mug 460Ml,8904486409123,999,399,69111011,,Gsons,24,,https://yuzppjtjcfjvrjeqlygp.supabase.co/storage/v1/object/public/product-images/artical-all-8904486409123.jpg,,,,,,,,58.4,33.9,37.2,CM,,,,,,,,,,,FALSE,2026-07-20 04:27:21.383167+00,2026-07-27 09:09:56.865657+00
4cf0efa9-2a9f-4f23-8d33-8b99070d439a,2024,Wallets,LES,,Les Ladies Wallet Y8975 Green,8906176018325,799,399,,,RRPL,90,,https://yuzppjtjcfjvrjeqlygp.supabase.co/storage/v1/object/public/product-images/artical-all-8906176018325.jpg,,,,,,,,500,380,420,MM,17.3,18.3,KG,,,,,,,,FALSE,2026-07-21 11:41:45.946562+00,2026-07-27 09:09:56.993293+00
4d389ea1-521f-44a7-9dd2-d8bc1a26d208,Oct-25,Trolley,Travello,LJXPPC050,"Trolley Bag Kt202-20"" Black",8904486406542,7000,,,,Gsons,1,,https://yuzppjtjcfjvrjeqlygp.supabase.co/storage/v1/object/public/product-images/artical-all-8904486406542.jpg,,,,,,,,49,30,75,CM,,,,,,,,,,,FALSE,2026-07-20 04:29:48.776753+00,2026-07-27 09:09:57.123458+00
4d46f356-fe03-4b73-b930-c80b91f2b4aa,Apr-26,Beauty Tool,Blushlace,FF211,Powder Puff Round - 4 Pcs,8904486410969,149,69,,,RRPL,144,12,https://yuzppjtjcfjvrjeqlygp.supabase.co/storage/v1/object/public/product-images/artical-all-8904486410969.jpg,,,,,,,,,,,,,,,,,,,,,,FALSE,2026-07-20 04:29:09.140289+00,2026-07-27 09:09:57.248909+00
4d4d4630-d4ce-4271-9faa-ad3b8b99c30f,Sep-25,Home Utility,White Label,KT256019,Wine Accessories Set - Kt256019,8904486406177,2599,1299,82055110,,Gsons,24,0,https://yuzppjtjcfjvrjeqlygp.supabase.co/storage/v1/object/public/product-images/artical-all-8904486406177.jpg,,,,,,,,32,42,42,CM,8.7,9.6,KG,,,,,,,,FALSE,2026-07-21 11:44:11.686288+00,2026-07-27 09:09:57.384595+00
4d94c4b1-db18-49ba-a61c-703b66836253,2024,Wallets,LES,,Les Ladies Wallet Y9048 Green,8906176018578,999,499,,,RRPL,90,,https://yuzppjtjcfjvrjeqlygp.supabase.co/storage/v1/object/public/product-images/artical-all-8906176018578.jpg,,,,,,,,500,380,420,MM,17.85,18.85,KG,,,,,,,,FALSE,2026-07-21 11:42:00.328137+00,2026-07-27 09:09:57.514304+00
4dad73b3-3aee-46f9-840a-642da98e52f8,Jan-25,Tools,Gerat Elektro,AC02,2 In 1 Car Safty Hammer,8906176019858,899,499,,,Gsons,,,https://yuzppjtjcfjvrjeqlygp.supabase.co/storage/v1/object/public/product-images/artical-all-8906176019858.jpg,,,,,,,,38,38,50,CM,,20.5,KG,18,18,8,CM,,,,FALSE,2026-07-21 11:42:37.401136+00,2026-07-27 09:09:57.64911+00
4ded6fae-cc2f-498d-b5f4-943e7e1952b4,Dec-25,Stationery,Quickworks,EA-15020801,Glue Stick 15Gms - 3Pcs Set,8904132986886,210,99,35061000,8900000000000,RCPL,96,12,https://yuzppjtjcfjvrjeqlygp.supabase.co/storage/v1/object/public/product-images/DEC-25-152.jpg,,,,,,,,,,,,,,,,,,,,,,FALSE,2026-07-20 04:27:06.927662+00,2026-07-27 09:09:57.771743+00
4e04bf10-3e64-4a33-98d4-0f29993f0122,2024,Wallets,LES,,Les Ladies Wallet Y9007 Green,8906176018691,799,399,,,RRPL,150,,https://yuzppjtjcfjvrjeqlygp.supabase.co/storage/v1/object/public/product-images/artical-all-8906176018691.jpg,,,,,,,,500,380,420,MM,18.2,19.2,KG,,,,,,,,FALSE,2026-07-21 11:42:07.198442+00,2026-07-27 09:09:57.902976+00
4e588ca9-92cd-48bf-92fd-5a4198308094,2024,Back Packs,Livesmart,,Livesmart Sling Bag  - Green,8906176016833,1499,,,,RRPL,40,1,https://yuzppjtjcfjvrjeqlygp.supabase.co/storage/v1/object/public/product-images/artical-all-8906176016833.jpg,,,,,,,,,,,CM,,,,,,,,,,,FALSE,2026-07-21 11:40:15.954562+00,2026-07-27 09:09:58.034715+00
4e94cde1-7338-4ef7-8225-c8edc23dedc8,Dec-25,Umbrella,LES,Lavender,"Kids Poe 19"" Straight Umbrella - Lavender",8904486407600,299,199,,,RRPL,60,,https://yuzppjtjcfjvrjeqlygp.supabase.co/storage/v1/object/public/product-images/artical-all-8904486407600.jpg,,,,,,,,72,19,42,CM,,14,KG,,,,,,,,FALSE,2026-07-20 04:26:13.832222+00,2026-07-27 09:09:58.163459+00
4e9c4513-b446-416f-af3b-f8b4150aceb4,Sep-25,Stationery,White Label,KT131186J 8PCS,8 Pcs Clip Set - Kt131186J,8904486406139,599,299,39249090,,Gsons,72,12,https://yuzppjtjcfjvrjeqlygp.supabase.co/storage/v1/object/public/product-images/artical-all-8904486406139.jpg,,,,,,,,67.5,39,56.5,CM,14,14.5,KG,,,,,,,,FALSE,2026-07-21 11:44:09.378743+00,2026-07-27 09:09:58.288879+00
4ea6ce06-2384-4735-b00c-484fef64ee8f,Mar-26,Home Utility,Home One,SM-1932,Sticky Hook So2- Sm1932,8908021726393,75,49,,,RCPL,192,,https://yuzppjtjcfjvrjeqlygp.supabase.co/storage/v1/object/public/product-images/artical-all-8908021726393.jpg,,,,,,,,540,410,395,,,,,,,,,,,,FALSE,2026-07-20 04:28:49.038884+00,2026-07-27 09:09:58.424948+00
4eabba97-cb40-4ce7-85f2-dff04684c2d4,2024,LED,Gerat Elektro,,Decorative Led Double Star Light - Gefln4D12,8906176011579,1399,599,,,Gsons,20,,https://yuzppjtjcfjvrjeqlygp.supabase.co/storage/v1/object/public/product-images/artical-all-8906176011579.jpg,,,,,,,,59,55,48,CM,,,,57,54,2.3,,,,,FALSE,2026-07-21 11:39:57.541443+00,2026-07-27 09:09:58.5483+00
4ee35024-208d-47f9-a195-d4a79335c666,May-26,Glass Ware,Home One,BGP26C076-2A,"Borosilicate Glass 
Jar With Plastic Lid
900Ml",8904132993532,499,149,,,RCPL,,6,https://yuzppjtjcfjvrjeqlygp.supabase.co/storage/v1/object/public/product-images/artical-all-8904132993532.jpg,,,,,,,,,,,CM,,,,,,,CM,,,,FALSE,2026-07-20 04:29:38.951908+00,2026-07-27 09:09:58.679229+00
4eefbe53-b928-413f-8ef9-dcb6d1b62439,Apr-26,Mirror,Gerat Essentials,LTX18-14,Double Sided Table Mirror With 1X/2X Magnifying,8904486404906,399,199,,,Gsons,36,12,https://yuzppjtjcfjvrjeqlygp.supabase.co/storage/v1/object/public/product-images/artical-all-8904486404906.jpg,,,,,,,,51,40.5,23.5,CM,12.5,13.5,KG,39.5,16.8,22,CM,3,3.5,KG,FALSE,2026-07-20 04:29:10.82666+00,2026-07-27 09:09:58.810799+00
4efc6e29-fcca-4eb4-96ee-5e7b93a167ea,Apr-26,Tools,Gerat Elektro,,Claw Hammer With Soft Grip Handl,8904486410990,399,199,,,Gsons,60,6,https://yuzppjtjcfjvrjeqlygp.supabase.co/storage/v1/object/public/product-images/artical-all-8904486410990.jpg,,,,,,,,78,35,39.5,CM,19.6,25.8,KG,33.6,15,18.7,CM,1.9,2.5,KG,FALSE,2026-07-20 04:29:16.873759+00,2026-07-27 09:09:58.94743+00
4f352dbf-8503-4ff9-b500-7d0cf8d589d9,Jan-26,Cleaning,My Home,60675,Mulitipurpose Window Cleaning Brush,8904132953703,899,499,,,RCPL,12,,https://yuzppjtjcfjvrjeqlygp.supabase.co/storage/v1/object/public/product-images/artical-all-8904132953703.jpg,,,,,,,,70,27,11,CM,,4.6,KG,,,,,,,,FALSE,2026-07-20 04:27:53.399572+00,2026-07-27 09:09:59.075938+00
4f97ec6a-76fb-48af-9751-d2a3732d3618,Sep-25,Kitchen Utility,White Label,W6571,2 In 1 Manual Peper/Salt Mill - W6571,8904486406146,1599,799,PLASTIC 39241090 15+10+18  STEEL 73239990 20+10+18,,Gsons,48,0,https://yuzppjtjcfjvrjeqlygp.supabase.co/storage/v1/object/public/product-images/artical-all-8904486406146.jpg,,,,,,,,59,46,22,CM,12.8,14,KG,,,,,,,,FALSE,2026-07-21 11:44:09.871806+00,2026-07-27 09:09:59.207319+00
4fab7c7e-04f2-4571-8aea-4ea8870bba2b,Nov-25,Beauty Tool,My Home,60056W,Dustpan And Broom Set,8904486407242,499,249,96039000,,RCPL,12,,https://yuzppjtjcfjvrjeqlygp.supabase.co/storage/v1/object/public/product-images/artical-all-8904486407242.jpg,,,,,,,,,,,,,,,,,,,,,,FALSE,2026-07-21 11:44:52.830738+00,2026-07-27 09:09:59.332771+00
4fb2cf62-22ad-474b-bad5-5c3a508e2133,2024,Stationery,Gerat Cuisino,,Paper Doyleys Round  10.5” Gold Colour,8906176016932,199,149,,,Gsons,240,20,https://yuzppjtjcfjvrjeqlygp.supabase.co/storage/v1/object/public/product-images/artical-all-8906176016932.jpg,,,,,,,,55,27.5,25,CM,,,,14.5,,,,,,,FALSE,2026-07-21 11:40:20.762286+00,2026-07-27 09:09:59.461524+00
5006d4d3-3ff2-49e1-bbbc-b742e2a5501c,Jun-26,Cleaning,My Home,,My Home Microfiber Duster 1N,8909606000648,599,299,96039000,,RCPL,48,,https://yuzppjtjcfjvrjeqlygp.supabase.co/storage/v1/object/public/product-images/artical-all-8909606000648.jpg,,,,,,,,67,30,21,CM,12.04,11.04,,,,,,,,,FALSE,2026-07-25 10:54:07.655615+00,2026-07-27 09:09:59.583916+00
500f57f8-b7cb-4aff-aa9b-b97474a25fd8,2024,Back Packs,Livesmart,,Livesmart Antitheft Backpack 18L Blue,8906176015928,6000,,,,RRPL,10,1,https://yuzppjtjcfjvrjeqlygp.supabase.co/storage/v1/object/public/product-images/artical-all-8906176015928.jpg,,,,,,,,64,52,47,CM,,,,,,,,,,,FALSE,2026-07-21 11:40:11.906611+00,2026-07-27 09:09:59.724153+00
508a4d77-a6b0-40e8-89ab-a441608bcf28,Jul-26,Clothing,Disney,,Kids - Disney Printed Bath Towel - Forzen,8904486413830,399,149,63049250,494307247,RRPL,80,8,,,,,,,,,40,40,30,CM,,12.6,KG,,,,,,,,FALSE,2026-07-20 04:30:50.653241+00,2026-07-27 09:09:59.846561+00
50c257d2-b192-48f4-9190-dee4aef6e282,Dec-25,Umbrella,LES,turq,"3 Fold -23 "" Digital Printed Umbrella - Turq",8904486407686,899,599,,,RRPL,48,,https://yuzppjtjcfjvrjeqlygp.supabase.co/storage/v1/object/public/product-images/artical-all-8904486407686.jpg,,,,,,,,34,34,46,CM,,26,KG,,,,,,,,FALSE,2026-07-20 04:26:16.825336+00,2026-07-27 09:09:59.973932+00
50c692de-8fab-4768-9253-5bd810165fae,Dec-25,Glass Ware,Home One,,Ho New Eva Pearl Glaze Mug 400Ml,8904132983793,399,199,69111011,494590331,RCPL,24,6,,,,,,,,,443,305,238,MM,,8.8,,290,214,98,MM,,2.03,,FALSE,2026-07-25 10:53:05.756945+00,2026-07-27 09:10:00.104197+00
5100d54a-ad38-4908-b093-395296cb96a8,Dec-25,Umbrella,LES,Maroon,"29"" -8K- Straight Umbrella - Maroon",8904486408393,799,599,,,RRPL,12,,https://yuzppjtjcfjvrjeqlygp.supabase.co/storage/v1/object/public/product-images/artical-all-8904486408393.jpg,,,,,,,,105,15,14,CM,,7.6,KG,,,,,,,,FALSE,2026-07-20 04:26:37.904177+00,2026-07-27 09:10:00.236669+00
510e5ddf-9c06-4cd9-aa8e-b08cdd8a8138,Jan-25,Beauty Tool,Gerat Essentials,GESF02,Pumice Stone Gesf02,8904486403770,199,99,,,Gsons,,,https://yuzppjtjcfjvrjeqlygp.supabase.co/storage/v1/object/public/product-images/artical-all-8904486403770.jpg,,,,,,,,,,,,,,,,,,,,,,FALSE,2026-07-21 11:42:58.432315+00,2026-07-27 09:10:00.35891+00
511eadca-e332-444d-98e0-cce77efca986,Jan-25,Stationery,Gerat Essentials,C-62065,Pencil Box 62065,8904486405187,199,99,,,Gsons,,,https://yuzppjtjcfjvrjeqlygp.supabase.co/storage/v1/object/public/product-images/artical-all-8904486405187.jpg,,,,,,,,63.5,45,48,CM,,25.7,,,,,,,,,FALSE,2026-07-21 11:43:27.79364+00,2026-07-27 09:10:00.491687+00
51497e54-da53-481b-9579-e72efb6e0b27,Sep-25,Cleaning,White Label,WR6649,Collapsible Laundry Basket 38L - Wr6649,8904486405927,2199,1099,39249090,,Gsons,6,0,https://yuzppjtjcfjvrjeqlygp.supabase.co/storage/v1/object/public/product-images/artical-all-8904486405927.jpg,,,,,,,,62,41,37,CM,6,7,KG,,,,,,,,FALSE,2026-07-21 11:43:57.851147+00,2026-07-27 09:10:00.618203+00
51c69f9f-6fcc-4718-8568-2a9cba9b87fc,2024,Cleaning,Gerat Cuisino,,Super Spray,8906176010213,1499,699,,,Gsons,12,,https://yuzppjtjcfjvrjeqlygp.supabase.co/storage/v1/object/public/product-images/artical-all-8906176010213.jpg,,,,,,,,,,,CM,,,,,,,,,,,FALSE,2026-07-21 11:38:41.182509+00,2026-07-27 09:10:00.746758+00
520dbf8b-5425-41e9-95bf-c5c9c047c672,Feb-26,Clock,Gerat Elektro,GE-748DC,Digital Clock - Ge-748Dc  - Black,8904486409567,799,299,,,Gsons,24,8,https://yuzppjtjcfjvrjeqlygp.supabase.co/storage/v1/object/public/product-images/artical-all-8904486409567.jpg,,,,,,,,,,,,,,,,,,,,,,FALSE,2026-07-20 04:28:07.488367+00,2026-07-27 09:10:00.873739+00
52109224-f363-4017-b89a-18a712f404b9,Jan-25,Back Packs,Gerat Elektro,FA5013,Fashions Backpack Fa-5013 Green+Black,8904486401547,1999,799,,,Gsons,,,https://yuzppjtjcfjvrjeqlygp.supabase.co/storage/v1/object/public/product-images/artical-all-8904486401547.jpg,,,,,,,,,,,,,,,,,,,,,,FALSE,2026-07-21 11:42:38.236919+00,2026-07-27 09:10:01.009592+00
52142ea2-466e-4186-93e6-e2a77a9783ab,May-26,Kitchen Utility,Home One,XL056-24#,Ss Deep Jara With Pp Handle 24Cm,8904132992337,399,249,,,RCPL,72,12,https://yuzppjtjcfjvrjeqlygp.supabase.co/storage/v1/object/public/product-images/artical-all-8904132992337.jpg,,,,,,,,51.5,47,38.5,CM,11.52,13.02,KG,46,8,25,CM,1.92,2.2,KG,FALSE,2026-07-20 04:29:24.444558+00,2026-07-27 09:10:01.140613+00
5229a94d-8d5c-4944-9e9b-e69a4e3b0c72,Sep-25,Home Utility,White Label,BA5184-3,3 Tiers Plastic Foldable Shoe Box - Ba5184,8904486405903,2599,1299,39249090,,Gsons,1,0,https://yuzppjtjcfjvrjeqlygp.supabase.co/storage/v1/object/public/product-images/artical-all-8904486405903.jpg,,,,,,,,38.5,31,14.5,CM,2.1,2.5,KG,,,,,,,,FALSE,2026-07-21 11:43:56.757793+00,2026-07-27 09:10:01.270944+00
5265ed21-d1a5-4365-8618-b9a25d2de045,2024,Umbrella,LES,,Umbrella - Gm3800A,8906176010763,499,349,,,RRPL,60,12,https://yuzppjtjcfjvrjeqlygp.supabase.co/storage/v1/object/public/product-images/artical-all-8906176010763.jpg,,,,,,,,36,34.3,54,CM,,,,,,,,,,,FALSE,2026-07-21 11:39:15.329318+00,2026-07-27 09:10:01.403526+00
529ba9f9-906e-4549-b5cb-1de50a994868,2024,Home Utility,Gerat Essentials,,Foldable Mosquito Net Double Bed-Green,8904132908253,1799,599,,,Gsons,21,,https://yuzppjtjcfjvrjeqlygp.supabase.co/storage/v1/object/public/product-images/artical-all-8904132908253.jpg,,,,,,,,60,60,60,CM,,,,,,,,,,,FALSE,2026-07-21 11:40:41.603064+00,2026-07-27 09:10:01.535906+00
52a9a56f-8aef-4d09-8ff3-53485b22a480,Jun-26,Clothing,White Label,,Kids Solid Tights (With Design)- 1Pp-2-3Y,8904486411522,249,179,61159990,,Gsons,,,,,,,,,,,,,,,,,,,,,,,,,FALSE,2026-07-25 10:55:10.620524+00,2026-07-27 09:10:01.668247+00
52f7d55e-07f8-4f93-a268-2f31dcfad2fd,2024,Kitchen Utility,Gerat Cuisino,,Rectangle Small Lunch Box With Katori,8908021726041,699,,,,Gsons,,,https://yuzppjtjcfjvrjeqlygp.supabase.co/storage/v1/object/public/product-images/artical-all-8908021726041.jpg,,,,,,,,,,,,,,,,,,,,,,FALSE,2026-07-21 11:41:13.9653+00,2026-07-27 09:10:01.803128+00
52febde0-1a36-42c3-820b-f3e4e9518d0b,Jun-26,Clothing,White Label,,Infant Design Tights (With Foot)- 1Pp-6-12M,8904486411638,249,179,61159990,,Gsons,,,https://yuzppjtjcfjvrjeqlygp.supabase.co/storage/v1/object/public/product-images/artical-all-8904486411638.jpg,,,,,,,,,,,,,,,,,,,,,,FALSE,2026-07-25 10:55:13.137332+00,2026-07-27 09:10:01.938437+00
53164216-d82f-416e-acff-d41fae2f39f3,May-26,Basket,White Label,RHA26042502,Plastic Basket With Wooden Bar -Medium -Rha26042502,8904486411829,358,179,39241090,,Gsons,10,,https://yuzppjtjcfjvrjeqlygp.supabase.co/storage/v1/object/public/product-images/artical-all-8904486411829.jpg,,,,,,,,33,22,36.5,CM,,,,,,,CM,,,,FALSE,2026-07-20 04:29:32.52946+00,2026-07-27 09:10:02.077238+00
5390f3f2-43d4-4635-810c-6475306f1b7a,Jun-26,Clothing,White Label,,Kids Solid Tights (Cable Knit) -1Pp-3-4Y,8904486411478,249,179,61159990,,Gsons,,,https://yuzppjtjcfjvrjeqlygp.supabase.co/storage/v1/object/public/product-images/artical-all-8904486411478.jpg,,,,,,,,,,,,,,,,,,,,,,FALSE,2026-07-25 10:55:09.935739+00,2026-07-27 09:10:02.202085+00
53e0851b-e9df-4791-8ed3-540b20008931,Jun-26,Clothing,Disney,,Infant  Cotton Ankle Socks- Minnie-0-6M,8904486411980,99,79,61159990,,RRPL,,,,,,,,,,,,,,,,,,,,,,,,,FALSE,2026-07-25 10:55:18.194104+00,2026-07-27 09:10:02.333241+00
540865df-e74c-402d-8ae3-084ca22712ff,2024,Back Packs,LES,YTJ001,Les Multipurpose Travel Pouch Bag So3- Ytj001 White,8906176016574,999,499,,,RRPL,80,,https://yuzppjtjcfjvrjeqlygp.supabase.co/storage/v1/object/public/product-images/artical-all-8906176016574.jpg,,,,,,,,24.5,9.5,14.5,CM,,,,,,,,,,,FALSE,2026-07-21 11:40:49.172358+00,2026-07-27 09:10:02.459109+00
542c1a9d-3ad3-4b1d-b0c7-5493c409e77c,Dec-25,Umbrella,LES,Navy,"27"" -Straught Umbrella -Navy",8904486407716,1499,999,,,RRPL,40,,https://yuzppjtjcfjvrjeqlygp.supabase.co/storage/v1/object/public/product-images/artical-all-8904486407716.jpg,,,,,,,,105,28,38,CM,,35,KG,,,,,,,,FALSE,2026-07-20 04:26:17.87717+00,2026-07-27 09:10:02.597429+00
546cbe3d-639b-47bb-b3c3-4ccd8b9b5209,2024,Back Packs,Livesmart,,Livesmart Antitheft Backpack 18L Black,8906176015911,6000,,,,RRPL,10,1,https://yuzppjtjcfjvrjeqlygp.supabase.co/storage/v1/object/public/product-images/artical-all-8906176015911.jpg,,,,,,,,64,52,47,CM,,,,,,,,,,,FALSE,2026-07-21 11:40:11.330093+00,2026-07-27 09:10:02.727484+00
549ba314-5b77-4c31-94b9-21480712b629,Jun-26,Clothing,Disney,,Kid'S Cotton Ankle Socks -Minnie-2-4Yrs,8904486411881,129,79,61159990,,RRPL,,,https://yuzppjtjcfjvrjeqlygp.supabase.co/storage/v1/object/public/product-images/artical-all-8904486411881.jpg,,,,,,,,,,,,,,,,,,,,,,FALSE,2026-07-25 10:55:16.338688+00,2026-07-27 09:10:02.864073+00
54b8960d-21b3-4bf1-b114-b4822fc31009,2024,Back Packs,LES,RH2311,Les  Multipurpose Travel Pouch  Bag Rh2311 - Blue,8906176016758,399,199,,,RRPL,150,,https://yuzppjtjcfjvrjeqlygp.supabase.co/storage/v1/object/public/product-images/artical-all-8906176016758.jpg,,,,,,,,23,11.5,11.5,CM,,,,,,,,,,,FALSE,2026-07-21 11:40:58.440334+00,2026-07-27 09:10:03.001533+00
54dadcba-eb75-4dda-8a49-985249ed3c48,Sep-25,Home Utility,White Label,B4571A,Sink Soap Dispenser Dolomite - B4571A,8904486406238,599,299,39249090,,Gsons,20,0,https://yuzppjtjcfjvrjeqlygp.supabase.co/storage/v1/object/public/product-images/artical-all-8904486406238.jpg,,,,,,,,43,31,35,CM,10.22,12.22,KG,,,,,,,,FALSE,2026-07-21 11:44:15.26546+00,2026-07-27 09:10:03.13865+00
54e3a972-64fc-47f2-95a2-b1eb8b7d24c5,Sep-25,Home Utility,White Label,B7879-S8,Multifuctional Hanging Set With Board. 8 Pcs Set - B7879-S8,8904486406443,3999,1999,39249090,,Gsons,6,0,https://yuzppjtjcfjvrjeqlygp.supabase.co/storage/v1/object/public/product-images/artical-all-8904486406443.jpg,,,,,,,,72,50,38,,18.6,18,KG,,,,,,,,FALSE,2026-07-21 11:44:26.510257+00,2026-07-27 09:10:03.267548+00
55677a5f-cebe-45da-8a17-427f3abc4d47,Jul-25,Beauty Tool,Blushlace,603E,Nail Clipper - 603E,8904486405682,99,49,82142010,,RRPL,288,48,https://yuzppjtjcfjvrjeqlygp.supabase.co/storage/v1/object/public/product-images/artical-all-8904486405682.jpg,,,,,,,,49.5,21.5,29.5,CM,16.2,18.2,,,,,,,,,FALSE,2026-07-20 04:28:09.04981+00,2026-07-27 09:10:03.399828+00
556b35b2-6546-4098-8cdd-7f68f259ed93,Jun-26,Clothing,White Label,,Kids Solid Tights (With Design)- 1Pp-9-10Y,8904486411560,249,179,61159990,,Gsons,,,,,,,,,,,,,,,,,,,,,,,,,FALSE,2026-07-25 10:55:11.440905+00,2026-07-27 09:10:03.534369+00
5577a792-5d03-42a0-8401-22917418a76b,Jan-26,Cleaning,My Home,60640,Blind Duster,8904132953970,199,99,,,RCPL,96,24,https://yuzppjtjcfjvrjeqlygp.supabase.co/storage/v1/object/public/product-images/artical-all-8904132953970.jpg,,,,,,,,23.5,30.5,25,CM,,5.2,KG,,,,,,,,FALSE,2026-07-20 04:27:57.872195+00,2026-07-27 09:10:03.679914+00
55e72cc4-be8a-455c-852a-0cb53fb91ce1,2024,Home Utility,Home One,,Suction Rotatable Towel Holder- Sm1603,8908021726461,645,399,,,RCPL,,,https://yuzppjtjcfjvrjeqlygp.supabase.co/storage/v1/object/public/product-images/artical-all-8908021726461.jpg,,,,,,,,,,,,,,,,,,,,,,FALSE,2026-07-21 11:41:20.697244+00,2026-07-27 09:10:03.816329+00
55f53dc3-975b-4c26-bff9-335dff99273f,2024,Back Packs,LES,RH2236,Les  Multipurpose Travel Pouch  Bag Rh2236 - Pink,8906176016697,199,99,,,RRPL,160,,https://yuzppjtjcfjvrjeqlygp.supabase.co/storage/v1/object/public/product-images/artical-all-8906176016697.jpg,,,,,,,,16.5,6.5,12.5,CM,,,,,,,,,,,FALSE,2026-07-21 11:40:55.280171+00,2026-07-27 09:10:03.954813+00
5680a3f1-6aa1-4f1f-85ed-b9c176879b08,2024,Clock,Gerat Elektro,,Wall Clock - 731-12,8906176010190,1099,599,,,Gsons,,,https://yuzppjtjcfjvrjeqlygp.supabase.co/storage/v1/object/public/product-images/artical-all-8906176010190.jpg,,,,,,,,,,,,,,,,,,,,,,FALSE,2026-07-21 11:41:33.937332+00,2026-07-27 09:10:04.079168+00
56f35867-f339-4306-b016-6ea277db44cb,Jan-25,Stationery,Gerat Essentials,802,Mesh Pen Holder - Gold,8904486404838,199,99,,,Gsons,,,https://yuzppjtjcfjvrjeqlygp.supabase.co/storage/v1/object/public/product-images/artical-all-8904486404838.jpg,,,,,,,,55.5,38,43,CM,,6.6,KG,,,,,,,,FALSE,2026-07-21 11:43:13.423192+00,2026-07-27 09:10:04.214106+00
5700ae00-63f3-42e3-8f07-be644a98f608,Jan-26,Clothing,White Label,CH24H047,Cap - Ch24H047,8904486409307,599,299,65050090,,Gsons,100,10,https://yuzppjtjcfjvrjeqlygp.supabase.co/storage/v1/object/public/product-images/artical-all-8904486409307.jpg,,,,,,,,47,42,43,CM,7.4,8,KG,,,,,,,,FALSE,2026-07-20 04:27:45.563064+00,2026-07-27 09:10:04.337791+00
570b3ba8-0afe-47f9-b353-9c9cd671a0b8,Dec-25,Umbrella,LES,navy blue,"23"" - Straight Polyester Umbrella - Navy Blue",8904486407785,399,249,,,RRPL,60,,https://yuzppjtjcfjvrjeqlygp.supabase.co/storage/v1/object/public/product-images/artical-all-8904486407785.jpg,,,,,,,,94,24,45,CM,,21,KG,,,,,,,,FALSE,2026-07-20 04:26:21.225493+00,2026-07-27 09:10:04.471197+00
570b7160-787c-4663-9b69-792644b7cc35,2024,Back Packs,White Label,CH24B424,Waist Pouch Ch24B424 Black,8906176018110,399,199,,,Gsons,100,,https://yuzppjtjcfjvrjeqlygp.supabase.co/storage/v1/object/public/product-images/artical-all-8906176018110.jpg,,,,,,,,40,60,52,CM,,,,,,,,,,,FALSE,2026-07-21 11:41:42.06455+00,2026-07-27 09:10:04.609922+00
573d18a4-c56c-41e5-ab16-09ad918b4c6d,Jan-25,Stationery,Quickworks,,Qw Eva Single Zipper Pouch Girls,8904486400038,499,249,,494483962,RCPL,180,12,https://yuzppjtjcfjvrjeqlygp.supabase.co/storage/v1/object/public/product-images/artical-all-8904486400038.jpg,,,,,,,,,,,,,,,,,,,,,,FALSE,2026-07-21 11:43:31.14116+00,2026-07-27 09:10:04.745759+00
5776174c-bb9a-4472-bc4c-d17a1d6a3b25,Jul-26,Glass Ware,Home One,YM25330,Ho Eva Tulip Mug 380Ml,8909606002154,499,199,69111029,494608338,RCPL,24,12,https://yuzppjtjcfjvrjeqlygp.supabase.co/storage/v1/object/public/product-images/artical-all-8909606002154.jpg,,,,,,,,420,300,210,MM,,7.66,KG,400,285,94,MM,,3.65,KG,FALSE,2026-07-20 04:31:03.814014+00,2026-07-27 09:10:04.875153+00
580274bb-f70d-436c-8d1e-de0f9d86e782,Jul-25,Back Packs,Livesmart,,Business Backpack - Klb200103Bk Black,8904486405590,8500,3400,42029900,,RRPL,10,,https://yuzppjtjcfjvrjeqlygp.supabase.co/storage/v1/object/public/product-images/artical-all-8904486405590.jpg,,,,,,,,51,33,65,CM,7.5,9,,,,,,,,,FALSE,2026-07-25 10:51:11.689699+00,2026-07-27 09:10:05.012416+00
581d7b4b-02cf-49d8-bb8c-8d4a5d0cb375,Jul-25,Back Packs,Livesmart,,Business Backpack - Klb230908Bk Black,8904486405538,9999,3999,42029900,,RRPL,10,,https://yuzppjtjcfjvrjeqlygp.supabase.co/storage/v1/object/public/product-images/artical-all-8904486405538.jpg,,,,,,,,57,38,70,CM,13,14.5,,,,,,,,,FALSE,2026-07-25 10:51:07.116227+00,2026-07-27 09:10:05.149932+00
58777751-b8c4-485f-9ad4-0e231fef59aa,Jan-25,Menstrual Cup,Gerat Essentials,S,Menstrual Cup-S,8906176019582,599,,,,Gsons,,,https://yuzppjtjcfjvrjeqlygp.supabase.co/storage/v1/object/public/product-images/artical-all-8906176019582.jpg,,,,,,,,,,,,,,,,,,,,,,FALSE,2026-07-21 11:42:35.769696+00,2026-07-27 09:10:05.282555+00
589de602-4749-41cd-a083-36f2dfd7c9e1,Sep-25,Home Utility,White Label,KT190070L-11.5CM,Stainless Steel Sink Strainer 11.5 Cm - Kt190070L,8904486406108,159,79,73249000,,Gsons,144,6,https://yuzppjtjcfjvrjeqlygp.supabase.co/storage/v1/object/public/product-images/artical-all-8904486406108.jpg,,,,,,,,31,26,26,CM,7.2,7.7,KG,,,,,,,,FALSE,2026-07-21 11:44:07.776417+00,2026-07-27 09:10:05.411388+00
58a83344-b618-4929-a22f-55a507ad104b,Sep-25,Home Utility,White Label,WR3036,Folding Chair - Wr3036,8904486406092,1599,799,94032010,,Gsons,10,0,https://yuzppjtjcfjvrjeqlygp.supabase.co/storage/v1/object/public/product-images/artical-all-8904486406092.jpg,,,,,,,,83,23,46,CM,17,17.4,KG,,,,,,,,FALSE,2026-07-21 11:44:07.28201+00,2026-07-27 09:10:05.547978+00
58d27fe9-bb96-4d65-b435-cbdc2a7d3048,2024,Back Packs,Gerat Elektro,,Fashion Backpack 18L Kx9119D Pink,8906176011289,1999,,,,Gsons,10,,https://yuzppjtjcfjvrjeqlygp.supabase.co/storage/v1/object/public/product-images/artical-all-8906176011289.jpg,,,,,,,,48,35,32,CM,,,,,,,,,,,FALSE,2026-07-21 11:39:33.881663+00,2026-07-27 09:10:05.677195+00
5950257e-eb44-44f6-b514-647c20cb2280,Jun-26,Glass Ware,Home One,B00702,Ho Yana Shot Glass 60 Ml,8909606000082,149,39,70133700,,RCPL,144,24,https://yuzppjtjcfjvrjeqlygp.supabase.co/storage/v1/object/public/product-images/artical-all-8909606000082.jpg,,,,,,,,46,34.2,36.5,CM,14.3,12.8,KG,32.8,21.9,11,CM,2.6,2.2,KG,FALSE,2026-07-20 04:30:16.592201+00,2026-07-27 09:10:05.808227+00
59a5cdb6-9ee1-4789-a48b-d1af9019be5d,2024,Stationery,Gerat Cuisino,,Paper Doyleys Round  5.5” White Colour,8906176016864,99,49,,,Gsons,200,100,https://yuzppjtjcfjvrjeqlygp.supabase.co/storage/v1/object/public/product-images/artical-all-8906176016864.jpg,,,,,,,,43,29,30,CM,,,,14.5,,,,,,,FALSE,2026-07-21 11:40:18.113546+00,2026-07-27 09:10:05.932097+00
59d61d60-989e-42b8-a01d-20e2669571b5,Jul-26,Kitchen Utility,White Label,,Muffin Pan 6,8904486413908,299,149,73239190,,Gsons,48,,https://yuzppjtjcfjvrjeqlygp.supabase.co/storage/v1/object/public/product-images/artical-all-8904486413908.jpg,,,,,,,,,,,,,,,,,,,,,,FALSE,2026-07-20 04:30:54.281582+00,2026-07-27 09:10:06.063446+00
5a4deda3-462a-48e8-8526-ecbcb1a63069,May-26,Stationery,Quickworks,A-100,All Purpose White Glue,8904132952928,99,49,,,RCPL,72,12,https://yuzppjtjcfjvrjeqlygp.supabase.co/storage/v1/object/public/product-images/artical-all-8904132952928.jpg,,,,,,,,35,19.7,31.7,CM,8.7,9.3,KG,18.2,10.8,14.6,CM,1.37,1.45,KG,FALSE,2026-07-20 04:29:44.132912+00,2026-07-27 09:10:06.187341+00
5a9aeaf1-6877-40d0-9433-c7f6eea1c8fd,2024,LED,Gerat Elektro,,Led Curtain Lights  Lighting Chain Warm White -Gefln1D6,8906176011555,999,499,,,Gsons,100,0,https://yuzppjtjcfjvrjeqlygp.supabase.co/storage/v1/object/public/product-images/artical-all-8906176011555.jpg,,,,,,,,58,37,29,CM,,,,14,7,9,,,,,FALSE,2026-07-21 11:39:56.370911+00,2026-07-27 09:10:06.315724+00
5ae4d45d-b893-44c4-b8ff-eb4d1c7e1980,Jun-26,Kitchen Utility,Ulhaas,Label,Ulhaas Coral Fleece Jacq Ht 40X60Cm Ast,8904132994195,99,49,,,RCPL,240,24,https://yuzppjtjcfjvrjeqlygp.supabase.co/storage/v1/object/public/product-images/artical-all-8904132994195.jpg,,,,,,,,,,,,,,,,,,,,,,FALSE,2026-07-20 04:30:14.00705+00,2026-07-27 09:10:06.437756+00
5b38c764-7391-46af-8dae-b33db7936bde,Jul-25,Beauty Tool,Simply Smart,HA73242-5P8,Tic Tac Clips 5 Cm (8 Pcs),8904486405507,79,35,96151900,,RRPL,240,24,https://yuzppjtjcfjvrjeqlygp.supabase.co/storage/v1/object/public/product-images/artical-all-8904486405507.jpg,,,,,,,,45.5,19,24,CM,4.35,3.75,KG,,,,,,,,FALSE,2026-07-20 04:27:08.948595+00,2026-07-27 09:10:06.566908+00
5b70965a-0243-436b-99db-4fd59e87b9af,Jun-26,Back Packs,LES,ENL024110R-SF,Sling Bag - Enl024110R-Sf - Black,8904486413236,3999,999,42029900,,RRPL,48,,https://yuzppjtjcfjvrjeqlygp.supabase.co/storage/v1/object/public/product-images/artical-all-8904486413236.jpg,,,,,,,,59,56,31,,14.2,15.2,KG,,,,,,,,FALSE,2026-07-20 04:30:18.586332+00,2026-07-27 09:10:06.689652+00
5b90977a-2566-4b02-8e06-42dce03b76a9,2024,Back Packs,LES,,Drawstring Foldable Backpack Purple,8906176017014,1299,499,,,RRPL,50,1,https://yuzppjtjcfjvrjeqlygp.supabase.co/storage/v1/object/public/product-images/artical-all-8906176017014.jpg,,,,,,,,40,45,35,CM,,,,,,,,,,,FALSE,2026-07-21 11:40:26.348818+00,2026-07-27 09:10:06.829802+00
5b916232-6074-4fa4-8e4e-e086321955ac,Jul-25,Beauty Tool,Simply Smart,PB210011-1P6,Tic Tac Clips 7 Cm (6 Pcs),8904486405514,79,35,96151900,,RRPL,240,24,https://yuzppjtjcfjvrjeqlygp.supabase.co/storage/v1/object/public/product-images/artical-all-8904486405514.jpg,,,,,,,,45.5,19,24,CM,5.6,5,KG,,,,,,,,FALSE,2026-07-21 11:43:37.379434+00,2026-07-27 09:10:06.954384+00
5c0ab42b-d874-45b8-af3f-3016be1b5c92,Dec-25,Back Packs,Livesmart,,Backpack Green - Dp25-L011,8904486408560,4499,1999,,,RRPL,10,,https://yuzppjtjcfjvrjeqlygp.supabase.co/storage/v1/object/public/product-images/artical-all-8904486408560.jpg,,,,,,,,,,,,,,,,,,,,,,FALSE,2026-07-20 04:26:56.889536+00,2026-07-27 09:10:07.086892+00
5c48e242-9fd3-4458-b2e6-35c374c99ec4,Dec-25,Glass Ware,Home One,,Glass Canister 80 Ml,8904132987357,99,49,,,RCPL,144,12,https://yuzppjtjcfjvrjeqlygp.supabase.co/storage/v1/object/public/product-images/artical-all-8904132987357.jpg,,,,,,,,,,,,,,,,,,,,,,FALSE,2026-07-25 10:52:21.956645+00,2026-07-27 09:10:07.210901+00
5c7ab5ed-c0ca-40c1-b5a8-f8edadba5c02,Jan-25,Stationery,Gerat Essentials,GESK02,Key Chiain Gesk02,8904486402087,129,69,,,Gsons,,,https://yuzppjtjcfjvrjeqlygp.supabase.co/storage/v1/object/public/product-images/artical-all-8904486402087.jpg,,,,,,,,,,,,,,,,,,,,,,FALSE,2026-07-21 11:43:03.915362+00,2026-07-27 09:10:07.341048+00
5c7f0973-ec23-46dd-8bcb-bb99494b8fb3,May-26,Glass Ware,White Label,450ml,Pc Bottle 450 Ml,8904486411744,349,149,39241090,,Gsons,24,,,,,,,,,,43,29,30,CM,3.2,3.7,KG,,,,CM,,,,FALSE,2026-07-20 04:29:26.720313+00,2026-07-27 09:10:07.463749+00
5ca4dcee-0b67-4b3a-9e0d-ea6f54809acb,Jan-25,Kitchen Utility,Home One,HK2831-6,Traceless Hook 6 Pcs Set,8904132955363,119,59,,,RCPL,192,24,https://yuzppjtjcfjvrjeqlygp.supabase.co/storage/v1/object/public/product-images/artical-all-8904132955363.jpg,,,,,,,,67,33,47,CM,,,KG,32.6,22.5,15.7,CM,,,KG,FALSE,2026-07-20 04:28:11.836149+00,2026-07-27 09:10:07.594211+00
5ca66643-68da-4a60-944e-10aaf755151b,2024,Back Packs,Livesmart,,Livesmart Expander Backpack 40L Black,8906176015898,7500,,,,RRPL,10,1,https://yuzppjtjcfjvrjeqlygp.supabase.co/storage/v1/object/public/product-images/artical-all-8906176015898.jpg,,,,,,,,57,41,78,CM,,,,,,,,,,,FALSE,2026-07-21 11:40:10.205034+00,2026-07-27 09:10:07.719716+00
5ce556a4-aaf1-4d63-b891-e8a720be1222,May-26,Home Utility,Home One,LT203,Ho Folding Wash Basin Round 5.5L Lt203,8904132993457,439,199,,,RCPL,20,,https://yuzppjtjcfjvrjeqlygp.supabase.co/storage/v1/object/public/product-images/artical-all-8904132993457.jpg,,,,,,,,27,27,35,CM,5.7,6.1,KG,,,,CM,,,,FALSE,2026-07-20 04:29:40.487905+00,2026-07-27 09:10:07.848385+00
5d573382-5af5-48b2-9d23-64a3c9bf0126,Sep-25,Glass Ware,Home One,2501XZ761,Homeone Easy Grip Glass Sipper 380 Ml,8904132956926,199,99,,,RCPL,36,12,https://yuzppjtjcfjvrjeqlygp.supabase.co/storage/v1/object/public/product-images/artical-all-8904132956926.jpg,,,,,,,,410,310,428,MM,,,,390,289,47,MM,,,,FALSE,2026-07-20 04:30:50.383982+00,2026-07-27 09:10:07.970917+00
5d673acc-3f65-4874-969b-7bf57a6c4299,Dec-25,Basket,Home One,MW0028097-1,Ho Gold Clr Round Metal Basket D30Xh10Cm,8904132961951,999,499,,,RCPL,12,,https://yuzppjtjcfjvrjeqlygp.supabase.co/storage/v1/object/public/product-images/artical-all-8904132961951.jpg,,,,,,,,31,31,46,CM,6,6.7,KG,,,,,,,,FALSE,2026-07-20 04:26:07.83225+00,2026-07-27 09:10:08.10036+00
5d8d03e3-66f0-4f60-990c-3c9129b5b64a,Jul-25,Stationery,Quickworks,,Quickwork Puzzle Glue 124Ml,8904132967649,99,59,35061000,,RCPL,72,12,https://yuzppjtjcfjvrjeqlygp.supabase.co/storage/v1/object/public/product-images/artical-all-8904132967649.jpg,,,,,,,,34.6,26.7,25.2,CM,12,11,,,,,,,,,FALSE,2026-07-25 10:51:04.697916+00,2026-07-27 09:10:08.223683+00
5d9af08e-d357-4e03-a926-6ede5b22d112,Nov-25,Glass Ware,Home One,RMF22035,Glass Canister 1300Ml,8904486406733,399,199,,,RCPL,18,4,https://yuzppjtjcfjvrjeqlygp.supabase.co/storage/v1/object/public/product-images/artical-all-8904486406733.jpg,,,,,,,,67.5,34.5,26,CM,12.6,13.8,KG,,33,22,,4.2,4.42,KG,FALSE,2026-07-20 04:29:59.694542+00,2026-07-27 09:10:08.353468+00
5da1818d-ea53-40c8-9d52-20e1c2bc9af5,Jul-25,Stationery,Quickworks,,Quickwork Transparent 2Mm Nano Tape Po14,8904132967700,149,99,39199090,,RCPL,288,48,https://yuzppjtjcfjvrjeqlygp.supabase.co/storage/v1/object/public/product-images/artical-all-8904132967700.jpg,,,,,,,,35.5,20,42.8,CM,9.5,8.5,,,,,,,,,FALSE,2026-07-25 10:51:05.945065+00,2026-07-27 09:10:08.486662+00
5da47111-5a56-4a1e-9e0c-d673546b54bb,Sep-25,Home Utility,White Label,KT171033A 10L,Collapsible Bucket Square Shape 10L - Kt171033A  Size(32X31X24) Folded Size (32X31X5.2Cm),8904486405873,599,299,39249090,,Gsons,12,0,https://yuzppjtjcfjvrjeqlygp.supabase.co/storage/v1/object/public/product-images/artical-all-8904486405873.jpg,,,,,,,,36,32,38.5,CM,5.5,6,KG,,,,,,,,FALSE,2026-07-21 11:43:55.193913+00,2026-07-27 09:10:08.617716+00
5dc15b0f-20e9-4d25-8601-4d46af2caba8,2024,Back Packs,Gerat Elektro,,Kids Backpack 7L - T6172,8906176010541,1999,599,,,Gsons,10,,https://yuzppjtjcfjvrjeqlygp.supabase.co/storage/v1/object/public/product-images/artical-all-8906176010541.jpg,,,,,,,,21,27,33,CM,,,,,,,,,,,FALSE,2026-07-21 11:39:04.237164+00,2026-07-27 09:10:08.743794+00
5e8bbfbf-b6e0-4db7-8fda-7a14e75245f9,Sep-25,Mirror,Simply Smart,MR70110-3 1,Pocket Mirror - Lemon Yellow,8904486405798,149,69,70099200,,RRPL,288,48,https://yuzppjtjcfjvrjeqlygp.supabase.co/storage/v1/object/public/product-images/artical-all-8904486405798.jpg,,,,,,,,53,19,42.5,CM,12,12.5,KG,18,17,20,CM,2.2,1.9,KG,FALSE,2026-07-20 04:27:37.375339+00,2026-07-27 09:10:08.880595+00
5eb5afd9-b5fc-42c9-80aa-fc9349caf0e7,Jan-25,Glass Ware,Home One,,Ho Sodalime Glass Water Jug 1800Ml,8904132958517,399,199,,,RCPL,24,,https://yuzppjtjcfjvrjeqlygp.supabase.co/storage/v1/object/public/product-images/artical-all-8904132958517.jpg,,,,,,,,49,37,28,,,,,,,,,,,,FALSE,2026-07-25 10:50:20.14293+00,2026-07-27 09:10:09.018264+00
5ebb3a71-2138-45b3-9af7-f7f06d06ff65,Jan-26,Cleaning,My Home,60628,Dustgenie Cleaning Brush,8904132953956,249,129,,,RCPL,96,24,https://yuzppjtjcfjvrjeqlygp.supabase.co/storage/v1/object/public/product-images/artical-all-8904132953956.jpg,,,,,,,,68,36,13,CM,,4.9,KG,,,,,,,,FALSE,2026-07-20 04:27:56.643235+00,2026-07-27 09:10:09.152683+00
5ec21b07-cae7-43e9-a801-96d356a8928e,Jun-26,Home Utility,Happy Living,,Happyliving 3D Matrix Indoor Mat 37X57Cm,8909606012009,359,179,,494759494,RCPL,36,24,,,,,,,,,40,60,17,CM,,,,,,,,,,,FALSE,2026-07-20 04:30:26.120636+00,2026-07-27 09:10:09.291312+00
5eee32f5-947c-453a-87a9-056474c9c6d5,Dec-25,Locks,Gerat Cuisino,GS092-2-L,Pad Lock-Gs092-2-L  Number Lock 4 Digit,8906176014815,499,199,,,Gsons,288,24,https://yuzppjtjcfjvrjeqlygp.supabase.co/storage/v1/object/public/product-images/artical-all-8906176014815.jpg,,,,,,,,42,28,55,CM,17.28,19.5,KG,20,13,17.5,CM,1.44,1.54,KG,FALSE,2026-07-20 04:27:10.567286+00,2026-07-27 09:10:09.423334+00
5f03a80b-c91d-4274-b65d-d2d46ff56498,Jan-26,Home Utility,White Label,,Hot Bag,8904486409413,299,149,40149020,,Gsons,50,,https://yuzppjtjcfjvrjeqlygp.supabase.co/storage/v1/object/public/product-images/artical-all-8904486409413.jpg,,,,,,,,,,,CM,,,,,,,,,,,FALSE,2026-07-20 04:27:48.287919+00,2026-07-27 09:10:09.551364+00
5f06c840-721c-40d0-b32f-58483d67dad4,2024,Stationery,Quickworks,,Mini Stapler Set Light Orange,8906176018196,149,99,,,RCPL,144,24,https://yuzppjtjcfjvrjeqlygp.supabase.co/storage/v1/object/public/product-images/artical-all-8906176018196.jpg,,,,,,,,44,31.3,30,CM,11.5,13,KG,44,10.43,15,CM,2.166666667,,,FALSE,2026-07-21 11:42:09.832727+00,2026-07-27 09:10:09.685137+00
5f0b3ac7-2398-4871-b850-af1c81e9c9ec,Dec-25,Back Packs,Livesmart,,Backpack Black - Dp-T962,8904486408638,2999,1299,,,RRPL,10,,https://yuzppjtjcfjvrjeqlygp.supabase.co/storage/v1/object/public/product-images/artical-all-8904486408638.jpg,,,,,,,,,,,,,,,,,,,,,,FALSE,2026-07-20 04:27:00.333256+00,2026-07-27 09:10:09.920404+00
5f94a141-ea0a-420e-9792-8a5cbe7fc7c1,Oct-25,Trolley,Travello,LJXPPC050,"Trolley Bag Kt202-20"" Light Brown",8904486406573,7000,,,,Gsons,1,,https://yuzppjtjcfjvrjeqlygp.supabase.co/storage/v1/object/public/product-images/artical-all-8904486406573.jpg,,,,,,,,49,30,75,CM,,,,,,,,,,,FALSE,2026-07-20 04:29:49.602917+00,2026-07-27 09:10:10.05621+00
5f9708e8-7057-4bb5-a61b-3fb0cdedb2a2,Jan-25,Back Packs,Gerat Essentials,YSS03,Mesh Pouch With Zipper,8904486404975,199,99,,,Gsons,192,24,https://yuzppjtjcfjvrjeqlygp.supabase.co/storage/v1/object/public/product-images/artical-all-8904486404975.jpg,,,,,,,,51,38,40,CM,,,,,,,,,,,FALSE,2026-07-20 04:27:15.388263+00,2026-07-27 09:10:10.182921+00
5ffa175e-fa35-49c4-9902-6863802e2c68,Dec-25,Umbrella,LES,black floral,"23"" - Straight Polyester Umbrella - Black Floral",8904486407761,399,249,,,RRPL,60,,https://yuzppjtjcfjvrjeqlygp.supabase.co/storage/v1/object/public/product-images/artical-all-8904486407761.jpg,,,,,,,,94,24,45,CM,,21,KG,,,,,,,,FALSE,2026-07-20 04:26:19.928458+00,2026-07-27 09:10:10.318668+00
600502e2-62fa-4566-ab46-1e43c71ceb7a,Jun-26,Home Utility,Ulhaas,,Ulhaas Homestyle Ptd Indoor Mat 38X58Cm,8909606004226,299,149,,494759492,RCPL,48,12,,,,,,,,,40,60,14,CM,,,,,,,,,,,FALSE,2026-07-20 04:30:25.855584+00,2026-07-27 09:10:10.443387+00
600be9e7-6030-4ccd-9716-a295091a2ba8,2024,Wallets,LES,,Les Ladies Wallet Y9033 Grey,8906176018646,799,399,,,RRPL,150,,https://yuzppjtjcfjvrjeqlygp.supabase.co/storage/v1/object/public/product-images/artical-all-8906176018646.jpg,,,,,,,,500,380,420,MM,18,19,KG,,,,,,,,FALSE,2026-07-21 11:42:04.281619+00,2026-07-27 09:10:10.578018+00
6037951b-c752-4db8-9597-65bb23e63e65,2024,Glass Ware,Home One,,Glass Cups 250Ml Set Of 2,8904132977525,899,399,,,RCPL,12,2,https://yuzppjtjcfjvrjeqlygp.supabase.co/storage/v1/object/public/product-images/artical-all-8904132977525.jpg,,,,,,,,41,26,26,CM,,,,24.5,13,12,,,,,FALSE,2026-07-21 11:40:02.35675+00,2026-07-27 09:10:10.703004+00
60400556-6897-47bf-99ba-424e9fe677f8,Jan-25,Glass Ware,Home One,2501XZ717,Homeone Jasmine Glass Mug 460 Ml,8904132956933,199,99,,,RCPL,24,6,https://yuzppjtjcfjvrjeqlygp.supabase.co/storage/v1/object/public/product-images/artical-all-8904132956933.jpg,,,,,,,,415,285,430,MM,,,,,,,,,,,FALSE,2026-07-21 11:43:15.794207+00,2026-07-27 09:10:10.836707+00
604ba280-0e52-4162-af34-62528ef0426e,2024,Back Packs,White Label,CH24B426,Waist Pouch Ch24B426 Grey,8906176018134,399,199,,,Gsons,100,,https://yuzppjtjcfjvrjeqlygp.supabase.co/storage/v1/object/public/product-images/artical-all-8906176018134.jpg,,,,,,,,40,60,52,CM,,,,,,,,,,,FALSE,2026-07-21 11:41:43.137338+00,2026-07-27 09:10:10.963607+00
60e84856-1a9d-4347-bc0c-eeadce8db77d,Jul-26,LED,Gerat Elektro,GFLW100D6,Gerat Elektro 100L Gflw100D6 Ww Ld Light,8906176011463,749,249,,494462169,Gsons,100,25,https://yuzppjtjcfjvrjeqlygp.supabase.co/storage/v1/object/public/product-images/artical-all-8906176011463.jpg,,,,,,,,,,,,,,,,,,,,,,FALSE,2026-07-20 04:30:43.757916+00,2026-07-27 09:10:11.094041+00
60ecd7e7-b1f1-4a6e-ae76-cc4e007347a0,Jul-25,Home Utility,Simply Smart,,Simply Smart Colour Catcher 10Pc Bag,8904486405477,80,,63079019,,RRPL,96,,https://yuzppjtjcfjvrjeqlygp.supabase.co/storage/v1/object/public/product-images/artical-all-8904486405477.jpg,,,,,,,,54.5,32,20,CM,3,3,KG,,,,,,,,FALSE,2026-07-21 11:43:35.646696+00,2026-07-27 09:10:11.220261+00
6152e96a-28e7-4de2-8ec9-f624ac71366e,2024,Glass Ware,Home One,,Multipurpose Glass Tumbler 550Ml,8904132977570,1299,599,,,RCPL,12,1,https://yuzppjtjcfjvrjeqlygp.supabase.co/storage/v1/object/public/product-images/artical-all-8904132977570.jpg,,,,,,,,52,39.5,28,CM,,,,12.5,12.5,26,,,,,FALSE,2026-07-21 11:40:05.072545+00,2026-07-27 09:10:11.349916+00
6156c513-194d-4646-8514-82d52c5419de,Jul-26,Clothing,Marvel,,Kids - Disney Printed Bath Towel - Spiderman B,8904486413878,399,149,63049250,494307251,RRPL,80,8,,,,,,,,,40,40,30,CM,,12.6,KG,,,,,,,,FALSE,2026-07-20 04:30:51.721008+00,2026-07-27 09:10:11.476901+00
615c09de-f727-449d-a81a-d67c65e74d4b,Sep-25,Mirror,White Label,WR5364,Over Door Mirror-Ps Frame - Wr5364,8904486406054,1999,999,70099200,,Gsons,8,0,https://yuzppjtjcfjvrjeqlygp.supabase.co/storage/v1/object/public/product-images/artical-all-8904486406054.jpg,,,,,,,,134,18,38,CM,18,20,KG,,,,,,,,FALSE,2026-07-21 11:44:04.890495+00,2026-07-27 09:10:11.605232+00
61631efd-050c-41b0-b0f3-5adfccdc27a6,Jun-26,Clothing,White Label,,Unisex Polyester Ankle Socks - 2Pp-35-38,8904486411386,79,49,61159990,,Gsons,,,https://yuzppjtjcfjvrjeqlygp.supabase.co/storage/v1/object/public/product-images/artical-all-8904486411386.jpg,,,,,,,,,,,,,,,,,,,,,,FALSE,2026-07-25 10:55:07.667162+00,2026-07-27 09:10:11.728505+00
6175e5b5-ab52-4dfc-9aa6-74a7c560eabd,Jan-25,Beauty Tool,Gerat Essentials,GESN03,Nail Clipper Set Gesn03,8904486402025,199,99,,,Gsons,,,https://yuzppjtjcfjvrjeqlygp.supabase.co/storage/v1/object/public/product-images/artical-all-8904486402025.jpg,,,,,,,,,,,,,,,,,,,,,,FALSE,2026-07-21 11:43:00.108723+00,2026-07-27 09:10:11.859927+00
61e04141-d4e3-48a8-9c96-0e31d51da324,2024,Cleaning,Gerat Cuisino,,Gerat Scrubber Plast Po6 65X38X56 Cm 10G,8906176018776,119,59,,,Gsons,120,0,https://yuzppjtjcfjvrjeqlygp.supabase.co/storage/v1/object/public/product-images/artical-all-8906176018776.jpg,,,,,,,,65,38,56,CM,,,,,,,,,,,FALSE,2026-07-21 11:40:37.807136+00,2026-07-27 09:10:11.984087+00
61eb8f9f-9920-412f-9af1-e6184c09cb49,2024,Clock,Gerat Elektro,,Wall Clock - D3070-04-10,8906176010114,999,499,,,Gsons,,,https://yuzppjtjcfjvrjeqlygp.supabase.co/storage/v1/object/public/product-images/artical-all-8906176010114.jpg,,,,,,,,,,,,,,,,,,,,,,FALSE,2026-07-21 11:41:30.710327+00,2026-07-27 09:10:12.123013+00
6213b860-dd39-4139-b7a6-2ed9fe67a34c,Oct-25,Back Packs,LES,Pink,Multipurpose Travel Pouch Bag So3 - Ytj001 Pink,8906176016567,999,499,,,RRPL,40,,https://yuzppjtjcfjvrjeqlygp.supabase.co/storage/v1/object/public/product-images/artical-all-8906176016567.jpg,,,,,,,,60,45,30,CM,12.5,13.5,KG,,,,CM,,,,FALSE,2026-07-20 04:29:34.714069+00,2026-07-27 09:10:12.280144+00
62621866-a953-4cf9-af16-548b6c301bb9,Feb-26,Basket,White Label,,Square Tray Big,8904486405101,599,279,,,Gsons,15,,https://yuzppjtjcfjvrjeqlygp.supabase.co/storage/v1/object/public/product-images/artical-all-8904486405101.jpg,,,,,,,,48,27,28,,,,,,,,,,,,FALSE,2026-07-20 04:28:32.085718+00,2026-07-27 09:10:12.409376+00
62a7fe0a-6bdb-4fc9-a724-6c548b4617a9,Jan-25,Kitchen Utility,Home One,HK3200,Traceless Hook 2 Pcs Set,8904486401998,129,59,,,RCPL,160,20,https://yuzppjtjcfjvrjeqlygp.supabase.co/storage/v1/object/public/product-images/2024-2025-551.jpg,,,,,,,,47,58,24,CM,,,,22.5,28,10.8,CM,,,,FALSE,2026-07-21 11:43:09.709671+00,2026-07-27 09:10:12.534341+00
62b159ac-6cd6-4b6d-a6b7-daff21476793,Jun-26,Cleaning,My Home,,My Home Window Squeege Wiper 1N,8909606000617,199,89,96039000,,RCPL,36,,https://yuzppjtjcfjvrjeqlygp.supabase.co/storage/v1/object/public/product-images/artical-all-8909606000617.jpg,,,,,,,,38,33,18,CM,3,2.2,,,,,,,,,FALSE,2026-07-25 10:54:06.580827+00,2026-07-27 09:10:12.698591+00
62ceee09-b9a2-475f-bee1-1cf69857f5be,Jan-26,Glass Ware,Home One,,Glass Soap Dispenser,8904132987494,199,99,70133700,,RCPL,48,12,https://yuzppjtjcfjvrjeqlygp.supabase.co/storage/v1/object/public/product-images/artical-all-8904132987494.jpg,,,,,,,,50,34,42,CM,12,11.5,,310,233,197,,,,,FALSE,2026-07-25 10:53:22.615246+00,2026-07-27 09:10:12.83191+00
631627a0-50c2-405c-8cc6-9a402a498870,Jul-26,Kitchen Utility,White Label,,Round Cake Pan,8904486413922,299,149,73239190,,Gsons,48,,https://yuzppjtjcfjvrjeqlygp.supabase.co/storage/v1/object/public/product-images/artical-all-8904486413922.jpg,,,,,,,,,,,,,,,,,,,,,,FALSE,2026-07-20 04:30:55.29357+00,2026-07-27 09:10:12.963406+00
635322c3-f636-4231-9c63-e3053cc27d05,Jan-25,Home Utility,Ulhaas,,Ulhaas Round Pvc Table Mat 36Dia,8904132968707,99,49,,,RCPL,10,,https://yuzppjtjcfjvrjeqlygp.supabase.co/storage/v1/object/public/product-images/artical-all-8904132968707.jpg,,,,,,,,39,39,15,CM,,15,,,,,,,,,FALSE,2026-07-25 10:50:35.954737+00,2026-07-27 09:10:13.086638+00
636072e0-5ac5-4e99-a022-82696e96fcae,Mar-26,Home Utility,Home One,SM-1514,Plastic Hook 3 Bar,8904132910461,329,149,,,RCPL,144,24,https://yuzppjtjcfjvrjeqlygp.supabase.co/storage/v1/object/public/product-images/artical-all-8904132910461.jpg,,,,,,,,52,31,40.5,CM,,,,,,,,,,,FALSE,2026-07-20 04:28:45.344808+00,2026-07-27 09:10:13.218802+00
636a5290-6195-46a3-a9cc-f99e7892a1bf,Jul-25,Beauty Tool,Simply Smart,,Simply Smart Nonwoven Face Towel 60 Pull,8904486405491,260,129,,,RRPL,48,,https://yuzppjtjcfjvrjeqlygp.supabase.co/storage/v1/object/public/product-images/artical-all-8904486405491.jpg,,,,,,,,42,42,38,CM,8,8,KG,,,,,,,,FALSE,2026-07-21 11:43:36.676346+00,2026-07-27 09:10:13.351152+00
6373518b-a277-49d3-a4da-fc13b84196f8,2024,Umbrella,LES,,Umbrella-Chsuk5008C,8906176010725,499,349,,,RRPL,24,,https://yuzppjtjcfjvrjeqlygp.supabase.co/storage/v1/object/public/product-images/artical-all-8906176010725.jpg,,,,,,,,66,32,12,CM,,,,,,,,,,,FALSE,2026-07-21 11:39:12.443986+00,2026-07-27 09:10:13.484364+00
63ad51d3-f5a3-4056-bdc5-c9568477d56a,Jan-25,Stationery,Gerat Essentials,GESK01,Key Chiain Gesk01,8904486402070,99,49,,,Gsons,,,https://yuzppjtjcfjvrjeqlygp.supabase.co/storage/v1/object/public/product-images/artical-all-8904486402070.jpg,,,,,,,,,,,,,,,,,,,,,,FALSE,2026-07-21 11:43:03.388943+00,2026-07-27 09:10:13.60975+00
63f7ce1b-d48c-49ea-9733-3d7f97c6dac5,Jun-26,Kitchen Utility,Simply Smart,QB2026060106,Extendable Sink Bask,8904486413670,1399,699,73239990,,RRPL,24,,https://yuzppjtjcfjvrjeqlygp.supabase.co/storage/v1/object/public/product-images/artical-all-8904486413670.jpg,,,,,,,,51,38,38,CM,17.8,17,KG,,,,,,,,FALSE,2026-07-20 04:30:11.477623+00,2026-07-27 09:10:13.748564+00
63f97ea6-4cc7-45b2-b333-1fb4bf05ebf3,Jan-25,Tools,Home One,,31 In 1 Multifunction Screw Driver Tool Kit,8908021726836,199,99,,New,RCPL,,,https://yuzppjtjcfjvrjeqlygp.supabase.co/storage/v1/object/public/product-images/artical-all-8908021726836.jpg,,,,,,,,,,,,,,,,,,,,,,FALSE,2026-07-21 11:38:46.673302+00,2026-07-27 09:10:13.879108+00
6402aa6f-784e-4f0d-ac0d-663d36366b58,2024,Stationery,Quickworks,,Stapler Combo Pack Black,8906176018264,260,199,,,RCPL,96,12,https://yuzppjtjcfjvrjeqlygp.supabase.co/storage/v1/object/public/product-images/artical-all-8906176018264.jpg,,,,,,,,48,27.5,36,CM,11.5,13,KG,48,6.87,18,CM,1.625,,,FALSE,2026-07-21 11:42:15.073291+00,2026-07-27 09:10:14.019784+00
641c51fc-c258-4bcf-ab28-a821e54028f9,Jan-26,Glass Ware,Home One,DW1366,Ho Dw Elsa Mug 350Ml,8904132986824,399,199,,,RCPL,36,,https://yuzppjtjcfjvrjeqlygp.supabase.co/storage/v1/object/public/product-images/artical-all-8904132986824.jpg,,,,,,,,48.5,33.5,40,CM,,,,,,,,,,,FALSE,2026-07-20 04:27:17.347658+00,2026-07-27 09:10:14.165757+00
642c80b9-9006-44f6-b769-6cb6aa88750a,Jan-25,Beauty Tool,Gerat Essentials,,Oval Hair Brush,8904486402056,199,99,,,Gsons,,,https://yuzppjtjcfjvrjeqlygp.supabase.co/storage/v1/object/public/product-images/artical-all-8904486402056.jpg,,,,,,,,,,,,,,,,,,,,,,FALSE,2026-07-21 11:43:01.762266+00,2026-07-27 09:10:14.306757+00
64613ff2-90cf-47b9-8051-639f45c7254f,Jun-26,Clothing,Disney,,Kid'S Cotton Ankle Socks -Spider Man-4-7Yrs,8904486411867,129,79,61159990,,RRPL,,,,,,,,,,,,,,,,,,,,,,,,,FALSE,2026-07-25 10:55:15.797199+00,2026-07-27 09:10:14.431956+00
647f1ab0-f5a0-490e-8fe7-154e9c29414a,2024,Umbrella,LES,,Umbrella-Gm161,8906176010800,699,499,,,RRPL,60,12,https://yuzppjtjcfjvrjeqlygp.supabase.co/storage/v1/object/public/product-images/artical-all-8906176010800.jpg,,,,,,,,88.5,20,42,CM,,,,,,,,,,,FALSE,2026-07-21 11:39:17.899126+00,2026-07-27 09:10:14.570237+00
64cdac64-edce-4359-8180-e56e488271b3,Mar-26,Home Utility,Home One,,Suction Steel Hook So3 - Sm2250,8908021726584,135,99,,,RCPL,192,,https://yuzppjtjcfjvrjeqlygp.supabase.co/storage/v1/object/public/product-images/artical-all-8908021726584.jpg,,,,,,,,495,450,430,,,,,,,,,,,,FALSE,2026-07-21 11:41:25.542815+00,2026-07-27 09:10:14.702844+00
64d67f52-0f5f-4937-a117-710ae7ad5e72,2024,Umbrella,LES,,Umbrella - Gm168,8906176010794,699,499,,,RRPL,60,12,https://yuzppjtjcfjvrjeqlygp.supabase.co/storage/v1/object/public/product-images/artical-all-8906176010794.jpg,,,,,,,,88.5,20,42,CM,,,,,,,,,,,FALSE,2026-07-21 11:39:17.190755+00,2026-07-27 09:10:14.83659+00
64dff40f-9a7b-459e-9662-810c30dbb668,Jun-26,Clothing,White Label,,Men'S Polyester Design Ankle Socks- 2Pp-43-46,8904486411379,79,49,61159990,,Gsons,,,,,,,,,,,,,,,,,,,,,,,,,FALSE,2026-07-25 10:55:07.319661+00,2026-07-27 09:10:14.965903+00
64ecc814-2de7-4272-b3e9-e97e2464aefb,2024,Planters,Great Porcelo,,Ceramic Planter G01522-1,8908021726683,799,,,,Gsons,,,https://yuzppjtjcfjvrjeqlygp.supabase.co/storage/v1/object/public/product-images/artical-all-8908021726683.jpg,,,,,,,,,,,,,,,,,,,,,,FALSE,2026-07-21 11:41:06.820339+00,2026-07-27 09:10:15.101188+00
650343dd-2105-4be6-b562-c9f1b846760f,Sep-25,Home Utility,White Label,WR5107,Folding Chair And Table Set Of 3 - Wr5107 Table (60X60X70Cm)1N Chair (45X59X70)2N,8904486406085,15999,7999,94032010,,Gsons,1,0,https://yuzppjtjcfjvrjeqlygp.supabase.co/storage/v1/object/public/product-images/artical-all-8904486406085.jpg,,,,,,,,103,61,22,CM,10.7,13.1,KG,,,,,,,,FALSE,2026-07-21 11:44:06.501431+00,2026-07-27 09:10:15.230414+00
65cffc20-dad3-4dc4-a434-bed149156561,2024,Wallets,LES,,Les Ladies Wallet Y8975-2 Pink,8906176018387,599,299,,,RRPL,210,,https://yuzppjtjcfjvrjeqlygp.supabase.co/storage/v1/object/public/product-images/artical-all-8906176018387.jpg,,,,,,,,500,380,400,MM,188.8,19.8,KG,,,,,,,,FALSE,2026-07-21 11:41:49.765694+00,2026-07-27 09:10:15.363901+00
65e30988-1d45-42e9-8d6d-ee1d6c3c45a7,2024,Wallets,LES,,Les Ladies Wallet Y8975-1 Brown,8906176018349,599,299,,,RRPL,180,,https://yuzppjtjcfjvrjeqlygp.supabase.co/storage/v1/object/public/product-images/artical-all-8906176018349.jpg,,,,,,,,500,380,420,MM,18.5,19.5,KG,,,,,,,,FALSE,2026-07-21 11:41:47.224401+00,2026-07-27 09:10:15.49091+00
660108d6-b693-4875-b437-c9ebe237ac63,Jul-26,Clothing,White Label,,Import Printed Ft Assorted 25X25Cm,8904486413793,20,10,,494835628,Gsons,960,24,https://yuzppjtjcfjvrjeqlygp.supabase.co/storage/v1/object/public/product-images/artical-all-8904486413793.jpg,,,,,,,,,,,,,,,,,,,,,,FALSE,2026-07-20 04:30:52.776152+00,2026-07-27 09:10:15.624115+00
6689d86c-b095-4e3a-a708-f51f2044bd59,Jan-25,Home Utility,Gerat Essentials,GCTB01,Toilet Brush With Holder,8904486405118,599,299,,,Gsons,10,,https://yuzppjtjcfjvrjeqlygp.supabase.co/storage/v1/object/public/product-images/artical-all-8904486405118.jpg,,,,,,,,475,360,305,MM,,,,,,,,,,,FALSE,2026-07-20 04:26:45.389542+00,2026-07-27 09:10:15.755464+00
66a36dd0-f799-4774-acdc-046aa7eb25d3,Jan-25,Kitchen Utility,Gerat Essentials,VC757,Multipurpose Cutter,8904486401912,229,99,,,Gsons,,,https://yuzppjtjcfjvrjeqlygp.supabase.co/storage/v1/object/public/product-images/artical-all-8904486401912.jpg,,,,,,,,60,35,69,CM,,,,32,15,7,CM,,,,FALSE,2026-07-21 11:43:06.12119+00,2026-07-27 09:10:15.905554+00
66a4b371-24f0-4f31-913d-38975835f841,Jun-26,Clothing,Marvel,,Kid'S Cotton Ankle Socks -Spider Man-2-4Yrs,8904486411850,129,79,61159990,,RRPL,,,https://yuzppjtjcfjvrjeqlygp.supabase.co/storage/v1/object/public/product-images/artical-all-8904486411850.jpg,,,,,,,,,,,,,,,,,,,,,,FALSE,2026-07-25 10:55:15.64299+00,2026-07-27 09:10:16.033744+00
66b37543-42d7-41e6-b81d-0ae969147b9e,Jan-26,Beauty Tool,Blushlace,BA11657,Head Massager,8904486409048,349,169,90191020,,RRPL,288,24,https://yuzppjtjcfjvrjeqlygp.supabase.co/storage/v1/object/public/product-images/artical-all-8904486409048.jpg,,,,,,,,,,,CM,,,,,,,,,,,FALSE,2026-07-20 04:27:27.429456+00,2026-07-27 09:10:16.163374+00
66fca0be-6048-40c3-829f-54ad681f606f,Jun-26,Back Packs,White Label,E2416R,Pouch - E2416R - Pink,8904486413380,2999,799,42029900,,Gsons,48,,https://yuzppjtjcfjvrjeqlygp.supabase.co/storage/v1/object/public/product-images/artical-all-8904486413380.jpg,,,,,,,,56,32,40,,10.1,11.1,KG,,,,,,,,FALSE,2026-07-20 04:30:18.105231+00,2026-07-27 09:10:16.288259+00
6755e37a-98a5-4db0-9838-cefc97bd73b1,Jul-25,Stationery,Quickworks,,Quickwork Washable School Glue 147Ml,8904132967670,89,49,35061000,,RCPL,48,12,https://yuzppjtjcfjvrjeqlygp.supabase.co/storage/v1/object/public/product-images/artical-all-8904132967670.jpg,,,,,,,,46.4,31.2,17.7,CM,10.5,9.5,,,,,,,,,FALSE,2026-07-25 10:51:05.087502+00,2026-07-27 09:10:16.424472+00
6765feff-febd-4b5b-bd83-70f887e11b09,Nov-25,Back Packs,White Label,FS1346,Fashion Backpack Fs1346 - Green,8904486407211,1599,799,42029900,,Gsons,10,,https://yuzppjtjcfjvrjeqlygp.supabase.co/storage/v1/object/public/product-images/artical-all-8904486407211.jpg,,,,,,,,45,38,42,CM,,4.6,KG,,,,,,,,FALSE,2026-07-21 11:44:52.157245+00,2026-07-27 09:10:16.55443+00
67a773da-83db-4c48-bac3-1e6a132ecfcd,2024,Home Utility,Home One,,Smiley Sticky Hook Bar Sml - Sm1826,8908021726416,85,59,,,RCPL,,,https://yuzppjtjcfjvrjeqlygp.supabase.co/storage/v1/object/public/product-images/artical-all-8908021726416.jpg,,,,,,,,,,,,,,,,,,,,,,FALSE,2026-07-21 11:41:18.625683+00,2026-07-27 09:10:16.693456+00
67ab114f-9810-42d3-b108-2bfd65246ff1,Jul-25,Beauty Tool,Simply Smart,,Hair Brush-Round - Cb1011-1,8904486405705,199,99,96033020,,RRPL,144,12,https://yuzppjtjcfjvrjeqlygp.supabase.co/storage/v1/object/public/product-images/artical-all-8904486405705.jpg,,,,,,,,56.5,34.5,43.5,CM,9.36,11.36,,,,,,,,,FALSE,2026-07-25 10:51:13.686582+00,2026-07-27 09:10:16.820011+00
67efa638-8ca9-4e88-966a-3711faa0d39c,Jun-26,Home Utility,Happy Living,,Hl Antifatigue Comfort Indoor Mat40X60Cm,8909606012382,799,399,,494759495,RCPL,15,24,https://yuzppjtjcfjvrjeqlygp.supabase.co/storage/v1/object/public/product-images/artical-all-8909606012382.jpg,,,,,,,,40,60,14,CM,,,,,,,,,,,FALSE,2026-07-20 04:30:26.475706+00,2026-07-27 09:10:16.955556+00
67f84f6c-f58a-4db3-bbd9-68492dc37f53,Sep-25,Basket,White Label,plastic basket,Woven Pl Trapezoidal Basket,8904486405828,999,,39241090,,Gsons,10,,https://yuzppjtjcfjvrjeqlygp.supabase.co/storage/v1/object/public/product-images/artical-all-8904486405828.jpg,,,,,,,,45,42,74,CM,,,,,,,,,,,FALSE,2026-07-21 11:43:51.239194+00,2026-07-27 09:10:17.083336+00
684d6275-ad51-41d6-a9ec-b05d392d8e1a,Jan-25,Stationery,Quickworks,,Craft Scissors Set Of 3,8904132955073,249,99,,,RCPL,,,https://yuzppjtjcfjvrjeqlygp.supabase.co/storage/v1/object/public/product-images/artical-all-8904132955073.jpg,,,,,,,,,,,,,,,,,,,,,,FALSE,2026-07-25 10:50:15.039704+00,2026-07-27 09:10:17.217478+00
68596665-5e11-4827-9f9c-85aa2e694513,Apr-26,Locks,Gerat Cuisino,,Cable Lock With Key 800Mm,8906176014792,399,149,,,Gsons,96,24,https://yuzppjtjcfjvrjeqlygp.supabase.co/storage/v1/object/public/product-images/artical-all-8906176014792.jpg,,,,,,,,630,375,555,MM,22,19.2,,365,305,264,MM,5.1,4.8,,FALSE,2026-07-20 04:27:12.628605+00,2026-07-27 09:10:17.343175+00
6909e71e-ce74-4d26-91b6-883e42ffd852,Jul-26,Glass Ware,Home One,YM26043,Ho Eva Two Tone Fern Mug 380Ml,8909606002185,499,199,69111029,494608341,RCPL,24,12,https://yuzppjtjcfjvrjeqlygp.supabase.co/storage/v1/object/public/product-images/artical-all-8909606002185.jpg,,,,,,,,390,275,220,MM,,7.76,KG,370,260,100,MM,,3.68,KG,FALSE,2026-07-20 04:31:05.410833+00,2026-07-27 09:10:17.473681+00
69240995-f2e1-4163-9d5e-88191718aead,Jul-26,Cleaning,My Home,,My Home Micro Jacq Kt Roll 20 Pull,8909606000877,399,199,,494608211,RCPL,24,,https://yuzppjtjcfjvrjeqlygp.supabase.co/storage/v1/object/public/product-images/artical-all-8909606000877.jpg,,,,,,,,,,,,,,,,,,,,,,FALSE,2026-07-20 04:30:56.028406+00,2026-07-27 09:10:17.597147+00
6926bd63-09d2-4baa-9713-466d1a679114,Nov-25,Tools,Gerat Elektro,,Multipurpose Travel Carabiner,8904486407037,299,149,76169990,,Gsons,800,,https://yuzppjtjcfjvrjeqlygp.supabase.co/storage/v1/object/public/product-images/artical-all-8904486407037.jpg,,,,,,,,,,,,,,,19,,,,,,,FALSE,2026-07-21 11:44:39.002268+00,2026-07-27 09:10:17.728626+00
692a33e4-539b-483a-bcdb-85d785298d14,Mar-26,Stationery,Simply Smart,,Zip Lock Bag Large,8904486409789,255,199,,,RRPL,32,16,https://yuzppjtjcfjvrjeqlygp.supabase.co/storage/v1/object/public/product-images/artical-all-8904486409789.jpg,,,,,,,,58,34,32.5,,5.03,5.08,KG,33,28,31.5,,0.31,0.32,KG,FALSE,2026-07-20 04:29:03.799287+00,2026-07-27 09:10:17.857296+00
6933bf10-edf6-45ee-8858-a8670b701341,2024,Back Packs,Gerat Elektro,,Fashion Backpack 18L Kx9119D Blue,8906176011302,1999,,,,Gsons,,,https://yuzppjtjcfjvrjeqlygp.supabase.co/storage/v1/object/public/product-images/artical-all-8906176011302.jpg,,,,,,,,48,35,32,CM,,,,,,,,,,,FALSE,2026-07-21 11:39:34.450324+00,2026-07-27 09:10:17.989648+00
6967780a-f868-4eb8-a8b4-c23ad986d7eb,Jan-26,Clothing,White Label,CHQ24H103,Cap - Chq24H103 - Blue,8904486409215,599,299,65050090,,Gsons,100,10,https://yuzppjtjcfjvrjeqlygp.supabase.co/storage/v1/object/public/product-images/artical-all-8904486409215.jpg,,,,,,,,50,42,42,CM,8.6,9.2,KG,,,,,,,,FALSE,2026-07-20 04:27:41.615022+00,2026-07-27 09:10:18.114143+00
6a4d92da-e214-4173-a56f-184c507817d4,Mar-26,Home Utility,Home One,SM-1936,Plastic Hook So5,8904132907454,99,49,,,RCPL,144,24,https://yuzppjtjcfjvrjeqlygp.supabase.co/storage/v1/object/public/product-images/artical-all-8904132907454.jpg,,,,,,,,39,37,28,CM,,,,,,,,,,,FALSE,2026-07-20 04:28:39.294676+00,2026-07-27 09:10:18.244478+00
6a6fdd9c-0bdb-4615-8de8-200e0d384622,2024,Home Utility,Gerat Cuisino,,3 Step Steel Ladder Gcsl-03,8906176010329,2999,1699,,,Gsons,4,,https://yuzppjtjcfjvrjeqlygp.supabase.co/storage/v1/object/public/product-images/2024-2025-36.jpg,,,,,,,,,,,,,,,,,,,,,,FALSE,2026-07-21 11:38:55.198132+00,2026-07-27 09:10:18.374412+00
6abef5f8-042a-45e8-b3c8-e82b2fdbf902,Dec-25,Stationery,Quickworks,EA-2200EO,Ea-2200Eo 22Gms-12Pcs Natural Plant Glue,8906176011173,99,49,,,RCPL,384,12,https://yuzppjtjcfjvrjeqlygp.supabase.co/storage/v1/object/public/product-images/artical-all-8906176011173.jpg,,,,,,,,,,,,,,,,,,,,,,FALSE,2026-07-20 04:27:07.690905+00,2026-07-27 09:10:18.505807+00
6ad61412-5d6d-419f-911b-199f30d22ec7,Jun-26,Clothing,Disney,,Infant  Cotton Ankle Socks- Mickey-0-6M,8904486411942,99,79,61159990,,RRPL,,,,,,,,,,,,,,,,,,,,,,,,,FALSE,2026-07-25 10:55:17.406658+00,2026-07-27 09:10:18.631621+00
6aeb977d-a2ee-4bbd-9f75-d7debdc40a1d,Jan-25,Back Packs,Gerat Essentials,YSS07,Multicolour Pouch,8904486405019,199,99,,,Gsons,144,24,https://yuzppjtjcfjvrjeqlygp.supabase.co/storage/v1/object/public/product-images/artical-all-8904486405019.jpg,,,,,,,,39,26,38,CM,,,,,,,,,,,FALSE,2026-07-21 11:43:20.112844+00,2026-07-27 09:10:18.77536+00
6aeb9f66-da66-43ab-adb7-f6eb87d08661,2024,Clothing,White Label,,Cap-Ch24H195,8906176019216,399,299,65050090,,Gsons,100,10,https://yuzppjtjcfjvrjeqlygp.supabase.co/storage/v1/object/public/product-images/artical-all-8906176019216.jpg,,,,,,,,63,43,20,CM,5.7,6.5,KG,,,,,,,,FALSE,2026-07-21 11:42:21.92191+00,2026-07-27 09:10:18.910006+00
6b18a6b3-b9ee-4d01-9548-7e324935bbc5,Jul-25,Home Utility,Happy Living,RHAN25053007,Storage Large Box,8904132968585,199,99,42022990,,RCPL,48,24,https://yuzppjtjcfjvrjeqlygp.supabase.co/storage/v1/object/public/product-images/artical-all-8904132968585.jpg,,,,,,,,44,33,29,CM,7.4,7,KG,30,18,28,CM,,5.28,KG,FALSE,2026-07-20 04:29:00.97855+00,2026-07-27 09:10:19.050109+00
6b24db11-976f-4d13-95bd-061137b3ad78,2024,Back Packs,LES,RH2236,Les  Multipurpose Travel Pouch  Bag Rh2236 - Purple,8906176016734,199,99,,,RRPL,160,,https://yuzppjtjcfjvrjeqlygp.supabase.co/storage/v1/object/public/product-images/artical-all-8906176016734.jpg,,,,,,,,16.5,6.5,12.5,CM,,,,,,,,,,,FALSE,2026-07-21 11:40:57.383301+00,2026-07-27 09:10:19.183321+00
6b49f2cd-c4fb-47f1-98f6-56d0dadc8db8,2024,Clock,Gerat Elektro,,Wall Clock - D3070-01-10,8906176010084,999,499,,,Gsons,,,https://yuzppjtjcfjvrjeqlygp.supabase.co/storage/v1/object/public/product-images/artical-all-8906176010084.jpg,,,,,,,,,,,,,,,,,,,,,,FALSE,2026-07-21 11:41:29.546731+00,2026-07-27 09:10:19.317168+00
6b5f13dd-84b7-415c-bd9b-b2d2ea82dba0,Nov-25,Home Utility,White Label,AK014 1000ML,Pc Bottle 1000 Ml,8904486406917,499,249,39241090,,Gsons,72,24,https://yuzppjtjcfjvrjeqlygp.supabase.co/storage/v1/object/public/product-images/artical-all-8904486406917.jpg,,,,,,,,71,44,50,CM,,,,,,,,,,,FALSE,2026-07-21 11:44:40.728832+00,2026-07-27 09:10:19.442023+00
6b60ee57-5339-45f5-a9a9-1e9da16a483a,Sep-25,Mirror,Blushlace,,Pocket Mirror - Gold,8904486405743,299,149,70099200,,RRPL,192,,https://yuzppjtjcfjvrjeqlygp.supabase.co/storage/v1/object/public/product-images/artical-all-8904486405743.jpg,,,,,,,,46,24,50,,,14.9,KG,,,,,,,,FALSE,2026-07-21 11:43:47.349623+00,2026-07-27 09:10:19.572757+00
6ba4909f-c355-4aa9-88ab-e82cad0f5f5c,2024,Back Packs,White Label,CH24B432,Crossbody Bag Ch24B432 Orange,8906176018028,599,299,,,Gsons,100,,https://yuzppjtjcfjvrjeqlygp.supabase.co/storage/v1/object/public/product-images/artical-all-8906176018028.jpg,,,,,,,,65,34,40,CM,,,,,,,,,,,FALSE,2026-07-21 11:41:36.492171+00,2026-07-27 09:10:19.699342+00
6c3da36e-cac1-415e-9532-e32292c2f1be,Dec-25,Umbrella,LES,blue,"3 Fold -23 "" Digital Printed Umbrella - Blue",8904486408263,899,599,,,RRPL,48,,https://yuzppjtjcfjvrjeqlygp.supabase.co/storage/v1/object/public/product-images/artical-all-8904486408263.jpg,,,,,,,,34,34,46,CM,,26,KG,,,,,,,,FALSE,2026-07-20 04:26:15.418992+00,2026-07-27 09:10:19.829149+00
6c7121a6-7332-48fc-91d9-f7e8b63f9cb2,Apr-26,Tools,Gerat Elektro,GEVT-01,Voltage Tester-Gevt-01,8908021726997,99,49,,,Gsons,480,24,https://yuzppjtjcfjvrjeqlygp.supabase.co/storage/v1/object/public/product-images/artical-all-8908021726997.jpg,,,,,,,,465,420,465,MM,15.2,13.5,KG,,,,,,,KG,FALSE,2026-07-20 04:26:45.767263+00,2026-07-27 09:10:19.951688+00
6c876782-1b9e-4196-9414-566db07b2899,Jan-25,Clothing,Ulhaas,,Ulhaas Microlight Bt 65X140Cm Assort,8904132966956,199,99,,,RCPL,10,,https://yuzppjtjcfjvrjeqlygp.supabase.co/storage/v1/object/public/product-images/artical-all-8904132966956.jpg,,,,,,,,,,,,,,,,,,,,,,FALSE,2026-07-25 10:50:35.03682+00,2026-07-27 09:10:20.082924+00
6cb6f17f-0787-4540-a1ec-2c80640c5a3d,Jul-26,LED,Gerat Elektro,GEFLM100B6,Great Elkt Ld Ltg Chn 100L 8M Geflm100B6,8906176011531,899,299,,494462176,Gsons,100,25,https://yuzppjtjcfjvrjeqlygp.supabase.co/storage/v1/object/public/product-images/artical-all-8906176011531.jpg,,,,,,,,,,,,,,,,,,,,,,FALSE,2026-07-20 04:30:47.38571+00,2026-07-27 09:10:20.208304+00
6cd58e7e-e8af-4fe5-b7cf-ccc4d6d1aabb,Jun-26,Cleaning,Home One,60744,Duplicate,8904486412154,599,299,96039000,,RCPL,48,,https://yuzppjtjcfjvrjeqlygp.supabase.co/storage/v1/object/public/product-images/JUN-26-4.jpg,,,,,,,,67,30,21,CM,12.04,11.04,KG,,,,,,,,FALSE,2026-07-20 04:30:01.812044+00,2026-07-27 09:10:20.339555+00
6cde1c12-2a84-4045-b656-5066c5ceb442,Jul-25,Stationery,Soowash,,Pet Glove - Grey,8904486405385,399,99,494487839,,RRPL,80,,https://yuzppjtjcfjvrjeqlygp.supabase.co/storage/v1/object/public/product-images/artical-all-8904486405385.jpg,,,,,,,,38,26,42,,,,,,,,,,,,FALSE,2026-07-21 11:43:32.686253+00,2026-07-27 09:10:20.463826+00
6cf17cf1-fb6c-49a5-ac2d-c9c610daf902,Dec-25,Glass Ware,Home One,,Ho Shen Director Gold Mug 320Ml,8904132985889,359,179,69111011,494590353,RCPL,36,12,https://yuzppjtjcfjvrjeqlygp.supabase.co/storage/v1/object/public/product-images/artical-all-8904132985889.jpg,,,,,,,,370,290,325,MM,,13.2,,350,270,105,MM,,4.3,,FALSE,2026-07-25 10:53:12.501439+00,2026-07-27 09:10:20.593327+00
6d08619d-001d-4b33-a36e-4a58ba363001,Feb-26,Basket,White Label,,Woven Pl Round Basket Dark Brown,8906176015256,199,99,,494485010,Gsons,12,,https://yuzppjtjcfjvrjeqlygp.supabase.co/storage/v1/object/public/product-images/artical-all-8906176015256.jpg,,,,,,,,24,24,25,,,,,,,,,,,,FALSE,2026-07-20 04:28:21.050992+00,2026-07-27 09:10:20.715914+00
6d2d6eb8-146a-4676-9d93-a0f775cb261a,2024,Planters,Great Porcelo,,Ceramic Planter Jw7450000 Set Of 3 Pcs,8908021756768,1499,,,,Gsons,,,https://yuzppjtjcfjvrjeqlygp.supabase.co/storage/v1/object/public/product-images/artical-all-8908021756768.jpg,,,,,,,,,,,,,,,,,,,,,,FALSE,2026-07-21 11:41:09.956735+00,2026-07-27 09:10:20.847005+00
6d4b0929-c141-4df7-972d-36530f687c45,Dec-25,Umbrella,LES,Sea green,"Kids Poe 19"" Straight Umbrella - Sea Green",8904486407617,299,199,,,RRPL,60,,https://yuzppjtjcfjvrjeqlygp.supabase.co/storage/v1/object/public/product-images/artical-all-8904486407617.jpg,,,,,,,,72,19,42,CM,,14,KG,,,,,,,,FALSE,2026-07-20 04:26:14.344541+00,2026-07-27 09:10:20.974771+00
6d831016-b406-4123-97df-704f268e36ca,Jan-26,Clothing,White Label,CHQ24H109,Cap - Chq24H109 - Blue,8904486409208,599,299,65050090,,Gsons,100,10,https://yuzppjtjcfjvrjeqlygp.supabase.co/storage/v1/object/public/product-images/artical-all-8904486409208.jpg,,,,,,,,50,42,42,CM,8.6,9.2,KG,,,,,,,,FALSE,2026-07-20 04:27:41.133445+00,2026-07-27 09:10:21.109458+00
6db506fa-7f71-46a6-869b-8dd58883cd0e,Jan-26,Stationery,White Label,WDN9068,Desk Organizer,8904486409352,999,499,73269099,,Gsons,,,https://yuzppjtjcfjvrjeqlygp.supabase.co/storage/v1/object/public/product-images/artical-all-8904486409352.jpg,,,,,,,,60,47,43,CM,,,,,,,,,,,FALSE,2026-07-20 04:27:33.112379+00,2026-07-27 09:10:21.278607+00
6dbfe8f1-09cb-4d01-a1d5-3dae602e6027,2024,Back Packs,LES,RH2224,Les Multipurpose Travel Pouch  Bag Rh2224 -Sky Blue,8906176016659,499,249,,,RRPL,160,,https://yuzppjtjcfjvrjeqlygp.supabase.co/storage/v1/object/public/product-images/artical-all-8906176016659.jpg,,,,,,,,18,7.5,12.5,CM,,,,,,,,,,,FALSE,2026-07-21 11:40:53.110688+00,2026-07-27 09:10:21.407326+00
6dc14d98-b9f8-42a7-9368-6578000ab679,Jan-25,Glass Ware,Home One,,Ho Elsa Borosilicate Glass Jug 1800Ml,8904132955202,799,399,,,RCPL,24,,https://yuzppjtjcfjvrjeqlygp.supabase.co/storage/v1/object/public/product-images/artical-all-8904132955202.jpg,,,,,,,,54.5,35.8,27.2,CM,,5.4,,16,11.6,25.6,CM,,0.9,,FALSE,2026-07-25 10:50:18.987778+00,2026-07-27 09:10:21.532434+00
6dc66b90-79fe-4c3b-aa7e-738abd248736,Dec-25,Back Packs,Livesmart,DP24-CH048,Backpack Grey+Black - Dp24-Ch048,8904486408607,5999,2499,,,RRPL,10,,https://yuzppjtjcfjvrjeqlygp.supabase.co/storage/v1/object/public/product-images/artical-all-8904486408607.jpg,,,,,,,,,,,,,,,,,,,,,,FALSE,2026-07-20 04:26:58.755494+00,2026-07-27 09:10:21.665909+00
6dce953d-c52b-4559-aed4-51c1a2892b78,2024,Back Packs,Livesmart,,Emm003 Livesmart Bkpk,8908021726881,5000,,,,RRPL,10,,https://yuzppjtjcfjvrjeqlygp.supabase.co/storage/v1/object/public/product-images/artical-all-8908021726881.jpg,,,,,,,,,,,CM,,,,,,,,,,,FALSE,2026-07-21 11:38:52.346122+00,2026-07-27 09:10:21.789287+00
6de20467-73bc-4d6a-b6c0-cd5430ab8385,Sep-25,Home Utility,White Label,WR4854-3,Three Tier Wooden Shoe Rack - Wr4854,8904486405842,1399,699,94033090,,Gsons,15,0,https://yuzppjtjcfjvrjeqlygp.supabase.co/storage/v1/object/public/product-images/artical-all-8904486405842.jpg,,,,,,,,75.5,27.5,68,CM,17.25,17.8,KG,,,,,,,,FALSE,2026-07-21 11:43:53.550111+00,2026-07-27 09:10:21.919346+00
6e41c8f6-89b3-45bf-ab09-8a4a92dc6e85,Dec-25,Basket,White Label,,Multi-Purpose Plastic Basket With Double Handle- Choclate Brown,8904486407471,899,449,,,Gsons,8,,https://yuzppjtjcfjvrjeqlygp.supabase.co/storage/v1/object/public/product-images/artical-all-8904486407471.jpg,,,,,,,,43.5,27.5,58.3,CM,,7.72,KG,,,,,,,,FALSE,2026-07-20 04:26:07.017258+00,2026-07-27 09:10:22.040664+00
6e8342ed-73fa-4aaf-aa34-874fce3afd16,2024,Clothing,White Label,,Cap-Ch24H054,8906176019117,399,299,65050090,,Gsons,100,10,https://yuzppjtjcfjvrjeqlygp.supabase.co/storage/v1/object/public/product-images/artical-all-8906176019117.jpg,,,,,,,,63,43,20,CM,5.7,6.5,KG,,,,,,,,FALSE,2026-07-21 11:42:16.648138+00,2026-07-27 09:10:22.172638+00
6ea3b152-c202-44ca-bbd3-b14c4569b27f,Jun-26,Back Packs,White Label,E2416R,Pouch - E2416R - Black,8904486413373,2999,799,42029900,,Gsons,48,,https://yuzppjtjcfjvrjeqlygp.supabase.co/storage/v1/object/public/product-images/artical-all-8904486413373.jpg,,,,,,,,56,32,40,,10.1,11.1,KG,,,,,,,,FALSE,2026-07-20 04:30:17.584617+00,2026-07-27 09:10:22.295882+00
6eabe010-790c-4de4-9d9d-4e7efaa9800f,2024,Wallets,LES,,Les Ladies Wallet Y9010 Dark Blue,8906176018455,799,399,,,RRPL,100,,https://yuzppjtjcfjvrjeqlygp.supabase.co/storage/v1/object/public/product-images/artical-all-8906176018455.jpg,,,,,,,,540,380,420,MM,15,16,KG,,,,,,,,FALSE,2026-07-21 11:41:53.572525+00,2026-07-27 09:10:22.42484+00
6eb37ee4-5b76-4f0c-a562-ce6c89760d92,2024,Wallets,LES,,Les Ladies Wallet Y8481 Green,8906176018400,999,499,,,RRPL,90,,https://yuzppjtjcfjvrjeqlygp.supabase.co/storage/v1/object/public/product-images/artical-all-8906176018400.jpg,,,,,,,,500,380,420,MM,17.2,18.2,KG,,,,,,,,FALSE,2026-07-21 11:41:50.874061+00,2026-07-27 09:10:22.554067+00
6f11f431-8a11-400a-9518-f31bcc665c85,Jun-26,Clothing,White Label,,Kids Solid Tights (Cable Knit) -1Pp-7-8Y,8904486411492,249,179,61159990,,Gsons,,,,,,,,,,,,,,,,,,,,,,,,,FALSE,2026-07-25 10:55:10.213888+00,2026-07-27 09:10:22.681515+00
6f42530c-0959-407d-adda-fa127df49d86,Jan-25,Menstrual Cup,Gerat Essentials,L,Menstrual Cup-L,8906176019605,599,,,,Gsons,,,https://yuzppjtjcfjvrjeqlygp.supabase.co/storage/v1/object/public/product-images/artical-all-8906176019605.jpg,,,,,,,,,,,,,,,,,,,,,,FALSE,2026-07-21 11:42:36.793342+00,2026-07-27 09:10:22.803275+00
6ff14299-0284-4d12-ae5e-4f01993ad96f,2024,Clock,Gerat Elektro,,Wall Clock - 730C-12,8906176010077,999,499,,,Gsons,,,https://yuzppjtjcfjvrjeqlygp.supabase.co/storage/v1/object/public/product-images/artical-all-8906176010077.jpg,,,,,,,,,,,,,,,,,,,,,,FALSE,2026-07-21 11:41:29.127944+00,2026-07-27 09:10:22.930309+00
6ff27863-f6a1-41af-970d-9eacaf386738,May-26,Basket,White Label,,,8904486411805,298,149,39241090,,Gsons,10,,https://yuzppjtjcfjvrjeqlygp.supabase.co/storage/v1/object/public/product-images/artical-all-8904486411805.jpg,,,,,,,,28,19.5,27,CM,,,,,,,CM,,,,FALSE,2026-07-20 04:29:31.385257+00,2026-07-27 09:10:23.058094+00
70302086-35ab-45d7-9f2d-8f51dc2556b2,2024,Back Packs,Livesmart,,"Klw230821 Livesmart Laptop Satchel Bag 15.6""",8908021726928,4999,1999,,,RRPL,9,,https://yuzppjtjcfjvrjeqlygp.supabase.co/storage/v1/object/public/product-images/artical-all-8908021726928.jpg,,,,,,,,45,36,33,CM,,,,,,,,,,,FALSE,2026-07-21 11:38:58.896899+00,2026-07-27 09:10:23.189927+00
703d83c3-e308-4b61-8d25-06bad545456f,Dec-25,Umbrella,LES,Grey,"Kids Poe 19"" Straight Umbrella - Grey",8904486407631,299,199,,,RRPL,60,,https://yuzppjtjcfjvrjeqlygp.supabase.co/storage/v1/object/public/product-images/artical-all-8904486407631.jpg,,,,,,,,72,19,42,CM,,14,KG,,,,,,,,FALSE,2026-07-20 04:26:15.031812+00,2026-07-27 09:10:23.31664+00
703f1d86-f01b-4eeb-ba63-61677b007e7d,2024,Back Packs,LES,,Drawstring Foldable Backpack Brown Checks,8906176017038,1299,499,,,RRPL,50,1,https://yuzppjtjcfjvrjeqlygp.supabase.co/storage/v1/object/public/product-images/artical-all-8906176017038.jpg,,,,,,,,40,45,35,CM,,,,,,,,,,,FALSE,2026-07-21 11:40:27.472495+00,2026-07-27 09:10:23.450774+00
70433853-3443-4ada-85d3-772b81f0bc9d,Jul-25,Stationery,Quickworks,,Qw Round Clear Adhesive Dots 120Pcs,8904132967717,149,99,39199090,,RCPL,288,24,https://yuzppjtjcfjvrjeqlygp.supabase.co/storage/v1/object/public/product-images/artical-all-8904132967717.jpg,,,,,,,,33.4,32.2,33.7,CM,10,9.3,,,,,,,,,FALSE,2026-07-25 10:51:06.327577+00,2026-07-27 09:10:23.585682+00
70cb7402-b27b-4e24-a012-a981b908b8e3,Jan-26,Clothing,Disney,,Disney Kids Hoodie Blanket - Mickey,8904486409451,1999,,63014000,,RRPL,,,https://yuzppjtjcfjvrjeqlygp.supabase.co/storage/v1/object/public/product-images/artical-all-8904486409451.jpg,,,,,,,,,,,CM,,,,,,,,,,,FALSE,2026-07-20 04:27:49.724271+00,2026-07-27 09:10:23.719115+00
711b4d25-0821-44a5-8eef-dd2d9ba36761,Jul-25,Cleaning,Blushlace,YS-5,Loofah Back Scruber With Handle 44 X12 Cm,8904486405415,199,99,39269099,,RRPL,24,,https://yuzppjtjcfjvrjeqlygp.supabase.co/storage/v1/object/public/product-images/artical-all-8904486405415.jpg,,,,,,,,45,30,22,,,,,,,,,,,,FALSE,2026-07-21 11:43:34.406821+00,2026-07-27 09:10:23.848521+00
715f92f9-8200-481a-bf8f-5954d9114957,Mar-26,Glass Ware,Disney,PRINCESS-2,Girl Power Kids Mug 350Ml,8904486409796,399,129,69111011,,RRPL,,,https://yuzppjtjcfjvrjeqlygp.supabase.co/storage/v1/object/public/product-images/artical-all-8904486409796.jpg,,,,,,,,,,,,,,,,,,,,,,FALSE,2026-07-20 04:28:34.652469+00,2026-07-27 09:10:23.977581+00
7168c224-6364-4ef5-96bf-ec9e47fa5499,Jan-26,Beauty Tool,Blushlace,PA10510-1,Tweezers Set Of 2,8904486409017,299,149,90189099,,RRPL,288,24,https://yuzppjtjcfjvrjeqlygp.supabase.co/storage/v1/object/public/product-images/artical-all-8904486409017.jpg,,,,,,,,,,,CM,,,,,,,,,,,FALSE,2026-07-20 04:27:25.962807+00,2026-07-27 09:10:24.105216+00
718bffa3-ecfa-400f-a771-52fb492c99ec,2024,Wallets,LES,,Les Ladies Wallet Y9044 Green,8906176018516,999,499,,,RRPL,60,,https://yuzppjtjcfjvrjeqlygp.supabase.co/storage/v1/object/public/product-images/artical-all-8906176018516.jpg,,,,,,,,420,340,410,MM,13,14,KG,,,,,,,,FALSE,2026-07-21 11:41:57.030837+00,2026-07-27 09:10:24.244136+00
718daadb-b06d-44fb-9805-c486e6d1abc4,Mar-26,Home Utility,Home One,SM-1703,Suction Hook So2 - Sm1703,8908021726409,135,99,,,RCPL,144,,https://yuzppjtjcfjvrjeqlygp.supabase.co/storage/v1/object/public/product-images/artical-all-8908021726409.jpg,,,,,,,,535,400,535,,,,,,,,,,,,FALSE,2026-07-20 04:28:49.657903+00,2026-07-27 09:10:24.375344+00
71aa2e81-4af1-46d6-8e57-41bf20598e96,Sep-25,Home Utility,White Label,B8219-A,Sink Organizer With Soap Dispenser - B8219,8904486406368,1099,549,73249000,,Gsons,12,0,https://yuzppjtjcfjvrjeqlygp.supabase.co/storage/v1/object/public/product-images/artical-all-8904486406368.jpg,,,,,,,,25.5,33,34,,3.6,3.4,KG,,,,,,,,FALSE,2026-07-21 11:44:22.034612+00,2026-07-27 09:10:24.506527+00
71f21207-b4a5-4b11-8381-091d00c83843,May-26,Stationery,Quickworks,,Quickwork Glitter Glue 50Ml,8909606000563,99,49,,,RCPL,288,12,https://yuzppjtjcfjvrjeqlygp.supabase.co/storage/v1/object/public/product-images/artical-all-8909606000563.jpg,,,,,,,,44.6,30,35,CM,19.6,18.8,,14.3,10.7,10.8,CM,0.85,0.8,,FALSE,2026-07-25 10:54:05.412274+00,2026-07-27 09:10:24.629432+00
7254f15c-782a-4eb1-83bc-07335c68cfcb,Jul-25,Back Packs,Gerat Essentials,RH2476,Pouch - Rh2476 - Black,8904486405224,699,349,42029900,,Gsons,120,,https://yuzppjtjcfjvrjeqlygp.supabase.co/storage/v1/object/public/product-images/artical-all-8904486405224.jpg,,,,,,,,50,45,40,CM,11.2,10.2,KG,,,,,,,,FALSE,2026-07-21 11:43:39.850611+00,2026-07-27 09:10:24.760488+00
726d5ad3-45bd-4fc1-9b4f-a1dd9ce7188f,2024,Stationery,Quickworks,,C4-12P Tempera Paint 3Ml 12 Pcs,8906176010961,299,149,,,RCPL,72,12,https://yuzppjtjcfjvrjeqlygp.supabase.co/storage/v1/object/public/product-images/artical-all-8906176010961.jpg,,,,,,,,,,,CM,,,,,,,,,,,FALSE,2026-07-21 11:39:36.035154+00,2026-07-27 09:10:24.882513+00
72abe740-6e56-490c-979b-51b5f3854dab,Jan-26,Beauty Tool,Blushlace,PC380649,Cosmetic Brush Set Of 6,8904486408980,599,299,96033020,,RRPL,192,24,https://yuzppjtjcfjvrjeqlygp.supabase.co/storage/v1/object/public/product-images/artical-all-8904486408980.jpg,,,,,,,,,,,CM,,,,,,,,,,,FALSE,2026-07-20 04:27:24.404052+00,2026-07-27 09:10:25.011158+00
732ef64a-0996-4128-8d83-62efa9fe1479,Dec-25,Umbrella,LES,Black,"3 Fold - 21"" - Printed-Auto Open / Close Umbrella
21“*8K-Black",8904486408331,599,399,,,RRPL,48,,https://yuzppjtjcfjvrjeqlygp.supabase.co/storage/v1/object/public/product-images/artical-all-8904486408331.jpg,,,,,,,,30.5,30.5,40,CM,,17.2,KG,,,,,,,,FALSE,2026-07-20 04:26:27.765309+00,2026-07-27 09:10:25.13326+00
737a4122-94d2-4e84-958d-c49482d11ffd,Jan-25,Home Utility,Ulhaas,,Ulhaas Pvc Outdoor Mat 38X58Cm,8904132969766,99,199,,,RCPL,10,,https://yuzppjtjcfjvrjeqlygp.supabase.co/storage/v1/object/public/product-images/artical-all-8904132969766.jpg,,,,,,,,,,,,,,,,,,,,,,FALSE,2026-07-25 10:50:37.996283+00,2026-07-27 09:10:25.26319+00
738a54c6-2c12-429c-a9a1-a4e089bb8503,Jul-25,Back Packs,LES,ENL024110R-SF,Sling Bag - Enl024110R-Sf - Beige 25.5X6.5X25,8904486405330,1999,999,42029900,,RRPL,40,,https://yuzppjtjcfjvrjeqlygp.supabase.co/storage/v1/object/public/product-images/artical-all-8904486405330.jpg,,,,,,,,59,56,31,CM,12.7,13.7,KG,,,,CM,,,,FALSE,2026-07-20 04:29:36.572604+00,2026-07-27 09:10:25.387414+00
73afd74e-12fc-456e-a2ee-9be09820d8a1,2024,Kitchen Utility,Gerat Cuisino,,Square Small Lunch Box With Plate,8908021726034,499,,,,Gsons,,,https://yuzppjtjcfjvrjeqlygp.supabase.co/storage/v1/object/public/product-images/artical-all-8908021726034.jpg,,,,,,,,,,,,,,,,,,,,,,FALSE,2026-07-21 11:41:14.387777+00,2026-07-27 09:10:25.52589+00
73b27dad-2fec-41fe-9608-8e95fd42cfcf,2024,Back Packs,Livesmart,,Livesmart Antitheft Backpack 18L Green,8906176015935,6000,,,,RRPL,10,1,https://yuzppjtjcfjvrjeqlygp.supabase.co/storage/v1/object/public/product-images/artical-all-8906176015935.jpg,,,,,,,,64,52,47,CM,,,,,,,,,,,FALSE,2026-07-21 11:40:12.482276+00,2026-07-27 09:10:25.652959+00
73d75adc-2122-4362-a32e-2e1516662faf,Dec-25,Umbrella,LES,Grey,"27"" -16K- Straight Umbrella - Grey",8904486408386,699,499,,,RRPL,12,,https://yuzppjtjcfjvrjeqlygp.supabase.co/storage/v1/object/public/product-images/artical-all-8904486408386.jpg,,,,,,,,105,17,13,CM,,8,KG,,,,,,,,FALSE,2026-07-20 04:26:36.58505+00,2026-07-27 09:10:25.787669+00
73e2104b-5fe0-4132-bcff-14be8b7d1f38,2024,LED,Gerat Elektro,,Glowbie - Santa  Gefln3D6,8906176011616,599,299,,,Gsons,100,,https://yuzppjtjcfjvrjeqlygp.supabase.co/storage/v1/object/public/product-images/artical-all-8906176011616.jpg,,,,,,,,52,49.5,62,CM,,,,10,9.5,15,,,,,FALSE,2026-07-21 11:39:59.482487+00,2026-07-27 09:10:25.917596+00
73f8951f-04a7-4c70-bc36-456248b1269a,Jan-26,Stationery,White Label,WDN802-H,Punched Pen Holder,8904486409376,199,99,73269099,,Gsons,,,https://yuzppjtjcfjvrjeqlygp.supabase.co/storage/v1/object/public/product-images/artical-all-8904486409376.jpg,,,,,,,,56,38,43,CM,,,,,,,,,,,FALSE,2026-07-20 04:27:34.357093+00,2026-07-27 09:10:26.051202+00
744682ff-e5fd-4d8c-95cd-0a39b36bb30c,Sep-25,Home Utility,White Label,B8651-1,Sink Organizer With Soap Dispensor - B8651,8904486405965,999,499,39249090,,Gsons,36,0,https://yuzppjtjcfjvrjeqlygp.supabase.co/storage/v1/object/public/product-images/artical-all-8904486405965.jpg,,,,,,,,54,46,43,CM,11.16,12.6,KG,,,,,,,,FALSE,2026-07-21 11:44:00.010896+00,2026-07-27 09:10:26.179252+00
745bd082-a931-477b-86da-ca1f64a75f92,2024,Back Packs,Gerat Elektro,,Fashion Backpack 18L Sx-11-045 Blue,8906176011227,1999,,,,Gsons,10,,https://yuzppjtjcfjvrjeqlygp.supabase.co/storage/v1/object/public/product-images/artical-all-8906176011227.jpg,,,,,,,,48,35,32,CM,,,,,,,,,,,FALSE,2026-07-21 11:39:31.123661+00,2026-07-27 09:10:26.311652+00
748237ff-b9a7-4993-bd9b-f2da63bdba3d,2024,Planters,Great Porcelo,,Ceramic Planter Cx3045,8908021726607,599,,,,Gsons,,,https://yuzppjtjcfjvrjeqlygp.supabase.co/storage/v1/object/public/product-images/artical-all-8908021726607.jpg,,,,,,,,,,,,,,,,,,,,,,FALSE,2026-07-21 11:41:03.548913+00,2026-07-27 09:10:26.446849+00
74d2aede-27de-4936-988a-7bf1c6ceb9e7,Jan-25,Cleaning,Gerat Essentials,60614,Gap-Sweep Cleaing Brush,8906176019780,199,99,,,Gsons,96,24,https://yuzppjtjcfjvrjeqlygp.supabase.co/storage/v1/object/public/product-images/2024-2025-462.jpg,,,,,,,,23.5,30.5,25,CM,,6.4,KG,,,,,,,,FALSE,2026-07-21 11:42:26.237225+00,2026-07-27 09:10:26.578347+00
74f6a235-385e-43ef-9738-73cd6b3f5e95,Jun-26,Kitchen Utility,My Home,NM-HM-12,Melamine Magic Cleaning Sponge,8904132993716,39,19,,,RCPL,240,60,https://yuzppjtjcfjvrjeqlygp.supabase.co/storage/v1/object/public/product-images/artical-all-8904132993716.jpg,,,,,,,,52,34,28,CM,0.67,1.7,KG,310,250,130,MM,168,360,KG,FALSE,2026-07-20 04:30:12.885258+00,2026-07-27 09:10:26.700355+00
7557bf2a-40da-4631-95af-ad2ae04a489b,2024,Wallets,LES,,Les Ladies Wallet Y8481 Black,8906176018424,999,499,,,RRPL,90,,https://yuzppjtjcfjvrjeqlygp.supabase.co/storage/v1/object/public/product-images/artical-all-8906176018424.jpg,,,,,,,,500,380,420,MM,17.2,18.2,KG,,,,,,,,FALSE,2026-07-21 11:41:51.980085+00,2026-07-27 09:10:26.830564+00
756ce72f-1826-4fe8-b310-416e5ca8eee1,2024,Stationery,Gerat Cuisino,,Paper Doyleys Round  5.5” Gold Colour,8906176016871,199,99,,,Gsons,400,25,https://yuzppjtjcfjvrjeqlygp.supabase.co/storage/v1/object/public/product-images/artical-all-8906176016871.jpg,,,,,,,,43,29,30,CM,,,,9,,,,,,,FALSE,2026-07-21 11:40:18.631107+00,2026-07-27 09:10:26.956323+00
7575b16f-92d5-4a0c-9f6b-0f79140ae182,2024,Back Packs,LES,RH2236,Les  Multipurpose Travel Pouch  Bag Rh2236 - Brown,8906176016703,199,99,,,RRPL,160,,https://yuzppjtjcfjvrjeqlygp.supabase.co/storage/v1/object/public/product-images/artical-all-8906176016703.jpg,,,,,,,,16.5,6.5,12.5,CM,,,,,,,,,,,FALSE,2026-07-21 11:40:55.812302+00,2026-07-27 09:10:27.083774+00
7603c75e-f536-476d-b652-306c67038459,Mar-26,Home Utility,Home One,,Sticky Soap Case - Sm1651,8908021726515,235,149,,,RCPL,24,,https://yuzppjtjcfjvrjeqlygp.supabase.co/storage/v1/object/public/product-images/artical-all-8908021726515.jpg,,,,,,,,255,245,335,,,,,,,,,,,,FALSE,2026-07-21 11:41:22.690903+00,2026-07-27 09:10:27.207403+00
761365da-fff1-4f79-aef3-52bee6a9e4b4,Nov-25,Stationery,Disney,Cars,Disney Plastic Kids Chair,8904486406818,799,399,94018000,,RRPL,12,,https://yuzppjtjcfjvrjeqlygp.supabase.co/storage/v1/object/public/product-images/artical-all-8904486406818.jpg,,,,,,,,32,32,40,CM,,,,,,,,,,,FALSE,2026-07-21 11:44:42.80239+00,2026-07-27 09:10:27.342713+00
762490ba-4927-4a55-827d-23cfd935d1c5,Jan-25,Glass Ware,Home One,,Ho Elsa Boro Glass Jar Wooden Lid 350Ml,8904132955110,399,199,,,RCPL,24,,https://yuzppjtjcfjvrjeqlygp.supabase.co/storage/v1/object/public/product-images/artical-all-8904132955110.jpg,,,,,,,,24,27,36.5,CM,,9.2,KG,33.3,24.9,12,CM,,2.9,KG,FALSE,2026-07-20 04:26:49.993614+00,2026-07-27 09:10:27.468508+00
763e090c-8b3d-406b-878b-14046bacdc74,Jan-26,Cleaning,My Home,60134M PDQ,Floor Squeegee Wiper,8904132953758,699,399,,,RCPL,36,,https://yuzppjtjcfjvrjeqlygp.supabase.co/storage/v1/object/public/product-images/artical-all-8904132953758.jpg,,,,,,,,39,34,132,CM,,16.5,KG,,,,,,,,FALSE,2026-07-20 04:27:54.105985+00,2026-07-27 09:10:27.600597+00
7641d079-ccc9-415d-9e70-713758ccfa79,Dec-25,Umbrella,LES,Black,"25"" -24K- Straight Umbrella -Cs014
25“*24K-Black",8904486408355,999,699,,,RRPL,36,,https://yuzppjtjcfjvrjeqlygp.supabase.co/storage/v1/object/public/product-images/artical-all-8904486408355.jpg,,,,,,,,105,27,38,CM,,28.9,KG,,,,,,,,FALSE,2026-07-20 04:26:33.730286+00,2026-07-27 09:10:27.728985+00
76739d23-967e-48a9-9287-e358dce70c4e,Jul-26,Back Packs,Livesmart,,Livesmart Sling Bag Pink,8906176015980,1499,,,,RRPL,108,,https://yuzppjtjcfjvrjeqlygp.supabase.co/storage/v1/object/public/product-images/artical-all-8906176015980.jpg,,,,,,,,490,350,620,,,,,,,,,,,,FALSE,2026-07-21 11:40:14.696685+00,2026-07-27 09:10:27.867725+00
76835fa3-b1d4-499a-aa01-798976dd822b,Jan-25,Clock,Gerat Essentials,748,Digital Clock Ge-748Dc Sky Blue,8904486401769,799,299,,494605694,Gsons,,,,,,,,,,,,,,,,,,,,,,,,,FALSE,2026-07-21 11:42:47.819998+00,2026-07-27 09:10:27.995595+00
76ee6b90-2e4f-4d7a-a38c-abe2f64fd5d8,Jan-26,Stationery,Quickworks,5653,Qw Two Hole Punch 8Cm 25Sheet Asrtd 5653,8904132987890,399,199,84729099,494759389,RCPL,60,,https://yuzppjtjcfjvrjeqlygp.supabase.co/storage/v1/object/public/product-images/artical-all-8904132987890.jpg,,,,,,,,465,243,295,MM,17,16,KG,,,,MM,,,,FALSE,2026-07-20 04:28:02.018823+00,2026-07-27 09:10:28.133243+00
76f81a66-9c11-4394-b333-42c87d082307,Jan-25,Kitchen Utility,Gerat Essentials,XL216-22#,22Cm Multifunction Mesh Stainer,8904486401936,279,149,,,Gsons,,,https://yuzppjtjcfjvrjeqlygp.supabase.co/storage/v1/object/public/product-images/artical-all-8904486401936.jpg,,,,,,,,58,42.5,69.5,CM,,,,44.5,22,13,CM,,,,FALSE,2026-07-21 11:43:07.179742+00,2026-07-27 09:10:28.256345+00
7753005d-6adf-4811-8d76-8b300a6dd7bf,Jul-25,Beauty Tool,Simply Smart,,Nail Clipper Set - 603E+608E,8904486405699,199,99,82142010,,RRPL,288,24,https://yuzppjtjcfjvrjeqlygp.supabase.co/storage/v1/object/public/product-images/artical-all-8904486405699.jpg,,,,,,,,48,31,36.5,CM,16.99,18.99,,,,,,,,,FALSE,2026-07-25 10:51:13.289041+00,2026-07-27 09:10:28.38778+00
77617e9c-7c88-4c7b-be94-3e89f979cb15,Dec-25,Kitchen Utility,Home One,JX318,4 Side Slicer Grater,8904132946811,199,99,,,RCPL,72,12,https://yuzppjtjcfjvrjeqlygp.supabase.co/storage/v1/object/public/product-images/artical-all-8904132946811.jpg,,,,,,,,475,190,430,MM,,,,465,180,650,MM,,,,FALSE,2026-07-20 04:29:05.271264+00,2026-07-27 09:10:28.512202+00
77987250-e493-48fd-ae76-4c6a7bdf93f1,2024,Back Packs,Livesmart,,Livesmart Hiking Backpack 40L Black Dpds20007,8906176014716,4999,2000,,,RRPL,5,5,https://yuzppjtjcfjvrjeqlygp.supabase.co/storage/v1/object/public/product-images/artical-all-8906176014716.jpg,,,,,,,,59,39,26,CM,,,,,,,,,,,FALSE,2026-07-21 11:40:31.087403+00,2026-07-27 09:10:28.64348+00
7798d322-f384-4304-886a-d7696c110997,Nov-25,Kitchen Utility,Home One,JX312,Multi Function Kitchen Peeler,8904132952867,98,49,,,RCPL,360,20,https://yuzppjtjcfjvrjeqlygp.supabase.co/storage/v1/object/public/product-images/artical-all-8904132952867.jpg,,,,,,,,,,,,,,,,,,,,,,FALSE,2026-07-20 04:29:04.225525+00,2026-07-27 09:10:28.770186+00
77dc8ed6-76cb-4689-b892-9d4c6c16ed90,Apr-26,Home Utility,Gerat Essentials,,Geap-01Multipurpose Air Pump,8904486401240,599,299,,,Gsons,12,,https://yuzppjtjcfjvrjeqlygp.supabase.co/storage/v1/object/public/product-images/artical-all-8904486401240.jpg,,,,,,,,610,180,330,MM,8.3,7.6,KG,,,,,,,,FALSE,2026-07-20 04:29:19.611149+00,2026-07-27 09:10:28.905514+00
77e4aaad-0380-4c9c-b50e-d6053f914c73,Dec-25,Umbrella,LES,Beige,"25"" -24K- Straight Umbrella -Cs014
25“*24K-Beige",8904486408102,999,699,,,RRPL,36,,https://yuzppjtjcfjvrjeqlygp.supabase.co/storage/v1/object/public/product-images/artical-all-8904486408102.jpg,,,,,,,,105,27,38,CM,,28.9,KG,,,,,,,,FALSE,2026-07-20 04:26:34.770015+00,2026-07-27 09:10:29.030329+00
7810c018-ae03-468d-86d1-9a8c70e98312,Jan-25,Glass Ware,Home One,,Round Serving Glass Bowl 350Ml And Wooden Tray,8904132961067,999,499,,,RCPL,60,10,https://yuzppjtjcfjvrjeqlygp.supabase.co/storage/v1/object/public/product-images/artical-all-8904132961067.jpg,,,,,,,,49,27,33.5,CM,,,,,,,,,,,FALSE,2026-07-25 10:50:23.716056+00,2026-07-27 09:10:29.160577+00
782d870a-0b6c-474b-8210-f8a26d6be68d,Jul-26,Back Packs,LES,,Livesmart Sling Bag  - Black,8906176016840,1499,699,,,RRPL,48,,https://yuzppjtjcfjvrjeqlygp.supabase.co/storage/v1/object/public/product-images/artical-all-8906176016840.jpg,,,,,,,,59,37,37,CM,13.5,12.5,,,,,,,,,FALSE,2026-07-21 11:40:17.219885+00,2026-07-27 09:10:29.284387+00
7842014e-8aa6-4e09-99b4-6943180db1a2,Jul-25,Cleaning,Simply Smart,TH-4,Bath Loofah 13 X13Cm,8904486405408,79,35,39269099,,RRPL,200,,https://yuzppjtjcfjvrjeqlygp.supabase.co/storage/v1/object/public/product-images/artical-all-8904486405408.jpg,,,,,,,,60,42,50,,,,,,,,,,,,FALSE,2026-07-21 11:43:35.047915+00,2026-07-27 09:10:29.517096+00
78c6e783-1c94-40f0-ba84-b93c57bc7afe,Dec-25,Back Packs,Livesmart,,Backpack Black -Dp23-Ch019,8904486408690,4999,1999,,,RRPL,10,,https://yuzppjtjcfjvrjeqlygp.supabase.co/storage/v1/object/public/product-images/artical-all-8904486408690.jpg,,,,,,,,,,,,,,,,,,,,,,FALSE,2026-07-20 04:27:03.733602+00,2026-07-27 09:10:29.699551+00
78da4677-93af-4c48-9a21-e32335d49408,Jul-26,Kitchen Utility,Home One,FK451S,Home One Slice Knife 32 X 2.2Cm,8909606000945,429,149,82119200,,RCPL,144,12,https://yuzppjtjcfjvrjeqlygp.supabase.co/storage/v1/object/public/product-images/artical-all-8909606000945.jpg,,,,,,,,45.5,40.5,28.5,CM,12.5,14.7,KG,43,10,11,CM,1.044,1.22412,KG,FALSE,2026-07-20 04:30:58.519065+00,2026-07-27 09:10:29.901214+00
7909a64e-b22d-4f8c-b56f-e0842b383fcb,2024,Umbrella,LES,,Umbrella - Cs006,8906176010848,549,399,,,RRPL,18,,https://yuzppjtjcfjvrjeqlygp.supabase.co/storage/v1/object/public/product-images/artical-all-8906176010848.jpg,,,,,,,,91.5,27.5,15,CM,,,,,,,,,,,FALSE,2026-07-21 11:39:20.175014+00,2026-07-27 09:10:30.051552+00
79145815-c130-465d-985f-d6e2b73a3881,Jul-25,Back Packs,Gerat Essentials,RH2476,Pouch - Rh2476 - Pink,8904486405231,699,349,42029900,,Gsons,120,,https://yuzppjtjcfjvrjeqlygp.supabase.co/storage/v1/object/public/product-images/artical-all-8904486405231.jpg,,,,,,,,50,45,40,CM,11.2,10.2,KG,,,,,,,,FALSE,2026-07-21 11:43:40.438794+00,2026-07-27 09:10:30.259776+00
791a8248-e65c-4f9f-bae3-14679b3c6b6e,Jan-25,Kitchen Utility,Gerat Essentials,6 side,6 Side Slicer Grater,8904486402117,399,199,,,Gsons,72,12,https://yuzppjtjcfjvrjeqlygp.supabase.co/storage/v1/object/public/product-images/2024-2025-521.jpg,,,,,,,,,,,,,,,,,,,,,,FALSE,2026-07-21 11:42:53.226333+00,2026-07-27 09:10:30.455282+00
7927d586-2d58-4277-a6ba-a1704d01fd78,2024,Wallets,LES,,Les Ladies Wallet Y9033-1 Brown,8906176018615,799,399,,,RRPL,90,,https://yuzppjtjcfjvrjeqlygp.supabase.co/storage/v1/object/public/product-images/artical-all-8906176018615.jpg,,,,,,,,500,380,420,MM,17.85,18.85,KG,,,,,,,,FALSE,2026-07-21 11:42:02.536734+00,2026-07-27 09:10:30.670069+00
794343e1-ad68-49fd-9407-201c563f2584,Dec-25,Glass Ware,Home One,,Ho Annie New Athena Mug 390Ml,8904132984219,499,249,69111011,494590349,RCPL,36,,,,,,,,,,434,307,305,MM,,13,,,,,,,,,FALSE,2026-07-25 10:53:10.192407+00,2026-07-27 09:10:30.869313+00
794ebfc0-6daf-44cf-90c6-795320c52657,2024,Trolley,Travello,,Travello Trolley Bag - Kt01 - Grey,8908020474172,6999,,,,Gsons,1,,https://yuzppjtjcfjvrjeqlygp.supabase.co/storage/v1/object/public/product-images/artical-all-8908020474172.jpg,,,,,,,,39,21.5,57,CM,,,,,,,,,,,FALSE,2026-07-21 11:40:34.67181+00,2026-07-27 09:10:31.078259+00
79cd9b69-c139-4be0-9800-736e9337c7b5,Jan-25,Back Packs,Gerat Essentials,YSS10,Rainbow Pouch Big,8904486405040,249,129,,,Gsons,96,12,https://yuzppjtjcfjvrjeqlygp.supabase.co/storage/v1/object/public/product-images/artical-all-8904486405040.jpg,,,,,,,,64,48,34,CM,,,,,,,,,,,FALSE,2026-07-21 11:43:21.72691+00,2026-07-27 09:10:31.536842+00
79d30518-7e09-44d6-8c71-b2eb55e775f4,2024,LED,Gerat Elektro,,Geflw40D6,8906176010251,199,99,,,Gsons,50,,https://yuzppjtjcfjvrjeqlygp.supabase.co/storage/v1/object/public/product-images/artical-all-8906176010251.jpg,,,,,,,,,,,CM,,,,,,,,,,,FALSE,2026-07-21 11:38:43.339343+00,2026-07-27 09:10:31.690507+00
79e5f0df-68d7-439c-a45d-62f6d7a8f2c6,2024,Back Packs,Livesmart,,Klb200103 Livesmart Business Backpack 26 Litre,8908021726218,7500,,,,RRPL,10,,https://yuzppjtjcfjvrjeqlygp.supabase.co/storage/v1/object/public/product-images/artical-all-8908021726218.jpg,,,,,,,,51,33,65,CM,,,,,,,,,,,FALSE,2026-07-21 11:38:30.389019+00,2026-07-27 09:10:31.812701+00
7a143769-5432-4a1a-b487-7cdff45b7bde,2024,Clock,White Label,,Wall Clock - 730-E-12,8906176010176,1099,549,,,Gsons,30,,https://yuzppjtjcfjvrjeqlygp.supabase.co/storage/v1/object/public/product-images/artical-all-8906176010176.jpg,,,,,,,,71,32.5,64,CM,14,20,,,,,,,,,FALSE,2026-07-21 11:41:33.071823+00,2026-07-27 09:10:31.955695+00
7a1b994a-59bf-4edd-a017-a3cc9a1def79,2024,Stationery,Quickworks,,Mini Stapler Set Light Blue,8906176018202,149,99,,,RCPL,144,24,https://yuzppjtjcfjvrjeqlygp.supabase.co/storage/v1/object/public/product-images/artical-all-8906176018202.jpg,,,,,,,,44,31.3,30,CM,11.5,13,KG,44,10.43,15,CM,2.166666667,,,FALSE,2026-07-21 11:42:10.374792+00,2026-07-27 09:10:32.079162+00
7a6bb291-22d7-413f-af50-0fe8faedc08d,2024,Kitchen Utility,Gerat Cuisino,,Dora Small Lunch Box With Plate,8908021726058,499,,,,Gsons,,,https://yuzppjtjcfjvrjeqlygp.supabase.co/storage/v1/object/public/product-images/artical-all-8908021726058.jpg,,,,,,,,,,,,,,,,,,,,,,FALSE,2026-07-21 11:41:12.661044+00,2026-07-27 09:10:32.361469+00
7a739797-19f9-402c-a567-88f83e190519,2024,Cleaning,Gerat Cuisino,,Swip Window,8906176010244,799,299,,,Gsons,38,,https://yuzppjtjcfjvrjeqlygp.supabase.co/storage/v1/object/public/product-images/artical-all-8906176010244.jpg,,,,,,,,,,,CM,,,,,,,,,,,FALSE,2026-07-21 11:38:42.780338+00,2026-07-27 09:10:32.563348+00
7a7670ed-c2d4-4d73-90ca-0cc4ade2bdd9,2024,LED,Gerat Elektro,,Geflm100D6,8906176010268,399,199,,,Gsons,50,,https://yuzppjtjcfjvrjeqlygp.supabase.co/storage/v1/object/public/product-images/artical-all-8906176010268.jpg,,,,,,,,,,,CM,,,,,,,,,,,FALSE,2026-07-21 11:38:43.945013+00,2026-07-27 09:10:32.771437+00
7c930735-1c0d-4e36-a4ac-2b26c6be3062,Jul-26,LED,Gerat Elektro,GEFLM40D6,Gerat Elek 40L Geflm40D6 Multi Led Light,8906176011456,349,109,,494462168,Gsons,100,25,https://yuzppjtjcfjvrjeqlygp.supabase.co/storage/v1/object/public/product-images/artical-all-8906176011456.jpg,,,,,,,,,,,,,,,,,,,,,,FALSE,2026-07-20 04:30:43.282698+00,2026-07-27 09:10:32.971359+00
7c97e7bd-7a06-4940-bde7-3f87549ae758,Jan-25,Glass Ware,Home One,,Ho Insignia Diamond Glasses 400Ml So6,8904132955059,1499,,,,RCPL,10,,https://yuzppjtjcfjvrjeqlygp.supabase.co/storage/v1/object/public/product-images/artical-all-8904132955059.jpg,,,,,,,,500,252,415,,,,,244,164,132,MM,,,,FALSE,2026-07-25 10:50:20.519626+00,2026-07-27 09:10:33.195035+00
7d429e61-daa5-4c15-a33b-3da5f1ea573e,Jul-25,Kitchen Utility,Simply Smart,,Simply Smart Steel Scrub,8904486405460,19,10,63079019,,RRPL,60,,https://yuzppjtjcfjvrjeqlygp.supabase.co/storage/v1/object/public/product-images/artical-all-8904486405460.jpg,,,,,,,,90,41,45,CM,0.5,0.5,,,,,,,,,FALSE,2026-07-25 10:50:49.308031+00,2026-07-27 09:10:33.582646+00
7d4d2795-3b9c-4017-846a-fcdb61435a72,Nov-25,Beauty Tool,Simply Smart,ND010,Lash & Brow Brush Nd010,8904486407259,99,39,96033020,,RRPL,576,48,https://yuzppjtjcfjvrjeqlygp.supabase.co/storage/v1/object/public/product-images/artical-all-8904486407259.jpg,,,,,,,,41.5,30.5,42,CM,2.42,10.2,KG,20,14.5,13.5,CM,0.2,0.65,KG,FALSE,2026-07-21 11:44:53.540922+00,2026-07-27 09:10:33.796689+00
7dab8143-62db-4f11-b8ee-7aa6bdd63e5d,2024,Umbrella,LES,,Umbrella - Chsu6858Rl,8906176010718,699,499,,,RRPL,18,,https://yuzppjtjcfjvrjeqlygp.supabase.co/storage/v1/object/public/product-images/artical-all-8906176010718.jpg,,,,,,,,10.5,26,8.5,CM,,,,,,,,,,,FALSE,2026-07-21 11:39:11.705748+00,2026-07-27 09:10:34.003666+00
7de13601-92de-4e3a-aee7-d05a2e1e5a7f,Apr-26,Mirror,Gerat Essentials,LTJ17-15,Double Sided Table Mirror Big With 1X/2X Magnifying,8904486404920,399,199,,,Gsons,48,12,https://yuzppjtjcfjvrjeqlygp.supabase.co/storage/v1/object/public/product-images/artical-all-8904486404920.jpg,,,,,,,,49,33,44,CM,14,15,KG,48,15.5,21,,3.3,3,KG,FALSE,2026-07-20 04:29:11.930614+00,2026-07-27 09:10:34.203057+00
7e40e21f-4a7d-4a10-b0a2-df693fc30410,Jun-26,Back Packs,White Label,CH24B464,Sling Bag Ch24B464 Green,8904486413366,1799,449,42029900,,Gsons,60,12,https://yuzppjtjcfjvrjeqlygp.supabase.co/storage/v1/object/public/product-images/artical-all-8904486413366.jpg,,,,,,,,40,60,12,CM,,,,,,,,,,,FALSE,2026-07-20 04:30:25.709617+00,2026-07-27 09:10:34.404396+00
7e5087e3-0ee0-4ddb-8db1-35cacc42f4cb,Jul-25,Back Packs,Livesmart,KLM210424BL,Business Satche - Klm210424Bl Blue,8904486405620,6000,2400,42029900,,RRPL,10,,https://yuzppjtjcfjvrjeqlygp.supabase.co/storage/v1/object/public/product-images/artical-all-8904486405620.jpg,,,,,,,,40,28,40,CM,,,,,,,,,,,FALSE,2026-07-20 04:29:56.271765+00,2026-07-27 09:10:34.617663+00
7e5b4d09-a8f0-4a66-944c-7959c3654a4b,Jan-25,Stationery,Quickworks,,Xd24088Gl 88Ml Butterfly Jumbo Glitter Glue,8906176011081,199,99,,,RCPL,,,https://yuzppjtjcfjvrjeqlygp.supabase.co/storage/v1/object/public/product-images/artical-all-8906176011081.jpg,,,,,,,,,,,,18,17.3,,,,,,,,,FALSE,2026-07-21 11:39:42.730566+00,2026-07-27 09:10:34.745724+00
7e8cbd9d-48a1-4fa0-b753-787e8a22df67,Feb-26,Home Utility,White Label,RMF26042,Turntable,8904486409642,999,499,73239490,,Gsons,12,,https://yuzppjtjcfjvrjeqlygp.supabase.co/storage/v1/object/public/product-images/artical-all-8904486409642.jpg,,,,,,,,400,400,330,MM,8.06,8.1,KG,,,,,,,,FALSE,2026-07-20 04:28:17.528786+00,2026-07-27 09:10:34.876183+00
7e993036-dd32-4dfe-9940-c3fffe56e47b,Jan-25,Glass Ware,Home One,,Square Serving Glass Bowl 300Ml And Wooden Tray,8904132961074,799,399,,,RCPL,60,10,https://yuzppjtjcfjvrjeqlygp.supabase.co/storage/v1/object/public/product-images/artical-all-8904132961074.jpg,,,,,,,,51,38,25,CM,,,,,,,,,,,FALSE,2026-07-25 10:50:24.099834+00,2026-07-27 09:10:35.021375+00
7f009944-87e0-4178-8823-ad971c666fd1,Dec-25,Back Packs,Livesmart,DP23-L025,Backpack Black+Grey  - Dp23-L025,8904486408577,4499,1999,,,RRPL,10,,https://yuzppjtjcfjvrjeqlygp.supabase.co/storage/v1/object/public/product-images/artical-all-8904486408577.jpg,,,,,,,,,,,,,,,,,,,,,,FALSE,2026-07-20 04:26:57.464243+00,2026-07-27 09:10:35.157354+00
7f7b49e9-1526-4b34-ad87-48c3d458b331,Jul-25,Stationery,Soowash,,Pet Glove - Purple,8904486405378,399,99,494487839,,RRPL,80,,https://yuzppjtjcfjvrjeqlygp.supabase.co/storage/v1/object/public/product-images/artical-all-8904486405378.jpg,,,,,,,,38,26,42,,,,,,,,,,,,FALSE,2026-07-21 11:43:33.228598+00,2026-07-27 09:10:35.2803+00
7f857b30-0a87-4a77-b903-5523a7e7d527,Jun-26,Back Packs,White Label,AJ-6-004,Fashion Backpack Aj-6-004 Grey+Beige,8904486413441,3999,799,,494605698,Gsons,12,6,https://yuzppjtjcfjvrjeqlygp.supabase.co/storage/v1/object/public/product-images/artical-all-8904486413441.jpg,,,,,,,,,,,,,,,,,,,,,,FALSE,2026-07-20 04:30:30.358763+00,2026-07-27 09:10:35.414892+00
7fd1dff0-9926-4402-b22a-9d18cc681e92,Mar-26,Glass Ware,Disney,FROZEN,Disney Frozen Kids Mug 350Ml,8904486409710,399,129,69111011,,RRPL,48,,https://yuzppjtjcfjvrjeqlygp.supabase.co/storage/v1/object/public/product-images/artical-all-8904486409710.jpg,,,,,,,,,,,,,,,,,,,,,,FALSE,2026-07-20 04:28:35.998491+00,2026-07-27 09:10:35.537322+00
7fd8c81a-eaff-4c41-8c62-1db29e64f99a,Jul-26,Glass Ware,Home One,ZS8864,Ho Zoe Striped Glazed Mug 340Ml,8909606002116,499,179,69111029,494608334,RCPL,24,12,https://yuzppjtjcfjvrjeqlygp.supabase.co/storage/v1/object/public/product-images/artical-all-8909606002116.jpg,,,,,,,,420,305,225,MM,,9,KG,400,280,105,MM,,4.18,KG,FALSE,2026-07-20 04:31:02.228488+00,2026-07-27 09:10:35.670749+00
802479c8-8f6f-47de-babb-a3c79dea644a,Jan-25,Home Utility,Ulhaas,,Ulhaas Pvc Table Cvr 6 Seater 150X240Cm,8904132969643,499,249,,,RCPL,10,,https://yuzppjtjcfjvrjeqlygp.supabase.co/storage/v1/object/public/product-images/artical-all-8904132969643.jpg,,,,,,,,38,53.5,18,CM,,12,,,,,,,,,FALSE,2026-07-25 10:50:37.595272+00,2026-07-27 09:10:35.791802+00
8088b48f-3e55-43cf-8450-f3efc2dde8c0,Feb-26,Basket,White Label,,Woven Pl Basket Deep Round Dark Brown,8906176015126,279,119,,494485003,Gsons,12,,https://yuzppjtjcfjvrjeqlygp.supabase.co/storage/v1/object/public/product-images/artical-all-8906176015126.jpg,,,,,,,,27,27,25,,,,,,,,,,,,FALSE,2026-07-20 04:28:19.813567+00,2026-07-27 09:10:35.922427+00
810c0322-26e1-496f-a8eb-443c7695e9b5,Jun-26,Bedsheet,Ulhaas,,Ulhaas Dreamweave Dbsheet Set 225X250Cm,8909606001928,1899,599,63041990,494608235,RCPL,16,,https://yuzppjtjcfjvrjeqlygp.supabase.co/storage/v1/object/public/product-images/artical-all-8909606001928.jpg,,,,,,,,56.5,38.5,39,CM,,18.3,KG,,,,,,,,FALSE,2026-07-20 04:30:39.318034+00,2026-07-27 09:10:36.052794+00
815452a6-9491-4dc7-adc5-b7583b4e5e4b,Dec-25,Beauty Tool,Simply Smart,PB280235,Head Band - 002,8904486408911,149,69,,,RRPL,96,12,https://yuzppjtjcfjvrjeqlygp.supabase.co/storage/v1/object/public/product-images/artical-all-8904486408911.jpg,,,,,,,,55,40,30,CM,2.47,3.67,KG,,,,,,,KG,FALSE,2026-07-20 04:26:51.915259+00,2026-07-27 09:10:36.181896+00
820a6679-0b16-4db1-907c-7d682aa67263,Sep-25,Home Utility,White Label,WR4782A-4 60CM,4 Tiers Storage Shelves 12Mm Iron Tube With Powder Painting Finish - Wr4782A,8904486405866,799,399,94032090,,Gsons,12,0,https://yuzppjtjcfjvrjeqlygp.supabase.co/storage/v1/object/public/product-images/artical-all-8904486405866.jpg,,,,,,,,61,24,43.5,CM,11,12.8,KG,,,,,,,,FALSE,2026-07-21 11:43:54.627064+00,2026-07-27 09:10:36.30706+00
820fb58d-47b3-47af-97ad-103373efb1e4,Dec-25,Basket,Home One,MW0028108-1,Ho Gold Clr Oval Metal Basket 35X22X10Cm,8904132961975,999,499,,,RCPL,12,,https://yuzppjtjcfjvrjeqlygp.supabase.co/storage/v1/object/public/product-images/artical-all-8904132961975.jpg,,,,,,,,36,22.5,44.5,CM,6,6.6,KG,,,,,,,,FALSE,2026-07-20 04:26:08.946068+00,2026-07-27 09:10:36.438163+00
8222a813-4313-4ed6-885d-3a69ec1092ac,2024,Clothing,White Label,,Cap-Ch24H105,8906176019162,399,299,65050090,,Gsons,100,10,https://yuzppjtjcfjvrjeqlygp.supabase.co/storage/v1/object/public/product-images/artical-all-8906176019162.jpg,,,,,,,,63,43,20,CM,6,6.8,KG,,,,,,,,FALSE,2026-07-21 11:42:19.359788+00,2026-07-27 09:10:36.571415+00
8256bfac-d165-4ae9-b715-91012867b816,Dec-25,Glass Ware,Home One,,Ho New Eva Solitaire Mug 470Ml,8904132983809,499,249,69111011,494590332,RCPL,24,6,,,,,,,,,441,315,248,MM,,9.7,,300,213,103,MM,,2.26,,FALSE,2026-07-25 10:53:05.929899+00,2026-07-27 09:10:36.711981+00
825c216a-a6c3-4de5-9271-9eb6f09781e5,Mar-26,Home Utility,Home One,SM-1209,Plastic Hook So3,8904132908192,179,89,,,RCPL,192,24,https://yuzppjtjcfjvrjeqlygp.supabase.co/storage/v1/object/public/product-images/artical-all-8904132908192.jpg,,,,,,,,48,42,53,CM,,,,,,,,,,,FALSE,2026-07-20 04:28:42.11363+00,2026-07-27 09:10:36.837426+00
826929e4-40a8-453e-b7ff-addb9c774880,2024,LED,Gerat Elektro,,Decorative Tree Lights - Geflw24B6Wt,8906176010459,1999,999,,,Gsons,12,,https://yuzppjtjcfjvrjeqlygp.supabase.co/storage/v1/object/public/product-images/artical-all-8906176010459.jpg,,,,,,,,60,48,48,CM,,,,11.5,11.5,55,,,,,FALSE,2026-07-21 11:39:07.641579+00,2026-07-27 09:10:36.96957+00
82b80dd6-1b24-4cc1-98ed-344ff6f8e81e,2024,Tools,Gerat Elektro,,Utility Knife- Gek-01,8906176011388,79,35,,,Gsons,288,24,https://yuzppjtjcfjvrjeqlygp.supabase.co/storage/v1/object/public/product-images/artical-all-8906176011388.jpg,,,,,,,,69,63,25.5,CM,,,,40,21,12,,,,,FALSE,2026-07-21 11:39:53.436207+00,2026-07-27 09:10:37.098361+00
82c10b13-2c2f-4cff-bd14-2eb88510407c,Dec-25,Basket,Home One,,Basket White Colour,8904132967175,999,499,,,RCPL,,12,https://yuzppjtjcfjvrjeqlygp.supabase.co/storage/v1/object/public/product-images/artical-all-8904132967175.jpg,,,,,,,,52.2,41,27.1,CM,4.98,6.012,,,,,,,,,FALSE,2026-07-25 10:50:44.716122+00,2026-07-27 09:10:37.239158+00
82e267de-7541-4068-9a88-a690eb431f9e,Dec-25,Umbrella,LES,Lt. Purple,"Poe - 23"" Straight Umbrella - Lt. Purple",8904486407570,399,249,,,RRPL,60,,https://yuzppjtjcfjvrjeqlygp.supabase.co/storage/v1/object/public/product-images/DEC-25-34.jpg,,,,,,,,87,17,53,CM,,15,KG,,,,,,,,FALSE,2026-07-20 04:26:12.740546+00,2026-07-27 09:10:37.364042+00
82e7d9a2-5cb2-4503-b9ef-dd50fdc76ec7,Jul-25,Kitchen Utility,Simply Smart,,Simply Smart Sponge Scrub,8904486405446,19,10,73231000,,RRPL,50,,https://yuzppjtjcfjvrjeqlygp.supabase.co/storage/v1/object/public/product-images/artical-all-8904486405446.jpg,,,,,,,,75,50,55,CM,0.5,0.5,,,,,,,,,FALSE,2026-07-25 10:50:48.535435+00,2026-07-27 09:10:37.501896+00
83668dd7-49bc-4d75-9f3d-d3188e4e37c2,Jan-25,Glass Ware,Home One,,Elsa 230 Ml Borosilicate Glass Cup,8904132960589,138,69,,,RCPL,96,24,https://yuzppjtjcfjvrjeqlygp.supabase.co/storage/v1/object/public/product-images/artical-all-8904132960589.jpg,,,,,,,,33.4,26,31,CM,,,,31.4,24.2,9.5,CM,,,,FALSE,2026-07-25 10:50:19.749604+00,2026-07-27 09:10:37.62791+00
83792f1b-ed9e-47db-baaf-c440c11e63ae,2024,Clock,White Label,730A,Wall Clock - 730A-08,8906176010008,599,299,,,Gsons,30,,https://yuzppjtjcfjvrjeqlygp.supabase.co/storage/v1/object/public/product-images/artical-all-8906176010008.jpg,,,,,,,,68,23,44,CM,8,11,KG,,,,,,,,FALSE,2026-07-20 04:29:57.961639+00,2026-07-27 09:10:37.765032+00
83b2d559-fe20-4695-9650-103013e77319,Nov-25,Back Packs,White Label,YA7709,Fashion Backpack Ya7709 - Grey,8904486407068,1799,899,42029900,,Gsons,10,,https://yuzppjtjcfjvrjeqlygp.supabase.co/storage/v1/object/public/product-images/artical-all-8904486407068.jpg,,,,,,,,45,38,42,CM,,6.2,KG,,,,,,,,FALSE,2026-07-21 11:44:46.934095+00,2026-07-27 09:10:37.893196+00
83bb7384-3006-448d-b6c2-de99060e80bb,2024,Clothing,White Label,,Cap-Ch24H207,8906176019209,399,299,65050090,,Gsons,100,10,https://yuzppjtjcfjvrjeqlygp.supabase.co/storage/v1/object/public/product-images/artical-all-8906176019209.jpg,,,,,,,,63,43,20,CM,5.7,6.5,KG,,,,,,,,FALSE,2026-07-21 11:42:21.405003+00,2026-07-27 09:10:38.031627+00
83cdfdeb-9788-4e4a-a8d9-2a225cb06b7e,Jun-26,Clothing,White Label,,Unisex Polyester Ankle Socks - 2Pp-43-46,8904486411409,79,49,61159990,,Gsons,,,,,,,,,,,,,,,,,,,,,,,,,FALSE,2026-07-25 10:55:07.933477+00,2026-07-27 09:10:38.164448+00
8425a446-c4c9-425f-a089-24928c660fa4,Jun-26,Back Packs,White Label,FSD1338,Fashion Backpack Fsd1338 Black,8904486413502,4999,999,,494605710,Gsons,12,6,https://yuzppjtjcfjvrjeqlygp.supabase.co/storage/v1/object/public/product-images/artical-all-8904486413502.jpg,,,,,,,,,,,,,,,,,,,,,,FALSE,2026-07-20 04:30:33.608708+00,2026-07-27 09:10:38.299565+00
843b108f-e149-49c3-9934-2571cebbee3a,2024,Clothing,White Label,,Cap-Ch24H099,8906176019131,499,399,65050090,,Gsons,100,10,https://yuzppjtjcfjvrjeqlygp.supabase.co/storage/v1/object/public/product-images/artical-all-8906176019131.jpg,,,,,,,,63,43,20,CM,6,6.8,KG,,,,,,,,FALSE,2026-07-21 11:42:17.757972+00,2026-07-27 09:10:38.428289+00
8448c963-7b9e-4762-a9b3-4f73e95dd556,Jun-26,Back Packs,White Label,FS1346,Fashion Backpack Fs1246 - Pink,8904486413397,3999,799,,494605690,Gsons,12,6,https://yuzppjtjcfjvrjeqlygp.supabase.co/storage/v1/object/public/product-images/artical-all-8904486413397.jpg,,,,,,,,,,,,,,,,,,,,,,FALSE,2026-07-20 04:30:27.772831+00,2026-07-27 09:10:38.560998+00
849021f3-63ea-46d5-b291-6c223667edfb,2024,Clothing,White Label,,Cap-Ch24H302,8906176019230,399,299,65050090,,Gsons,100,10,https://yuzppjtjcfjvrjeqlygp.supabase.co/storage/v1/object/public/product-images/artical-all-8906176019230.jpg,,,,,,,,63,43,20,CM,5.7,6.5,KG,,,,,,,,FALSE,2026-07-21 11:42:23.16028+00,2026-07-27 09:10:38.685319+00
84c6aa80-4d0e-4184-bb9f-1cda1123d420,Jul-26,Glass Ware,Home One,BRJD357-139103,Ho Iris Liner Sipper With Handle 380Ml,8909606002109,399,199,69111029,494608333,RCPL,36,12,https://yuzppjtjcfjvrjeqlygp.supabase.co/storage/v1/object/public/product-images/artical-all-8909606002109.jpg,,,,,,,,395,295,360,MM,,11.8,KG,376,285,109,MM,,3.8,KG,FALSE,2026-07-20 04:31:00.532116+00,2026-07-27 09:10:38.825922+00
84e7f8ea-f132-4e69-abaf-d2963bf04c27,Feb-26,Glass Ware,White Label,RMF26040,Measuring Cup 500Ml,8904486409666,399,199,70139900,,Gsons,40,,https://yuzppjtjcfjvrjeqlygp.supabase.co/storage/v1/object/public/product-images/artical-all-8904486409666.jpg,,,,,,,,545,440,285,MM,7.1,7.8,KG,,,,,,,,FALSE,2026-07-20 04:28:16.296083+00,2026-07-27 09:10:38.952741+00
8595a8d7-23e6-492d-b80e-dcf42c5998ea,Sep-25,Home Utility,White Label,W7992-2APBH,Double Hook - W7992,8904486406016,399,199,39249090,,Gsons,24,6,https://yuzppjtjcfjvrjeqlygp.supabase.co/storage/v1/object/public/product-images/artical-all-8904486406016.jpg,,,,,,,,40,24.5,14,CM,1.3,1.7,KG,,,,,,,,FALSE,2026-07-21 11:44:02.686497+00,2026-07-27 09:10:39.085304+00
85aaaf3f-3237-4b34-b84d-b1bf18e3a86a,2024,Back Packs,White Label,CH24B436,Crossbody Bag Ch24B436 Red,8906176018004,599,299,,,Gsons,100,,https://yuzppjtjcfjvrjeqlygp.supabase.co/storage/v1/object/public/product-images/artical-all-8906176018004.jpg,,,,,,,,65,34,40,CM,,,,,,,,,,,FALSE,2026-07-21 11:41:35.972561+00,2026-07-27 09:10:39.210009+00
863d9420-e7f9-4b1c-9eea-b545bcf39b77,Sep-25,Basket,White Label,KT248021,Extendable Strainer Basket - Kt248021,8904486406122,299,149,39249090,,Gsons,24,0,https://yuzppjtjcfjvrjeqlygp.supabase.co/storage/v1/object/public/product-images/artical-all-8904486406122.jpg,,,,,,,,39,21,33.5,CM,5.2,5.7,KG,,,,,,,,FALSE,2026-07-21 11:44:08.852144+00,2026-07-27 09:10:39.339827+00
8649bf14-8a87-47ba-9563-57371ce436b5,Dec-25,Umbrella,LES,black,"3 Fold - 21"" - Solid -Auto Open / Close Umbrella
21“*8K-Black",8904486407921,449,299,,,RRPL,60,,https://yuzppjtjcfjvrjeqlygp.supabase.co/storage/v1/object/public/product-images/artical-all-8904486407921.jpg,,,,,,,,50.5,30.5,30,CM,,20.98,KG,,,,,,,,FALSE,2026-07-20 04:26:27.211804+00,2026-07-27 09:10:39.461806+00
8668adbb-1f2a-4265-80b3-1c09d46effc4,Jun-26,Back Packs,White Label,CHCB26073,Crossbody Bag Chcb26073 Black,8904486413328,1999,499,42029900,,Gsons,60,,https://yuzppjtjcfjvrjeqlygp.supabase.co/storage/v1/object/public/product-images/artical-all-8904486413328.jpg,,,,,,,,45,25,55,,,,,,,,,,,,FALSE,2026-07-20 04:30:23.58364+00,2026-07-27 09:10:39.592844+00
86aaf6bd-37f1-4acc-8ef5-10aa67573337,2024,Clock,Gerat Elektro,,Wall Clock - 730F-12,8906176010206,1199,599,,,Gsons,,,https://yuzppjtjcfjvrjeqlygp.supabase.co/storage/v1/object/public/product-images/artical-all-8906176010206.jpg,,,,,,,,,,,,,,,,,,,,,,FALSE,2026-07-21 11:41:34.361255+00,2026-07-27 09:10:39.714657+00
86aca1e3-3aeb-41d9-9a0d-73af5a7b88ff,Jan-25,Glass Ware,Home One,DL331-1,Ho Elsa Borosilicate Glass Mug 380Ml,8904132955219,199,99,,,RCPL,24,,https://yuzppjtjcfjvrjeqlygp.supabase.co/storage/v1/object/public/product-images/artical-all-8904132955219.jpg,,,,,,,,37.6,26,32.6,CM,,6,KG,24,17.8,10,CM,,0.95,,FALSE,2026-07-21 11:43:15.40869+00,2026-07-27 09:10:39.844315+00
8715530d-4ba5-4ea3-acda-b184a31a1ecb,Jul-26,Stationery,Simply Smart,,Wooden Toothpick 200Pcs,8904486413960,59,29,44199090,,RRPL,144,12,,,,,,,,,24,24,31,CM,4.89,5.4,KG,22.5,7.5,3,CM,0.384,0.408,KG,FALSE,2026-07-20 04:31:00.121569+00,2026-07-27 09:10:39.972644+00
875862c9-4b74-4922-b348-59f22400ce03,Mar-26,Home Utility,Home One,SM-1820,Smiley Sticky Hook So3- Sm1820,8908021726355,75,49,,,RCPL,192,,https://yuzppjtjcfjvrjeqlygp.supabase.co/storage/v1/object/public/product-images/artical-all-8908021726355.jpg,,,,,,,,440,380,410,,,,,,,,,,,,FALSE,2026-07-20 04:28:46.846259+00,2026-07-27 09:10:40.106709+00
878a64ff-6217-4841-a79a-5a182c138482,Dec-25,Glass Ware,Home One,,Ho Annie New Abstract Mug 400Ml,8904132984158,499,249,69111011,494590343,RCPL,36,,,,,,,,,,417,280,338,MM,,14.3,,,,,,,,,FALSE,2026-07-25 10:53:08.867186+00,2026-07-27 09:10:40.241593+00
87920afa-e0b5-4289-bd8a-f2b15578462b,Jan-25,Glass Ware,Great Porcelo,SL91,Glass 450Ml,8906176019506,480,199,,,Gsons,,,https://yuzppjtjcfjvrjeqlygp.supabase.co/storage/v1/object/public/product-images/artical-all-8906176019506.jpg,,,,,,,,39.6,30,31.3,CM,,10.5,KG,,,,,,0.369,,FALSE,2026-07-21 11:42:30.857366+00,2026-07-27 09:10:40.384388+00
87a914e3-13d3-4a09-97b4-6e144925bdef,Oct-25,Back Packs,White Label,,Multipurpose Travel Pouch  Bag Xfj003 - Black,8904486404456,499,249,,,Gsons,120,,https://yuzppjtjcfjvrjeqlygp.supabase.co/storage/v1/object/public/product-images/artical-all-8904486404456.jpg,,,,,,,,,,,,,,,,,,,,,,FALSE,2026-07-21 11:44:31.651244+00,2026-07-27 09:10:40.511071+00
87bae085-89bc-4aa0-b3f0-e03af038f591,Dec-25,Umbrella,LES,Maroon,"3 Fold - 21"" - Printed-Auto Open / Close Umbrella
21“*8K-Maroon",8904486407969,599,399,,,RRPL,48,,https://yuzppjtjcfjvrjeqlygp.supabase.co/storage/v1/object/public/product-images/artical-all-8904486407969.jpg,,,,,,,,30.5,30.5,40,CM,,17.2,KG,,,,,,,,FALSE,2026-07-20 04:26:28.697905+00,2026-07-27 09:10:40.641671+00
87bc3d4f-21f0-4020-a674-785676d444be,Jan-25,Beauty Tool,Gerat Essentials,GESB02,Eye Lash Curler Gesb02,8904486403664,199,99,,,Gsons,,,https://yuzppjtjcfjvrjeqlygp.supabase.co/storage/v1/object/public/product-images/artical-all-8904486403664.jpg,,,,,,,,,,,,,,,,,,,,,,FALSE,2026-07-21 11:42:55.306558+00,2026-07-27 09:10:40.766574+00
87c9a743-74cd-466f-9bfb-c316ef47b7b4,Oct-25,Back Packs,LES,EP094D,Sling Bag- Ep094D - Black,8904486406696,1499,749,,,RRPL,30,,https://yuzppjtjcfjvrjeqlygp.supabase.co/storage/v1/object/public/product-images/artical-all-8904486406696.jpg,,,,,,,,,,,,,,,,,,,,,,FALSE,2026-07-21 11:44:32.167993+00,2026-07-27 09:10:40.906708+00
87e784c1-17f7-4cc7-b47b-544e945f444e,2024,Planters,Great Porcelo,,Ceramic Planter Jxba011,8908021726775,499,,,,Gsons,,,https://yuzppjtjcfjvrjeqlygp.supabase.co/storage/v1/object/public/product-images/artical-all-8908021726775.jpg,,,,,,,,,,,,,,,,,,,,,,FALSE,2026-07-21 11:41:10.336748+00,2026-07-27 09:10:41.041096+00
883e56d7-041c-406b-b56f-d498ac43cddd,Jan-25,Glass Ware,Home One,,Ho Insgn Diamnd Goblet Glasses 330Ml So6,8904132955066,1499,,,,RCPL,24,6,https://yuzppjtjcfjvrjeqlygp.supabase.co/storage/v1/object/public/product-images/artical-all-8904132955066.jpg,,,,,,,,523,363,363,,,,,253,180,172,MM,,,,FALSE,2026-07-25 10:50:20.914681+00,2026-07-27 09:10:41.177648+00
88bc3a51-9f22-4afd-a192-9f5e3eb4f816,2024,Back Packs,Gerat Elektro,,Fashion Backpack 18L P2-11-052 Purple,8906176011319,1999,,,,Gsons,10,,https://yuzppjtjcfjvrjeqlygp.supabase.co/storage/v1/object/public/product-images/artical-all-8906176011319.jpg,,,,,,,,48,35,32,CM,,,,,,,,,,,FALSE,2026-07-21 11:39:34.970098+00,2026-07-27 09:10:41.304206+00
88d5856e-3e01-42cd-9941-085baf8922d6,2024,Stationery,Quickworks,,Lp21012 5G-12Pcs Dark Chalk Crayons,8906176011036,599,299,,,RCPL,72,12,https://yuzppjtjcfjvrjeqlygp.supabase.co/storage/v1/object/public/product-images/artical-all-8906176011036.jpg,,,,,,,,,,,CM,,,,,,,,,,,FALSE,2026-07-21 11:39:40.023553+00,2026-07-27 09:10:41.440368+00
88ef1ca5-3c9b-405b-a0a3-47c3c2b4dbcb,Dec-25,Stationery,Disney,SPIDERMAN,Glue Stick 15Gms Spiderman,8904486408812,99,49,,,RRPL,384,12,https://yuzppjtjcfjvrjeqlygp.supabase.co/storage/v1/object/public/product-images/artical-all-8904486408812.jpg,,,,,,,,,,,,,,,,,,,,,,FALSE,2026-07-20 04:27:06.575439+00,2026-07-27 09:10:41.563338+00
8920a5ed-6ab2-4d76-b389-7bc414ced331,2024,Stationery,Quickworks,,Origamy  Colour Paper  15X15 Cm,8906176010930,45,29,,,RCPL,50,50,https://yuzppjtjcfjvrjeqlygp.supabase.co/storage/v1/object/public/product-images/artical-all-8906176010930.jpg,,,,,,,,31,16,15,CM,,,,,,,,,,,FALSE,2026-07-21 11:39:28.194572+00,2026-07-27 09:10:41.692336+00
89284a20-150f-4c3f-97ef-e9739abab438,Jan-25,Glass Ware,Home One,,Round Serving Glass Bowl 350Ml And Wooden Tray,8904132961050,799,399,,,RCPL,60,10,https://yuzppjtjcfjvrjeqlygp.supabase.co/storage/v1/object/public/product-images/artical-all-8904132961050.jpg,,,,,,,,40,37.5,33.5,CM,,,,,,,,,,,FALSE,2026-07-25 10:50:23.334743+00,2026-07-27 09:10:41.815383+00
89297637-9daf-4e3d-b4cc-1384321087e4,2024,Back Packs,Gerat Elektro,,Kids Backpack 7L- P30843,8906176010558,1999,599,,,Gsons,10,,https://yuzppjtjcfjvrjeqlygp.supabase.co/storage/v1/object/public/product-images/artical-all-8906176010558.jpg,,,,,,,,21,27,33,CM,,,,,,,,,,,FALSE,2026-07-21 11:39:04.786094+00,2026-07-27 09:10:41.946936+00
892be807-e8b2-4515-a5f7-ff555eaea0ac,Sep-25,Home Utility,White Label,B2530A,Press Soap Dispenser - B2530A,8904486405989,799,399,39249090,,Gsons,60,0,https://yuzppjtjcfjvrjeqlygp.supabase.co/storage/v1/object/public/product-images/artical-all-8904486405989.jpg,,,,,,,,54,44,44,CM,14,15,KG,,,,,,,,FALSE,2026-07-21 11:44:01.0606+00,2026-07-27 09:10:42.076899+00
892fb2a6-ade4-49e6-baed-5085abc764bc,2024,Back Packs,Livesmart,,Livesmart Hiking Backpack 40L Blue -Dpds20007-40 L,8906176014723,4999,2000,,,RRPL,5,5,https://yuzppjtjcfjvrjeqlygp.supabase.co/storage/v1/object/public/product-images/artical-all-8906176014723.jpg,,,,,,,,59,39,26,CM,,,,,,,,,,,FALSE,2026-07-21 11:40:31.640495+00,2026-07-27 09:10:42.209361+00
89386368-ae65-47eb-8aea-448396423c45,2024,Back Packs,Livesmart,,"Enl020815B Livesmart Bkpk 15.6""",8908021726874,5000,,,,RRPL,10,,https://yuzppjtjcfjvrjeqlygp.supabase.co/storage/v1/object/public/product-images/artical-all-8908021726874.jpg,,,,,,,,,,,CM,,,,,,,,,,,FALSE,2026-07-21 11:38:51.081078+00,2026-07-27 09:10:42.333905+00
895ec38d-baea-4d3e-8975-19935e09f0ad,Feb-26,Basket,White Label,,Woven Pl Oval Basket Dark Brown,8906176015195,159,79,,494485008,Gsons,12,,https://yuzppjtjcfjvrjeqlygp.supabase.co/storage/v1/object/public/product-images/artical-all-8906176015195.jpg,,,,,,,,24,17,25,,,,,,,,,,,,FALSE,2026-07-20 04:28:25.967622+00,2026-07-27 09:10:42.467466+00
897272a5-3456-4205-8d4a-9b2f6bd6f38f,Jun-26,Clothing,Disney,,Kid'S Cotton Ankle Socks -Minnie-4-7Yrs,8904486411898,129,79,61159990,,RRPL,,,,,,,,,,,,,,,,,,,,,,,,,FALSE,2026-07-25 10:55:16.477982+00,2026-07-27 09:10:42.596247+00
89731a1b-64d1-4194-8c3b-b90a47a22c38,Dec-25,Glass Ware,Home One,,Ho Annie New Kids Mug 380Ml,8904132984141,399,199,69111011,494590342,RCPL,36,,,,,,,,,,385,259,398,MM,,13.7,,,,,,,,,FALSE,2026-07-25 10:53:08.705622+00,2026-07-27 09:10:42.733223+00
89a4910e-3ecf-49f2-906c-72819bf075d5,Jan-25,Glass Ware,Home One,,Glass Water Dispenser With Tap,8904132958500,1199,599,,,RCPL,60,10,https://yuzppjtjcfjvrjeqlygp.supabase.co/storage/v1/object/public/product-images/artical-all-8904132958500.jpg,,,,,,,,56,38,36,CM,,,,,,,,,,,FALSE,2026-07-25 10:50:22.945962+00,2026-07-27 09:10:42.855581+00
89e37ffe-0760-4c42-aab9-8608e8b3eb44,Jul-25,Back Packs,Livesmart,KLM210421GR,Business Satche - Klm210421Gr Grey,8904486405644,6200,2480,42029900,,RRPL,10,,https://yuzppjtjcfjvrjeqlygp.supabase.co/storage/v1/object/public/product-images/artical-all-8904486405644.jpg,,,,,,,,45,32,40,CM,,,,,,,,,,,FALSE,2026-07-20 04:29:55.510132+00,2026-07-27 09:10:42.987364+00
89f5160d-25f8-4a68-a46f-fc02fbc900b4,Jul-26,Cleaning,My Home,,My Home Embro Drying Cloth Po3 30X30 Cm,8909606000884,199,99,,494608212,RCPL,48,12,https://yuzppjtjcfjvrjeqlygp.supabase.co/storage/v1/object/public/product-images/artical-all-8909606000884.jpg,,,,,,,,,,,,,,,,,,,,,,FALSE,2026-07-20 04:30:56.502678+00,2026-07-27 09:10:43.111287+00
8a3977aa-281b-4f79-8af4-287f2457f4f0,Oct-25,Trolley,Travello,LJXPPC050,"Trolley Bag Kt202-20"" Red",8904486406511,7000,,,,Gsons,1,,https://yuzppjtjcfjvrjeqlygp.supabase.co/storage/v1/object/public/product-images/artical-all-8904486406511.jpg,,,,,,,,49,30,75,CM,,,,,,,,,,,FALSE,2026-07-20 04:29:47.723524+00,2026-07-27 09:10:43.24476+00
8a4b8886-bf02-4569-9f96-02dd2ec4c982,2024,Back Packs,LES,ENL23513B,Les  Backpack Enl23513B - Grey With Brown Puller,8906176016796,999,499,,,RRPL,60,,https://yuzppjtjcfjvrjeqlygp.supabase.co/storage/v1/object/public/product-images/artical-all-8906176016796.jpg,,,,,,,,26,13,38,CM,,,,,,,,,,,FALSE,2026-07-21 11:41:00.925882+00,2026-07-27 09:10:43.370205+00
8aa8bfc3-08ce-47da-b3fb-e4843f51f134,2024,Umbrella,LES,,Umbrella - Chsu7508Fe,8906176010701,699,499,,,RRPL,18,,https://yuzppjtjcfjvrjeqlygp.supabase.co/storage/v1/object/public/product-images/artical-all-8906176010701.jpg,,,,,,,,10.5,24,8,CM,,,,,,,,,,,FALSE,2026-07-21 11:39:11.16746+00,2026-07-27 09:10:43.500691+00
8acd3ae2-97cc-4e7d-8027-c2e35795be0f,2024,Planters,Great Porcelo,,Ceramic Planter Jt261,8908021726744,799,,,,Gsons,,,https://yuzppjtjcfjvrjeqlygp.supabase.co/storage/v1/object/public/product-images/artical-all-8908021726744.jpg,,,,,,,,,,,,,,,,,,,,,,FALSE,2026-07-21 11:41:08.953552+00,2026-07-27 09:10:43.624995+00
8ae2497a-2b8c-4c1e-b774-3d7e80267beb,Dec-25,Umbrella,LES,Navy,"29"" -8K- Straight Umbrella -Navy",8904486408201,799,599,,,RRPL,12,,https://yuzppjtjcfjvrjeqlygp.supabase.co/storage/v1/object/public/product-images/artical-all-8904486408201.jpg,,,,,,,,105,15,14,CM,,7.6,KG,,,,,,,,FALSE,2026-07-20 04:26:38.540089+00,2026-07-27 09:10:43.756507+00
8af8c8e1-80ba-432a-a978-6d04b4b1e1de,Dec-25,Beauty Tool,Simply Smart,HA73242-5P8,Tic Tac Clips 5 Cm (8 Pcs),8904486408461,79,35,,,RRPL,240,24,https://yuzppjtjcfjvrjeqlygp.supabase.co/storage/v1/object/public/product-images/artical-all-8904486408461.jpg,,,,,,,,45.5,19,24,CM,4.35,3.75,KG,,,,,,,,FALSE,2026-07-20 04:26:48.421375+00,2026-07-27 09:10:43.880847+00
8b2d3dbb-83b4-4d22-ae61-1758742b45bc,Dec-25,Glass Ware,Home One,,Ho Shen Conical Gold Mug 350Ml,8904132985896,359,179,69111011,494590351,RCPL,36,12,https://yuzppjtjcfjvrjeqlygp.supabase.co/storage/v1/object/public/product-images/artical-all-8904132985896.jpg,,,,,,,,368,286,346,MM,,12.5,,348,266,112,MM,,4.1,,FALSE,2026-07-25 10:53:11.36191+00,2026-07-27 09:10:44.010943+00
8b763a92-3fac-423b-b0bd-01f6f62b7fc9,2024,Back Packs,White Label,CH24B465,Sling Bag Ch24B465 Black,8906176018097,599,299,,,Gsons,100,,https://yuzppjtjcfjvrjeqlygp.supabase.co/storage/v1/object/public/product-images/artical-all-8906176018097.jpg,,,,,,,,52,48,45,CM,,,,,,,,,,,FALSE,2026-07-21 11:41:40.945878+00,2026-07-27 09:10:44.13353+00
8ba1d73e-1d71-446f-8cd5-12d1c677978e,Jan-26,Cleaning,My Home,60614,Gap-Sweep Cleaning Brush,8904132953963,199,99,,,RCPL,96,24,https://yuzppjtjcfjvrjeqlygp.supabase.co/storage/v1/object/public/product-images/artical-all-8904132953963.jpg,,,,,,,,23.5,30.5,25,CM,,6.4,KG,,,,,,,,FALSE,2026-07-20 04:27:57.260148+00,2026-07-27 09:10:44.273524+00
8bd1a395-5b60-469a-9c65-addff76296de,Jan-26,Clothing,White Label,CH24H071,Cap - Ch24H071 - Khaki,8904486409222,399,199,65050090,,Gsons,100,10,https://yuzppjtjcfjvrjeqlygp.supabase.co/storage/v1/object/public/product-images/artical-all-8904486409222.jpg,,,,,,,,45,42,41,CM,7.4,8,KG,,,,,,,,FALSE,2026-07-20 04:27:41.886355+00,2026-07-27 09:10:44.395827+00
8bd8740e-54ce-4af4-a195-eccb62ee761f,Dec-25,Umbrella,LES,London,"3 Fold  23"" - Satin - City Scape Umbrella - London",8904486408416,999,699,,,RRPL,48,,https://yuzppjtjcfjvrjeqlygp.supabase.co/storage/v1/object/public/product-images/artical-all-8904486408416.jpg,,,,,,,,40,33,49.5,CM,,27,KG,,,,,,,,FALSE,2026-07-20 04:26:18.387147+00,2026-07-27 09:10:44.526282+00
8c265500-da8a-420f-83f5-52396147106c,Jan-25,Beauty Tool,Gerat Essentials,,Round Hair Brush,8904486402032,199,99,,,Gsons,,,https://yuzppjtjcfjvrjeqlygp.supabase.co/storage/v1/object/public/product-images/artical-all-8904486402032.jpg,,,,,,,,,,,,,,,,,,,,,,FALSE,2026-07-21 11:43:00.630897+00,2026-07-27 09:10:44.651002+00
8c5a7a60-a97b-40ee-8af0-bbb014d68f96,May-26,Kitchen Utility,Home One,XL056-18#,Ss Deep Jara With Pp Handle 18Cm,8904132992313,299,179,,,RCPL,120,8,https://yuzppjtjcfjvrjeqlygp.supabase.co/storage/v1/object/public/product-images/artical-all-8904132992313.jpg,,,,,,,,48,40,31.5,CM,15,16.84,KG,40,6,19,CM,1,1.26,KG,FALSE,2026-07-20 04:29:23.722184+00,2026-07-27 09:10:44.783843+00
8c5ff62e-626d-4317-850e-a45c8fc78a7e,2024,Cleaning,Gerat Cuisino,,Gerat Loofah Back Scruber Stk 45X30X22Cm,8906176018783,199,99,,,Gsons,24,0,https://yuzppjtjcfjvrjeqlygp.supabase.co/storage/v1/object/public/product-images/artical-all-8906176018783.jpg,,,,,,,,45,30,22,CM,,,,,,,,,,,FALSE,2026-07-21 11:40:38.871085+00,2026-07-27 09:10:44.922518+00
8c691074-084f-47f0-bde3-b1e96d5bbf89,May-26,Kitchen Utility,Home One,XL051-24#,Ss Shallow Mesh Strainer With Pp Handle 24Cm,8904132992344,299,179,,,RCPL,144,12,https://yuzppjtjcfjvrjeqlygp.supabase.co/storage/v1/object/public/product-images/artical-all-8904132992344.jpg,,,,,,,,78.5,47.5,56,CM,16.7,18.57,KG,46,25.5,13.5,CM,1.39,1.66,KG,FALSE,2026-07-20 04:29:24.799197+00,2026-07-27 09:10:45.05365+00
8c893a3a-c203-4764-bd72-f285e9f1e287,Jan-25,Glass Ware,Home One,,Square Serving Glass Bowl 250Ml And Wooden Tray,8904132961081,999,499,,,RCPL,,,https://yuzppjtjcfjvrjeqlygp.supabase.co/storage/v1/object/public/product-images/artical-all-8904132961081.jpg,,,,,,,,48,40,25,CM,,,,,,,,,,,FALSE,2026-07-25 10:50:24.479985+00,2026-07-27 09:10:45.189129+00
8cb4a4bc-e442-43ac-9200-8cc0bb3f8741,Jun-26,Clothing,Disney,,Kids Solid Tights -1Pp- Mickey-2-3Y,8904486412062,249,179,61159990,,RRPL,,,https://yuzppjtjcfjvrjeqlygp.supabase.co/storage/v1/object/public/product-images/artical-all-8904486412062.jpg,,,,,,,,,,,,,,,,,,,,,,FALSE,2026-07-25 10:55:19.921161+00,2026-07-27 09:10:45.330133+00
8cd3bf3c-2aa8-419c-965b-bce7b963aa8b,Jun-26,Beauty Tool,Blushlace,#ZE0116,14Pcs Nail Sticker-S03,8904486413113,249,59,39199010,,RRPL,960,12,https://yuzppjtjcfjvrjeqlygp.supabase.co/storage/v1/object/public/product-images/artical-all-8904486413113.jpg,,,,,,,,57.5,39.5,35,CM,15.2,13.73,KG,10,5,16.5,CM,0.2,0.17,KG,FALSE,2026-07-20 04:30:03.921327+00,2026-07-27 09:10:45.459777+00
8d110e21-d38d-4e51-bb7d-114caa96088a,2024,Home Utility,Gerat Elektro,,Bbq Grill With Marination Set -Ebq12,8908020474134,5500,,,,Gsons,,,,,,,,,,,,,,CM,,,,69.5,10,36.5,,,,,FALSE,2026-07-21 11:39:05.924601+00,2026-07-27 09:10:45.593294+00
8d4db38f-39a5-4b3f-bc3b-9981c8cefc37,Nov-25,Kitchen Utility,Home One,XCJ468,Home One Plastic Hook 5Bar Xcj468,8904486406757,199,99,39249090,,RCPL,120,24,https://yuzppjtjcfjvrjeqlygp.supabase.co/storage/v1/object/public/product-images/artical-all-8904486406757.jpg,,,,,,,,68.5,52,50,CM,6,10.2,KG,,,,,,,,FALSE,2026-07-21 11:44:34.066876+00,2026-07-27 09:10:45.719316+00
8d512f03-3464-4b03-9375-f4a194b143a1,Feb-26,Basket,White Label,,Woven Pl Fancy Round Basket Medium,8906176015003,199,99,,494485004,Gsons,24,,https://yuzppjtjcfjvrjeqlygp.supabase.co/storage/v1/object/public/product-images/artical-all-8906176015003.jpg,,,,,,,,25,25,52,,,,,,,,,,,,FALSE,2026-07-20 04:28:23.932599+00,2026-07-27 09:10:45.860118+00
8d81fa30-9c75-484a-8bdc-ea05d3ed778e,2024,Wallets,LES,,Les Ladies Wallet Y9048 Brown,8906176018554,999,499,,,RRPL,90,,https://yuzppjtjcfjvrjeqlygp.supabase.co/storage/v1/object/public/product-images/artical-all-8906176018554.jpg,,,,,,,,500,380,420,MM,17.85,18.85,KG,,,,,,,,FALSE,2026-07-21 11:41:59.182345+00,2026-07-27 09:10:45.994783+00
8e2789fe-d98d-40a3-a7d6-cacc0367b354,Jan-26,Clothing,White Label,CH24H048,Cap - Ch24H048,8904486409314,599,299,65050090,,Gsons,100,10,https://yuzppjtjcfjvrjeqlygp.supabase.co/storage/v1/object/public/product-images/artical-all-8904486409314.jpg,,,,,,,,47,42,43,CM,7.4,8,KG,,,,,,,,FALSE,2026-07-20 04:27:46.188836+00,2026-07-27 09:10:46.136889+00
8e47101d-bbe0-43f5-bdf4-42bc1a626baa,Jun-26,Clothing,Disney,,Infant  Cotton Ankle Socks- Minnie-12-18M,8904486412000,99,79,61159990,,RRPL,,,,,,,,,,,,,,,,,,,,,,,,,FALSE,2026-07-25 10:55:18.687826+00,2026-07-27 09:10:46.262727+00
8e598107-c060-4268-a3d6-1dfe88f64406,Dec-25,Tools,Gerat Elektro,,Screw Driver Set With Voltage Tester,8906176011418,299,179,,,Gsons,60,12,https://yuzppjtjcfjvrjeqlygp.supabase.co/storage/v1/object/public/product-images/artical-all-8906176011418.jpg,,,,,,,,,,,,,,,,,,,,,,FALSE,2026-07-21 11:39:51.734603+00,2026-07-27 09:10:46.394807+00
8ee46cbc-f55e-46b1-9861-9f1f4b0251a2,Mar-26,Home Utility,Home One,SM-1204,Plastic Hook 6Bar Sm1204,8904132910348,349,149,,,RCPL,96,12,https://yuzppjtjcfjvrjeqlygp.supabase.co/storage/v1/object/public/product-images/artical-all-8904132910348.jpg,,,,,,,,48,41,39,CM,,,,,,,,,,,FALSE,2026-07-20 04:28:44.948347+00,2026-07-27 09:10:46.53266+00
8eef5c61-53d9-4b69-af97-3885b7e181e7,Sep-25,Home Utility,White Label,WR5880,Side Table Set Of 2 - Wr5880,8904486406276,3999,1999,94031010,,Gsons,3,0,https://yuzppjtjcfjvrjeqlygp.supabase.co/storage/v1/object/public/product-images/artical-all-8904486406276.jpg,,,,,,,,43,18.5,40.5,CM,12.15,13.12,KG,,,,,,,,FALSE,2026-07-21 11:44:17.296923+00,2026-07-27 09:10:46.671358+00
8f010242-55e6-4bc8-87b5-034b74811db6,Oct-25,Trolley,Travello,,"Trolley Bag Kt202-28"" Red",8904486406535,10000,,,,Gsons,1,,https://yuzppjtjcfjvrjeqlygp.supabase.co/storage/v1/object/public/product-images/artical-all-8904486406535.jpg,,,,,,,,49,30,75,CM,,,,,,,,,,,FALSE,2026-07-20 04:29:48.2562+00,2026-07-27 09:10:46.805934+00
8f207c0b-4b7c-415c-8076-390f0b695356,Dec-25,Umbrella,Disney,Micket,"19"" -8K- Straight Kids Disney Umbrella-Micket",8904486408409,499,299,,,RRPL,48,,https://yuzppjtjcfjvrjeqlygp.supabase.co/storage/v1/object/public/product-images/artical-all-8904486408409.jpg,,,,,,,,69,20,39,CM,,11.2,KG,,,,,,,,FALSE,2026-07-20 04:26:39.394491+00,2026-07-27 09:10:46.943064+00
8f53d182-d75b-4597-b33d-b555a0743eb9,2024,Clothing,White Label,,Cap-Ch24H100,8906176019148,499,399,65050090,,Gsons,100,10,https://yuzppjtjcfjvrjeqlygp.supabase.co/storage/v1/object/public/product-images/artical-all-8906176019148.jpg,,,,,,,,63,43,20,CM,6,6.8,KG,,,,,,,,FALSE,2026-07-21 11:42:18.300003+00,2026-07-27 09:10:47.070265+00
8f53e60a-c944-4374-8214-1c602a860840,Jun-26,Back Packs,White Label,A3-06-009,Fashion Backpack  A3-06-009 Grey+Brown,8904486413472,3999,799,,494605703,Gsons,12,6,https://yuzppjtjcfjvrjeqlygp.supabase.co/storage/v1/object/public/product-images/artical-all-8904486413472.jpg,,,,,,,,,,,,,,,,,,,,,,FALSE,2026-07-20 04:30:31.897877+00,2026-07-27 09:10:47.203734+00
8f9f3b7d-7111-4e0b-be4d-7983a43350ff,Jan-25,Stationery,Quickworks,,Multiusage Cleaner,8904132952911,149,69,,,RCPL,,,https://yuzppjtjcfjvrjeqlygp.supabase.co/storage/v1/object/public/product-images/artical-all-8904132952911.jpg,,,,,,,,,,,,11.5,12,,13.5,10.3,15,CM,0.9,0.96,,FALSE,2026-07-25 10:50:12.66743+00,2026-07-27 09:10:47.329506+00
8fafe6f2-2f71-4f6e-b87a-bcb24674d954,Dec-25,Umbrella,LES,Paris,"3 Fold  23"" - Satin - City Scape Umbrella - Paris",8904486407730,999,699,,,RRPL,48,,https://yuzppjtjcfjvrjeqlygp.supabase.co/storage/v1/object/public/product-images/DEC-25-45.jpg,,,,,,,,40,33,49.5,CM,,27,KG,,,,,,,,FALSE,2026-07-20 04:26:18.662197+00,2026-07-27 09:10:47.468885+00
8fd82878-3291-4f05-8545-afd7465f03ba,Nov-25,Kitchen Utility,White Label,RMF25562,Citrus Jucier,8904486406788,199,99,39249090,,Gsons,50,10,https://yuzppjtjcfjvrjeqlygp.supabase.co/storage/v1/object/public/product-images/artical-all-8904486406788.jpg,,,,,,,,36.5,32.5,47,CM,,,,35,31,9,,,,,FALSE,2026-07-21 11:44:35.7992+00,2026-07-27 09:10:47.596773+00
8fe3e02f-f798-47f9-9fd2-22c97e73bdd9,Mar-26,Home Utility,Home One,SM-1605,Suction Soap Plate - Sm1605,8908021726430,299,199,,,RCPL,96,,https://yuzppjtjcfjvrjeqlygp.supabase.co/storage/v1/object/public/product-images/artical-all-8908021726430.jpg,,,,,,,,530,520,380,,,,,,,,,,,,FALSE,2026-07-20 04:28:50.344193+00,2026-07-27 09:10:47.726313+00
900fa8cb-725a-4fbf-ad3f-355e0f08ccaf,Jun-26,Cleaning,My Home,,My Home Window Spray Cleaner 1N,8909606000631,799,399,96039000,,RCPL,12,,https://yuzppjtjcfjvrjeqlygp.supabase.co/storage/v1/object/public/product-images/artical-all-8909606000631.jpg,,,,,,,,62.5,28.5,65.5,CM,8.5,7.5,,10.5,7.5,26.5,,,,,FALSE,2026-07-25 10:54:07.311165+00,2026-07-27 09:10:47.850331+00
904dda2f-4589-48d6-809a-0e4cde3628b8,Jun-26,Clothing,White Label,,Infant Design Tights (With Foot)- 1Pp-0-6M,8904486411621,249,179,61159990,,Gsons,,,https://yuzppjtjcfjvrjeqlygp.supabase.co/storage/v1/object/public/product-images/artical-all-8904486411621.jpg,,,,,,,,,,,,,,,,,,,,,,FALSE,2026-07-25 10:55:12.765659+00,2026-07-27 09:10:47.983073+00
9050784f-53a3-41ef-b1dc-7ab55ea5a0cf,2024,Back Packs,Livesmart,,Livesmart Expander Backpack 40L Blue,8906176015850,7500,,,,RRPL,10,1,https://yuzppjtjcfjvrjeqlygp.supabase.co/storage/v1/object/public/product-images/artical-all-8906176015850.jpg,,,,,,,,49,35,62,CM,,,,,,,,,,,FALSE,2026-07-21 11:40:07.348085+00,2026-07-27 09:10:48.111793+00
906b9f00-8ee8-41e9-8125-3d869a8c5b17,Dec-25,Back Packs,Livesmart,DP25-L011,Backpack Grey- Dp25-L011,8904486408553,4499,1999,,,RRPL,10,,https://yuzppjtjcfjvrjeqlygp.supabase.co/storage/v1/object/public/product-images/artical-all-8904486408553.jpg,,,,,,,,,,,,,,,,,,,,,,FALSE,2026-07-20 04:26:56.620421+00,2026-07-27 09:10:48.248535+00
90817b3b-ded9-4d52-8d05-38d5a4974b9e,Dec-25,Basket,White Label,,"Multi-Purpose Plastic Basket With Double
  Handle- Navy",8904486407488,899,449,,,Gsons,8,,https://yuzppjtjcfjvrjeqlygp.supabase.co/storage/v1/object/public/product-images/artical-all-8904486407488.jpg,,,,,,,,43.5,27.5,58.3,CM,,7.72,KG,,,,,,,,FALSE,2026-07-20 04:26:07.292166+00,2026-07-27 09:10:48.377146+00
9166b7ce-0ea6-4d69-9f86-eee38c10f257,Jan-25,Back Packs,Gerat Essentials,FA5013,Fashions Backpack Fa-5013 Black,8904486401554,1999,799,,,Gsons,,,,,,,,,,,,,,,,,,,,,,,,,FALSE,2026-07-21 11:42:38.520199+00,2026-07-27 09:10:48.515173+00
91e46902-706f-498d-ac35-9d012c16397a,Dec-25,Umbrella,LES,navy,"3 Fold -23 "" Digital Printed Umbrella -Navy",8904486407693,899,599,,,RRPL,48,,https://yuzppjtjcfjvrjeqlygp.supabase.co/storage/v1/object/public/product-images/artical-all-8904486407693.jpg,,,,,,,,34,34,46,CM,,26,KG,,,,,,,,FALSE,2026-07-20 04:26:17.099775+00,2026-07-27 09:10:48.642313+00
9231066f-87db-4fb9-b667-c91e673bad71,2024,Back Packs,LES,,Foldable Backpack Purple,8906176016949,999,449,,,RRPL,100,1,https://yuzppjtjcfjvrjeqlygp.supabase.co/storage/v1/object/public/product-images/artical-all-8906176016949.jpg,,,,,,,,67,45,41,CM,,,,,,,,,,,FALSE,2026-07-21 11:40:21.9593+00,2026-07-27 09:10:48.772816+00
92411d89-f64c-440a-946b-1d35f29dcb8d,2024,Kitchen Utility,Gerat Cuisino,,Trinet,8908021726171,2790,,,,Gsons,,,https://yuzppjtjcfjvrjeqlygp.supabase.co/storage/v1/object/public/product-images/artical-all-8908021726171.jpg,,,,,,,,,,,CM,,,,,,,,,,,FALSE,2026-07-21 11:38:38.875105+00,2026-07-27 09:10:48.900115+00
9288548d-ff99-49bb-b1d5-effd76e957e9,2024,Wallets,LES,,Les Ladies Wallet Y8481 Yellow,8906176018417,999,499,,,RRPL,90,,https://yuzppjtjcfjvrjeqlygp.supabase.co/storage/v1/object/public/product-images/artical-all-8906176018417.jpg,,,,,,,,500,380,420,MM,17.2,18.2,KG,,,,,,,,FALSE,2026-07-21 11:41:51.415389+00,2026-07-27 09:10:49.035798+00
928d1c89-fb08-4672-bcae-4544b43b1d6c,May-26,Basket,White Label,RHA26042501,Plastic Basket With Wooden Bar -Small - Rha26042501,8904486411799,298,149,39241090,,Gsons,10,,https://yuzppjtjcfjvrjeqlygp.supabase.co/storage/v1/object/public/product-images/artical-all-8904486411799.jpg,,,,,,,,28,19.5,27,CM,,,,,,,CM,,,,FALSE,2026-07-20 04:29:30.812284+00,2026-07-27 09:10:49.162849+00
929700cc-30ec-4411-a832-157324a35822,Jun-26,Clothing,White Label,,Kids Solid Tights (Cable Knit) -1Pp-5-6Y,8904486411485,249,179,61159990,,Gsons,,,,,,,,,,,,,,,,,,,,,,,,,FALSE,2026-07-25 10:55:10.075632+00,2026-07-27 09:10:49.301665+00
9297a805-635b-4342-9eee-d8ba4cd7d3d3,Jun-26,Back Packs,White Label,AJ-6-004,Fashion Backpack Aj-6-004 Red+Blue,8904486413458,3999,799,,494605699,Gsons,12,6,https://yuzppjtjcfjvrjeqlygp.supabase.co/storage/v1/object/public/product-images/artical-all-8904486413458.jpg,,,,,,,,,,,,,,,,,,,,,,FALSE,2026-07-20 04:30:30.875893+00,2026-07-27 09:10:49.424562+00
92f80db0-17a5-4191-b199-a8282e8146f7,Dec-25,Umbrella,LES,Navy,"25"" -24K- Straight Umbrella -Cs014
25“*24K-Navy",8904486408089,999,699,,,RRPL,36,,https://yuzppjtjcfjvrjeqlygp.supabase.co/storage/v1/object/public/product-images/artical-all-8904486408089.jpg,,,,,,,,105,27,38,CM,,28.9,KG,,,,,,,,FALSE,2026-07-20 04:26:34.230779+00,2026-07-27 09:10:49.561925+00
93536443-03f8-4d3f-8e6b-0da5262ea7a5,Jan-25,Back Packs,Gerat Essentials,YSS02,Fancy Carry  Pouch Big,8904486404968,499,249,,,Gsons,192,24,https://yuzppjtjcfjvrjeqlygp.supabase.co/storage/v1/object/public/product-images/artical-all-8904486404968.jpg,,,,,,,,37.5,31,20.5,CM,,,,,,,,,,,FALSE,2026-07-20 04:27:14.91615+00,2026-07-27 09:10:49.68517+00
935a9e5c-d087-4764-a006-1a291056dd1c,2024,Umbrella,LES,,Umbrella - Gm3154,8906176010787,499,349,,,RRPL,60,12,https://yuzppjtjcfjvrjeqlygp.supabase.co/storage/v1/object/public/product-images/artical-all-8906176010787.jpg,,,,,,,,32,22,44,CM,,,,,,,,,,,FALSE,2026-07-21 11:39:16.610837+00,2026-07-27 09:10:49.819908+00
935e1950-0fa5-4e36-a0da-3dcf9547f608,2024,Wallets,LES,,Les Ladies Wallet Y9048 Dark Blue,8906176018561,999,499,,,RRPL,90,,https://yuzppjtjcfjvrjeqlygp.supabase.co/storage/v1/object/public/product-images/artical-all-8906176018561.jpg,,,,,,,,500,380,420,MM,17.85,18.85,KG,,,,,,,,FALSE,2026-07-21 11:41:59.738184+00,2026-07-27 09:10:49.951074+00
9427218c-3900-4e3c-bdba-12c812bd2b43,Nov-25,Back Packs,White Label,S1-9-114,Fashion Backpack Si9114 - Green,8904486407174,1599,799,42029900,,Gsons,10,,https://yuzppjtjcfjvrjeqlygp.supabase.co/storage/v1/object/public/product-images/artical-all-8904486407174.jpg,,,,,,,,48,35,36,CM,,5.3,KG,,,,,,,,FALSE,2026-07-21 11:44:50.554058+00,2026-07-27 09:10:50.087904+00
9471d694-2b94-42c7-bc9c-6d534a454811,Jan-25,Back Packs,Gerat Essentials,AJ-6-97,Fashions Backpack Aj-6-97 Black,8904486401592,1999,799,,,Gsons,,,,,,,,,,,,,,,,,,,,,,,,,FALSE,2026-07-21 11:42:40.158084+00,2026-07-27 09:10:50.240174+00
94ab04a1-7233-409c-9506-920a376fb4e5,2024,Stationery,Quickworks,,Xd04010 10Ml-4Pcs Glitter Glue,8906176011098,149,79,,,RCPL,144,12,https://yuzppjtjcfjvrjeqlygp.supabase.co/storage/v1/object/public/product-images/artical-all-8906176011098.jpg,,,,,,,,,,,CM,,,,,,,,,,,FALSE,2026-07-21 11:39:43.222598+00,2026-07-27 09:10:50.374811+00
94b1c474-e27a-45ca-bf40-9ec42e061ed7,Jan-25,Glass Ware,Home One,,Ho Elsa Boro Glass Jar Wooden Lid 600Ml,8904132955134,499,249,,,RCPL,12,,https://yuzppjtjcfjvrjeqlygp.supabase.co/storage/v1/object/public/product-images/artical-all-8904132955134.jpg,,,,,,,,38,30,39.5,CM,,11.43,KG,33.3,24.9,17,CM,,3.65,KG,FALSE,2026-07-20 04:26:50.337688+00,2026-07-27 09:10:50.49944+00
94b3af2b-7e53-4a93-a020-d2d93d95f3c8,Jun-26,Clothing,Marvel,,Infant  Cotton Ankle Socks- Captain America -0-6M,8904486412024,99,79,61159990,,RRPL,,,,,,,,,,,,,,,,,,,,,,,,,FALSE,2026-07-25 10:55:18.958386+00,2026-07-27 09:10:50.637717+00
94b58b61-2607-43d7-b48e-6f926b86677e,Dec-25,Back Packs,Livesmart,DP23-L024,Backpack Grey - Dp23-L024,8904486408669,3999,1699,,,RRPL,10,,https://yuzppjtjcfjvrjeqlygp.supabase.co/storage/v1/object/public/product-images/artical-all-8904486408669.jpg,,,,,,,,,,,,,,,,,,,,,,FALSE,2026-07-20 04:27:02.19433+00,2026-07-27 09:10:50.766804+00
9525bdfb-1dda-4027-9254-ada5e2bb76f3,2024,Planters,Great Porcelo,,Ceramic Planter Ds2023,8908021726676,299,,,,Gsons,,,https://yuzppjtjcfjvrjeqlygp.supabase.co/storage/v1/object/public/product-images/artical-all-8908021726676.jpg,,,,,,,,,,,,,,,,,,,,,,FALSE,2026-07-21 11:41:06.419284+00,2026-07-27 09:10:50.898297+00
9544c13d-4d7e-4262-86dd-e8b68b5dc6ac,Nov-25,Back Packs,White Label,YA7711,Fashion Backpack Ya7711 - Blue,8904486407044,1799,899,42029900,,Gsons,10,,https://yuzppjtjcfjvrjeqlygp.supabase.co/storage/v1/object/public/product-images/artical-all-8904486407044.jpg,,,,,,,,45,38,42,CM,,6.3,KG,,,,,,,,FALSE,2026-07-21 11:44:46.04476+00,2026-07-27 09:10:51.034763+00
95720b6f-ded1-48b4-bbb5-4fdba2acd63d,Jan-25,Beauty Tool,Gerat Essentials,GESN04,Glass Nail File Gesn04,8904486403688,199,99,,494608236,Gsons,,,https://yuzppjtjcfjvrjeqlygp.supabase.co/storage/v1/object/public/product-images/artical-all-8904486403688.jpg,,,,,,,,,,,,,,,,,,,,,,FALSE,2026-07-21 11:42:53.733697+00,2026-07-27 09:10:51.179381+00
9604d267-2e0e-4c0d-96ee-00f28d62b5ae,2024,Stationery,Quickworks,,Paper Punch Black,8906176018295,149,99,,,RCPL,72,12,https://yuzppjtjcfjvrjeqlygp.supabase.co/storage/v1/object/public/product-images/artical-all-8906176018295.jpg,,,,,,,,31,24,34,CM,9,11,KG,31,8,17,CM,1.833333333,,,FALSE,2026-07-21 11:42:11.673127+00,2026-07-27 09:10:51.317274+00
9606a4be-9ccc-471b-a7b2-6a3975395549,Sep-25,Home Utility,White Label,WR1008E CE,Aluminium Cloth Dryer - Wr1008E,8904486405859,9999,4999,84211200,,Gsons,5,0,https://yuzppjtjcfjvrjeqlygp.supabase.co/storage/v1/object/public/product-images/artical-all-8904486405859.jpg,,,,,,,,115.5,32,57,CM,14,20.5,KG,,,,,,,,FALSE,2026-07-21 11:43:54.077073+00,2026-07-27 09:10:51.449996+00
96a44710-02b8-486b-8f04-426f1e9f16f7,Jan-26,Glass Ware,White Label,410ml,Debbie Cat Yellow W/H Mug 410Ml,8904486409116,999,399,69111011,,Gsons,24,,https://yuzppjtjcfjvrjeqlygp.supabase.co/storage/v1/object/public/product-images/artical-all-8904486409116.jpg,,,,,,,,42.4,22.8,46.7,CM,,,,,,,,,,,FALSE,2026-07-20 04:27:20.621209+00,2026-07-27 09:10:51.577106+00
96b72701-c8d6-49f7-adf2-441e15f87be3,2024,Planters,Great Porcelo,,Ceramic Planter Xy089  Set Of 3 Pcs,8908021726812,1599,,,,Gsons,,,https://yuzppjtjcfjvrjeqlygp.supabase.co/storage/v1/object/public/product-images/artical-all-8908021726812.jpg,,,,,,,,,,,,,,,,,,,,,,FALSE,2026-07-21 11:41:11.87768+00,2026-07-27 09:10:51.725431+00
96c77166-a869-42e5-8666-c196cec0ce02,Dec-25,Back Packs,Livesmart,,Backpack Grey(Body) - Dp24-Ch048,8904486408614,,,,,RRPL,10,,https://yuzppjtjcfjvrjeqlygp.supabase.co/storage/v1/object/public/product-images/artical-all-8904486408614.jpg,,,,,,,,,,,,,,,,,,,,,,FALSE,2026-07-20 04:26:59.109097+00,2026-07-27 09:10:51.84826+00
96cc8d6b-83b8-4e3d-a42e-8d13a4c50078,Dec-25,Umbrella,LES,purple,"3 Fold -23 "" Digital Printed Umbrella - Purple",8904486407679,899,599,,,RRPL,48,,https://yuzppjtjcfjvrjeqlygp.supabase.co/storage/v1/object/public/product-images/artical-all-8904486407679.jpg,,,,,,,,34,34,46,CM,,26,KG,,,,,,,,FALSE,2026-07-20 04:26:16.560905+00,2026-07-27 09:10:51.982218+00
96cf41ca-f049-40bd-8e79-1936d0f8ded6,Jun-26,Beauty Tool,Blushlace,TBA,14Pcs Nail Sticker-M01,8904486413083,249,99,39199010,,RRPL,960,12,https://yuzppjtjcfjvrjeqlygp.supabase.co/storage/v1/object/public/product-images/artical-all-8904486413083.jpg,,,,,,,,57.5,39.5,35,CM,15.2,13.73,KG,10,5,16.5,CM,0.2,0.17,KG,FALSE,2026-07-20 04:30:02.324136+00,2026-07-27 09:10:52.11309+00
96d3c79c-9baf-438b-a96b-2976f825c05c,Jun-26,Clothing,White Label,,Infant Featheryarn Hat & Sock- 1Pp-0-6M,8904486411706,249,179,61159990,,Gsons,,,https://yuzppjtjcfjvrjeqlygp.supabase.co/storage/v1/object/public/product-images/artical-all-8904486411706.jpg,,,,,,,,,,,,,,,,,,,,,,FALSE,2026-07-25 10:55:14.917328+00,2026-07-27 09:10:52.248896+00
974d7563-35a2-4fdc-97d9-ce443c5fda4c,Jul-26,Back Packs,LES,violet,Shopping Bag - Violet,8904486413984,995,299,42022290,,RRPL,48,12,https://yuzppjtjcfjvrjeqlygp.supabase.co/storage/v1/object/public/product-images/artical-all-8904486413984.jpg,,,,,,,,48,60,40,CM,,,,,,,,,,,FALSE,2026-07-20 04:31:13.72474+00,2026-07-27 09:10:52.37692+00
97af1577-f001-4ec7-b172-ccd0622d85a4,Feb-26,Basket,White Label,,Woven Pl Oval Basket Cane Brown,8906176015041,159,79,,494485007,Gsons,12,,https://yuzppjtjcfjvrjeqlygp.supabase.co/storage/v1/object/public/product-images/artical-all-8906176015041.jpg,,,,,,,,24,24,25,,,,,,,,,,,,FALSE,2026-07-20 04:28:27.001094+00,2026-07-27 09:10:52.505521+00
97c50585-095a-46ea-9b54-35471bb235a2,May-26,Glass Ware,Home One,PTK-886,"2 Model Glass Bear  Jar With Hat And Straw , Hat:3Colors 550Ml",8904132993228,799,149,,,RCPL,24,,https://yuzppjtjcfjvrjeqlygp.supabase.co/storage/v1/object/public/product-images/artical-all-8904132993228.jpg,,,,,,,,,,,CM,,,,,,,CM,,,,FALSE,2026-07-20 04:29:28.81935+00,2026-07-27 09:10:52.635334+00
97cec743-cbe4-433e-b6f6-3a888ae8e365,Jun-26,Clothing,White Label,,Infant Cotton Tights With Diaper -1Pp-18-24M,8904486411614,249,179,61159990,,Gsons,,,,,,,,,,,,,,,,,,,,,,,,,FALSE,2026-07-25 10:55:12.384951+00,2026-07-27 09:10:52.771043+00
98b3207c-fda4-4880-a537-1aa78677846d,2024,Stationery,Gerat Cuisino,,Paper Doyleys Round  7.5” Gold Colour,8906176016918,199,99,,,Gsons,400,25,https://yuzppjtjcfjvrjeqlygp.supabase.co/storage/v1/object/public/product-images/artical-all-8906176016918.jpg,,,,,,,,39.5,39.5,25,CM,,,,15.5,,,,,,,FALSE,2026-07-21 11:40:19.691111+00,2026-07-27 09:10:52.89582+00
99976c04-e49f-4dd1-9729-eed393e5b968,Jun-26,Clothing,Marvel,,Infant  Cotton Ankle Socks- Captain America-18-24M,8904486412055,99,79,61159990,,RRPL,,,,,,,,,,,,,,,,,,,,,,,,,FALSE,2026-07-25 10:55:19.559711+00,2026-07-27 09:10:53.032259+00
99fae0f8-d6ca-412b-bc5d-8fb2d44f7378,Jan-25,Beauty Tool,Gerat Essentials,GESB01,Lash & Brow Brush Gesb01,8904486403756,99,49,,,Gsons,,,https://yuzppjtjcfjvrjeqlygp.supabase.co/storage/v1/object/public/product-images/artical-all-8904486403756.jpg,,,,,,,,,,,,,,,,,,,,,,FALSE,2026-07-21 11:42:57.402797+00,2026-07-27 09:10:53.160587+00
9a18fe2d-9611-4f80-a274-e7501a025ef5,Jan-25,Kitchen Utility,Gerat Essentials,XL2126-12#,12 Cm Deep Fry Mesh Strainer,8904486401882,169,79,,,Gsons,144,12,https://yuzppjtjcfjvrjeqlygp.supabase.co/storage/v1/object/public/product-images/2024-2025-542.jpg,,,,,,,,44,44,50,CM,,,,33.5,14,13,CM,,,,FALSE,2026-07-21 11:43:04.445812+00,2026-07-27 09:10:53.29164+00
9a36935c-478f-4a1a-9719-b88ede34e1bb,Feb-26,Stationery,Ulhaas,,Ulhaas Pvc Outdoor Mat S 38X58Cm,8904132989603,199,99,,494759381,RCPL,30,,https://yuzppjtjcfjvrjeqlygp.supabase.co/storage/v1/object/public/product-images/FEB-26-22.jpg,,,,,,,,,,,,,,,,,,,,,,FALSE,2026-07-20 04:28:14.507835+00,2026-07-27 09:10:53.419755+00
9b19bb9e-db88-440c-8c93-6fc75e97bbca,Jun-26,Kitchen Utility,Simply Smart,QB2026060103,Sink Strainer 11.5Cm,8904486413632,99,49,73242900,,RRPL,360,,https://yuzppjtjcfjvrjeqlygp.supabase.co/storage/v1/object/public/product-images/artical-all-8904486413632.jpg,,,,,,,,46,41,28,CM,15,14.4,KG,,,,,,,,FALSE,2026-07-20 04:30:09.901216+00,2026-07-27 09:10:53.550758+00
9b3a89a0-9eaa-4137-b38a-607cc5d5b73d,2024,Umbrella,LES,,Umbrella - Cs004,8906176010831,549,399,,,RRPL,18,,https://yuzppjtjcfjvrjeqlygp.supabase.co/storage/v1/object/public/product-images/artical-all-8906176010831.jpg,,,,,,,,35,32,14,CM,,,,,,,,,,,FALSE,2026-07-21 11:39:19.633346+00,2026-07-27 09:10:53.678092+00
9b68c65a-fff9-48ee-ab87-f4e8814a79e0,2024,Stationery,Quickworks,,Stapler Combo Pack Blue,8906176018271,260,199,,,RCPL,96,12,https://yuzppjtjcfjvrjeqlygp.supabase.co/storage/v1/object/public/product-images/artical-all-8906176018271.jpg,,,,,,,,48,27.5,36,CM,11.5,13,KG,48,6.87,18,CM,1.625,,,FALSE,2026-07-21 11:42:15.574661+00,2026-07-27 09:10:53.811964+00
9b76a00e-88d3-400b-8270-488d0336dee1,Nov-25,Locks,Gerat Elektro,BW50,Iron Lock Bw50,8904486407235,399,199,83011000,,Gsons,72,12,https://yuzppjtjcfjvrjeqlygp.supabase.co/storage/v1/object/public/product-images/artical-all-8904486407235.jpg,,,,,,,,,,,,20,21,KG,24,11.5,13.5,CM,,,,FALSE,2026-07-21 11:44:37.877691+00,2026-07-27 09:10:53.938777+00
9bcf64b9-3e8b-4259-8773-d8fcf9dff283,Dec-25,Back Packs,Livesmart,DP-CH002,Backpack  Khaki -Dp-Ch002,8904486408676,4999,1999,,,RRPL,10,,https://yuzppjtjcfjvrjeqlygp.supabase.co/storage/v1/object/public/product-images/artical-all-8904486408676.jpg,,,,,,,,,,,,,,,,,,,,,,FALSE,2026-07-20 04:27:02.830006+00,2026-07-27 09:10:54.068649+00
9be04481-fb1a-455a-9647-ecfefcef9ce5,Jun-26,Back Packs,LES,JTJ001,Les Multipurpose Travel Pouch Bag So3 - Ytj001 Pink,8904486413274,1299,499,42029900,,RRPL,48,,https://yuzppjtjcfjvrjeqlygp.supabase.co/storage/v1/object/public/product-images/artical-all-8904486413274.jpg,,,,,,,,60,45,30,CM,12,13.5,KG,,,,,,,,FALSE,2026-07-20 04:30:20.996596+00,2026-07-27 09:10:54.194236+00
9c18fa57-e588-4c47-b32d-10cbcef1e523,Jun-26,Beauty Tool,Blushlace,#ZE0954,14Pcs Nail Sticker-S02,8904486413106,249,59,39199010,,RRPL,960,12,https://yuzppjtjcfjvrjeqlygp.supabase.co/storage/v1/object/public/product-images/artical-all-8904486413106.jpg,,,,,,,,57.5,39.5,35,CM,15.2,13.73,KG,10,5,16.5,CM,0.2,0.17,KG,FALSE,2026-07-20 04:30:03.447371+00,2026-07-27 09:10:54.330825+00
9c489bb4-3567-4b04-99cf-24828d2a74af,Jan-26,Clothing,White Label,CH24H071,Cap - Ch24H071 - Light Gray,8904486409239,399,199,65050090,,Gsons,100,10,https://yuzppjtjcfjvrjeqlygp.supabase.co/storage/v1/object/public/product-images/artical-all-8904486409239.jpg,,,,,,,,45,42,41,CM,7.4,8,KG,,,,,,,,FALSE,2026-07-20 04:27:42.433824+00,2026-07-27 09:10:54.45589+00
9c5ea20d-a5d1-431a-9a39-c974b67270bc,Jan-25,Back Packs,Gerat Essentials,FS1346,Fashion Backpack 18L - Fs1346 Pink,8904486401714,1999,799,,,Gsons,,,https://yuzppjtjcfjvrjeqlygp.supabase.co/storage/v1/object/public/product-images/artical-all-8904486401714.jpg,,,,,,,,,,,,,,,,,,,,,,FALSE,2026-07-21 11:42:44.820709+00,2026-07-27 09:10:54.588639+00
9cb6500f-b417-4f58-bbf2-3c0d46df363c,Sep-25,Home Utility,White Label,B8202A,Plastic Kitchen Sink Soap Dispenser - B8202A,8904486405972,999,499,39249090,,Gsons,24,0,https://yuzppjtjcfjvrjeqlygp.supabase.co/storage/v1/object/public/product-images/artical-all-8904486405972.jpg,,,,,,,,48.1,33.1,45,CM,6.3,7.3,KG,,,,,,,,FALSE,2026-07-21 11:44:00.547432+00,2026-07-27 09:10:54.718806+00
9cc29ba5-9f70-45c3-a68a-52f0ac205acb,2024,Planters,Great Porcelo,,Ceramic Planter G01585,8908021726690,799,,,,Gsons,,,https://yuzppjtjcfjvrjeqlygp.supabase.co/storage/v1/object/public/product-images/artical-all-8908021726690.jpg,,,,,,,,,,,,,,,,,,,,,,FALSE,2026-07-21 11:41:07.357032+00,2026-07-27 09:10:54.848677+00
9cf239d2-90cb-4bd9-b784-fca8de381b9e,Jan-26,Cleaning,My Home,60588,Multifunction Cleaning Brush,8904132953987,399,249,,,RCPL,24,,https://yuzppjtjcfjvrjeqlygp.supabase.co/storage/v1/object/public/product-images/artical-all-8904132953987.jpg,,,,,,,,61,34,36,CM,,8.2,KG,,,,,,,,FALSE,2026-07-20 04:27:58.465041+00,2026-07-27 09:10:54.97556+00
9d413084-99e2-4cc0-8992-4e65a3511c60,2024,Home Utility,Gerat Cuisino,,Storage Drum - 60L,8908021726959,9500,5,,,Gsons,2,1,,,,,,,,,114.2,38,73.5,CM,,,,37,37,71,,,,,FALSE,2026-07-21 11:39:23.43782+00,2026-07-27 09:10:55.110044+00
9d63a8b9-6646-424b-92bb-9a8a95544aa0,Sep-25,Home Utility,White Label,W7991S-2PBH,"Single Hook, 2Pcs/Set - W7991S",8904486406023,359,179,39249090,,Gsons,48,12,https://yuzppjtjcfjvrjeqlygp.supabase.co/storage/v1/object/public/product-images/artical-all-8904486406023.jpg,,,,,,,,45,23,42,CM,2.68,3.14,KG,,,,,,,,FALSE,2026-07-21 11:44:03.324375+00,2026-07-27 09:10:55.241765+00
9d916124-04ea-4520-b253-12bae7e38361,Nov-25,Beauty Tool,Simply Smart,HS031,Tweezers Hs031,8904486407303,99,39,82032000,,RRPL,576,48,https://yuzppjtjcfjvrjeqlygp.supabase.co/storage/v1/object/public/product-images/artical-all-8904486407303.jpg,,,,,,,,33,31.5,31.5,CM,4.32,10.1,KG,15,15,10.5,CM,0.36,0.64,KG,FALSE,2026-07-21 11:44:55.943538+00,2026-07-27 09:10:55.374496+00
9d94fde2-a1b2-4222-8d60-5bd754f3448f,2024,Back Packs,Livesmart,,Wb001L Livesmart Dufflebag 133L,8908021726911,3500,1499,,,RRPL,6,,https://yuzppjtjcfjvrjeqlygp.supabase.co/storage/v1/object/public/product-images/artical-all-8908021726911.jpg,,,,,,,,,,,CM,,,,,,,,,,,FALSE,2026-07-21 11:38:58.172537+00,2026-07-27 09:10:55.497783+00
9d95e063-5c1b-431a-9f49-e983eeead276,May-26,Home Utility,Home One,LT202,Ho Folding Wash Basin 2.7L Round Lt202,8904132993440,299,129,,,RCPL,25,,https://yuzppjtjcfjvrjeqlygp.supabase.co/storage/v1/object/public/product-images/artical-all-8904132993440.jpg,,,,,,,,32,32,29,CM,4.1,4.6,KG,,,,CM,,,,FALSE,2026-07-20 04:29:40.074846+00,2026-07-27 09:10:55.63383+00
9dc7a491-d88d-4c40-a535-9315cd5cd6b4,Sep-25,Home Utility,White Label,WR5154A,Steel Folding Chair And Table Set Of 3 - Wr5154A Steel Folding Chair (58X46X48Cm) 2N Steel Folding Table (60X60X70Cm) 1N,8904486406078,11999,5999,94032010,,Gsons,1,0,https://yuzppjtjcfjvrjeqlygp.supabase.co/storage/v1/object/public/product-images/artical-all-8904486406078.jpg,,,,,,,,102,21,62,CM,10,11,KG,,,,,,,,FALSE,2026-07-21 11:44:05.950038+00,2026-07-27 09:10:55.761492+00
9e395497-a9b2-45aa-81ee-541249aeb39b,Jun-26,Clothing,White Label,,Infant Design Tights (With Foot)-Aop-1Pp-6-12M,8904486411676,249,179,61159990,,Gsons,,,https://yuzppjtjcfjvrjeqlygp.supabase.co/storage/v1/object/public/product-images/artical-all-8904486411676.jpg,,,,,,,,,,,,,,,,,,,,,,FALSE,2026-07-25 10:55:14.200105+00,2026-07-27 09:10:55.896265+00
9e4900b6-07aa-4685-8f61-08a5116321ac,Jan-25,Stationery,Quickworks,,Qw Eva Sling Bag,8904486400922,499,249,,494483963,RCPL,72,12,,,,,,,,,,,,,,,,,,,,,,,FALSE,2026-07-21 11:43:31.46356+00,2026-07-27 09:10:56.024295+00
9e8a50b7-0585-469e-a2c9-e948e6104a9c,May-26,Basket,White Label,,,8904486411812,298,149,39241090,,Gsons,10,,https://yuzppjtjcfjvrjeqlygp.supabase.co/storage/v1/object/public/product-images/artical-all-8904486411812.jpg,,,,,,,,28,19.5,27,CM,,,,,,,CM,,,,FALSE,2026-07-20 04:29:31.86398+00,2026-07-27 09:10:56.160937+00
9f9b8894-ba79-4cc5-a1e5-f23bf4e6b0da,Jul-26,Back Packs,Blushlace,,Pvc Bag,8904486413885,49,1,42022990,,RRPL,,,https://yuzppjtjcfjvrjeqlygp.supabase.co/storage/v1/object/public/product-images/artical-all-8904486413885.jpg,,,,,,,,,,,,,,,,,,,,,,FALSE,2026-07-20 04:30:53.294344+00,2026-07-27 09:10:56.291294+00
9fab3447-88ee-46b8-9af9-7e6619c96e6a,Jun-26,Cleaning,Home One,60340,Duplicate,8904486412147,799,399,96039000,,RCPL,12,,https://yuzppjtjcfjvrjeqlygp.supabase.co/storage/v1/object/public/product-images/JUN-26-3.jpg,,,,,,,,62.5,28.5,65.5,CM,8.5,7.5,KG,,,,,,,,FALSE,2026-07-20 04:30:01.323117+00,2026-07-27 09:10:56.425904+00
9facb35e-b059-40e2-b6cc-26f64d846f8b,Jul-25,Kitchen Utility,My Home,,Floor Duster Set Of 1,8904132969827,199,79,,494589897,RCPL,48,,https://yuzppjtjcfjvrjeqlygp.supabase.co/storage/v1/object/public/product-images/artical-all-8904132969827.jpg,,,,,,,,46,29,38,CM,,,,,,,,,,,FALSE,2026-07-20 04:29:06.482534+00,2026-07-27 09:10:56.547442+00
9fd1b66c-cf72-4471-966c-ca81684231eb,Jan-25,Kitchen Utility,Gerat Essentials,FK1380,5 Pcs Kitchen Tool Set,8904486401950,599,249,,,Gsons,,,https://yuzppjtjcfjvrjeqlygp.supabase.co/storage/v1/object/public/product-images/artical-all-8904486401950.jpg,,,,,,,,57,48,44,CM,,,,34.5,24.5,22.5,CM,,,,FALSE,2026-07-20 04:25:57.431158+00,2026-07-27 09:10:56.678216+00
9fd4a84d-a569-4053-91f0-6a9750e84d3e,Jan-25,Stationery,Gerat Cuisino,,Vacuum Storage Bags 50X70Cm,8904486401868,599,299,,494605704,Gsons,,,https://yuzppjtjcfjvrjeqlygp.supabase.co/storage/v1/object/public/product-images/artical-all-8904486401868.jpg,,,,,,,,51,38,43.5,CM,,17.86,,,,,,,,,FALSE,2026-07-21 11:42:50.759295+00,2026-07-27 09:10:56.804884+00
9fe33b98-397e-4054-82c0-ed9cc376e539,Dec-25,Umbrella,LES,Olive,"25"" -24K- Straight Umbrella -Cs014
25“*24K-Olive",8904486408096,999,699,,,RRPL,36,,https://yuzppjtjcfjvrjeqlygp.supabase.co/storage/v1/object/public/product-images/artical-all-8904486408096.jpg,,,,,,,,105,27,38,CM,,28.9,KG,,,,,,,,FALSE,2026-07-20 04:26:34.499499+00,2026-07-27 09:10:56.931079+00
a02c6e00-7fa6-4f77-9a58-af1faa7286b8,Feb-26,Clock,Gerat Elektro,ET 745,Digital Clock - Ge 745-Black,8904486409482,999,499,91059990,,Gsons,12,6,https://yuzppjtjcfjvrjeqlygp.supabase.co/storage/v1/object/public/product-images/artical-all-8904486409482.jpg,,,,,,,,,,,CM,,,,,,,,,,,FALSE,2026-07-20 04:28:05.236135+00,2026-07-27 09:10:57.059189+00
a0561113-161e-452e-b831-9b332535d148,2024,Back Packs,White Label,CH24B466,Sling Bag Ch24B466 Blue,8906176018103,599,299,,,Gsons,100,,https://yuzppjtjcfjvrjeqlygp.supabase.co/storage/v1/object/public/product-images/artical-all-8906176018103.jpg,,,,,,,,52,48,45,CM,,,,,,,,,,,FALSE,2026-07-21 11:41:41.474211+00,2026-07-27 09:10:57.193121+00
a0696ba4-5ebb-43f1-9d6a-5b692dee1da5,Dec-25,Umbrella,LES,Lavender,"3 Fold - 21"" - Printed-Auto Open / Close Umbrella
21“*8K-Lavender",8904486407952,599,399,,,RRPL,48,,https://yuzppjtjcfjvrjeqlygp.supabase.co/storage/v1/object/public/product-images/artical-all-8904486407952.jpg,,,,,,,,30.5,30.5,40,CM,,17.2,KG,,,,,,,,FALSE,2026-07-20 04:26:28.275076+00,2026-07-27 09:10:57.320504+00
a069adfe-9a86-4476-9b4e-2dea0c3e8fe3,Nov-25,Locks,Gerat Elektro,,Duralock 70Mm Digital Keys,8904486407228,999,499,83011000,,Gsons,72,12,https://yuzppjtjcfjvrjeqlygp.supabase.co/storage/v1/object/public/product-images/artical-all-8904486407228.jpg,,,,,,,,,,,,22,,KG,24,11.5,9,CM,,,,FALSE,2026-07-21 11:44:38.444429+00,2026-07-27 09:10:57.46393+00
a095bbb2-4542-4877-87c0-29327052639e,2024,Stationery,Quickworks,,Stapler Set Black,8906176018226,129,75,,,RCPL,144,24,https://yuzppjtjcfjvrjeqlygp.supabase.co/storage/v1/object/public/product-images/artical-all-8906176018226.jpg,,,,,,,,48,27.5,36,CM,15.5,16.5,KG,48,9.16,18,CM,2.75,,,FALSE,2026-07-21 11:42:12.692253+00,2026-07-27 09:10:57.5895+00
a0a0b34b-0642-45dc-a2f7-3195d574346a,2024,Clock,Gerat Elektro,,Wall Clock - 730A - 10,8906176010022,799,399,,,Gsons,,,https://yuzppjtjcfjvrjeqlygp.supabase.co/storage/v1/object/public/product-images/artical-all-8906176010022.jpg,,,,,,,,,,,,,,,,,,,,,,FALSE,2026-07-21 11:41:27.113544+00,2026-07-27 09:10:57.721121+00
a0fd76e4-a1d3-4c44-b3cd-65fb5f469a4b,Jun-26,Clothing,White Label,,Infant Cotton Tights With Diaper -1Pp-12-18M,8904486411607,249,179,61159990,,Gsons,,,,,,,,,,,,,,,,,,,,,,,,,FALSE,2026-07-25 10:55:12.256456+00,2026-07-27 09:10:57.84593+00
a13f0c6a-6743-4b6a-8969-3e6919391145,Jan-25,Clock,Gerat Elektro,,Digital Clock Ge-748Dc Light Green,8904486401783,799,299,,494605696,Gsons,,,https://yuzppjtjcfjvrjeqlygp.supabase.co/storage/v1/object/public/product-images/artical-all-8904486401783.jpg,,,,,,,,,,,,,,,,,,,,,,FALSE,2026-07-21 11:42:48.642005+00,2026-07-27 09:10:58.10829+00
a1a2b12e-d3b7-4e27-ac0a-3bf5ac18e6a4,Mar-26,Home Utility,Home One,SM-1208,Plastic Hook So3,8904132908147,179,89,,,RCPL,192,24,https://yuzppjtjcfjvrjeqlygp.supabase.co/storage/v1/object/public/product-images/artical-all-8904132908147.jpg,,,,,,,,48,42,51,CM,,,,,,,,,,,FALSE,2026-07-20 04:28:41.680803+00,2026-07-27 09:10:58.238649+00
a2337592-e06c-462c-9855-8595ec193e7c,2024,Back Packs,Livesmart,,Klb200616 Livesmart Business Backpack 14 Litre,8908021726225,6200,,,,RRPL,10,,https://yuzppjtjcfjvrjeqlygp.supabase.co/storage/v1/object/public/product-images/artical-all-8908021726225.jpg,,,,,,,,66,50,47,CM,,,,,,,,,,,FALSE,2026-07-21 11:38:30.954353+00,2026-07-27 09:10:58.361107+00
a2c5283a-0df5-4804-bbaf-7874ff706a06,2024,Stationery,Quickworks,,C3-20F Tempera Neon Poster Colors Set Of 6 - 20 Ml,8906176010985,299,149,,,RCPL,72,12,https://yuzppjtjcfjvrjeqlygp.supabase.co/storage/v1/object/public/product-images/artical-all-8906176010985.jpg,,,,,,,,,,,CM,,,,,,,,,,,FALSE,2026-07-21 11:39:37.216684+00,2026-07-27 09:10:58.488905+00
a30cbd15-944c-4141-921d-0902b7bca585,2024,Planters,Great Porcelo,,Ceramic Planter Cx3048,8908021726614,499,,,,Gsons,,,https://yuzppjtjcfjvrjeqlygp.supabase.co/storage/v1/object/public/product-images/artical-all-8908021726614.jpg,,,,,,,,,,,,,,,,,,,,,,FALSE,2026-07-21 11:41:03.921182+00,2026-07-27 09:10:58.610695+00
a326b2b2-ab3d-4153-9d0f-8145b75f0456,Jul-26,Glass Ware,Home One,YM26047,Ho Eva Stackble Two Tone Mug 380Ml,8909606002208,499,199,69111029,494608343,RCPL,24,12,https://yuzppjtjcfjvrjeqlygp.supabase.co/storage/v1/object/public/product-images/artical-all-8909606002208.jpg,,,,,,,,460,290,205,MM,,7.71,KG,390,275,91,MM,,3.66,KG,FALSE,2026-07-20 04:31:06.178589+00,2026-07-27 09:10:58.741512+00
a32c2417-0720-4d22-a089-637dad372177,Jul-26,Glass Ware,Home One,ZS187,Ho Zoe Clyndrical Glazed Mug 340Ml,8909606002123,499,179,69111029,494608335,RCPL,24,12,https://yuzppjtjcfjvrjeqlygp.supabase.co/storage/v1/object/public/product-images/artical-all-8909606002123.jpg,,,,,,,,425,295,222,MM,,9,KG,405,275,105,MM,,4.18,KG,FALSE,2026-07-20 04:31:02.606483+00,2026-07-27 09:10:58.870207+00
a373562e-6263-48a9-b2e0-c3d357907f5c,Jul-26,LED,Gerat Elektro,GEFLW40D6,Great Elk Led Lightg Chain 40L Geflw40D6,8906176011449,349,109,,494462167,Gsons,100,25,https://yuzppjtjcfjvrjeqlygp.supabase.co/storage/v1/object/public/product-images/artical-all-8906176011449.jpg,,,,,,,,,,,,,,,,,,,,,,FALSE,2026-07-20 04:30:42.367134+00,2026-07-27 09:10:59.002922+00
a3744fce-adbf-457f-9fc3-873a48e0668c,2024,Stationery,Gerat Cuisino,,Paper Doyleys Round  10.5” White Colour,8906176016925,199,99,,,Gsons,120,50,https://yuzppjtjcfjvrjeqlygp.supabase.co/storage/v1/object/public/product-images/artical-all-8906176016925.jpg,,,,,,,,55,27.5,25,CM,,,,16,,,,,,,FALSE,2026-07-21 11:40:20.223696+00,2026-07-27 09:10:59.131961+00
a37baa9f-2e20-4f5a-a331-4b9bedf3f189,2024,Clock,Gerat Elektro,,Wall Clock - 730B - 10,8906176010039,799,399,,,Gsons,,,https://yuzppjtjcfjvrjeqlygp.supabase.co/storage/v1/object/public/product-images/artical-all-8906176010039.jpg,,,,,,,,,,,,,,,,,,,,,,FALSE,2026-07-21 11:41:27.509185+00,2026-07-27 09:10:59.260177+00
a38172b2-9af0-4985-9024-ce7452e272b6,2024,Back Packs,LES,RH2232,Les Multipurpose Travel Pouch  Bag Rh2232 Black,8906176016550,799,399,,,RRPL,120,,https://yuzppjtjcfjvrjeqlygp.supabase.co/storage/v1/object/public/product-images/artical-all-8906176016550.jpg,,,,,,,,25,10,15,CM,,,,,,,,,,,FALSE,2026-07-21 11:40:48.482294+00,2026-07-27 09:10:59.385431+00
a3987ea1-f74c-4d61-a62f-7938caa299dd,May-26,Kitchen Utility,Home One,QXL001,Ss Deep Frying Basket 13Cm,8904132992290,599,299,,,RCPL,96,8,https://yuzppjtjcfjvrjeqlygp.supabase.co/storage/v1/object/public/product-images/artical-all-8904132992290.jpg,,,,,,,,49.5,49.5,62,CM,1.4,1.66,KG,1.4,27,17,CM,1.4,1.66,KG,FALSE,2026-07-20 04:29:22.6884+00,2026-07-27 09:10:59.520029+00
a3eedd66-142d-46d7-82b8-ef73ae9f8fa0,Jan-26,Stationery,Quickworks,5055,Qw Stapler W Pin Set N10 Asrtd 5055,8904132987951,199,99,84729010,494759385,RCPL,192,12,https://yuzppjtjcfjvrjeqlygp.supabase.co/storage/v1/object/public/product-images/artical-all-8904132987951.jpg,,,,,,,,464,386,378,MM,13.5,18.1,KG,222,174,88,MM,0.84,1.01,KG,FALSE,2026-07-20 04:28:00.331368+00,2026-07-27 09:10:59.642907+00
a401a648-1d62-4a86-a4ec-e1aa3a86feaa,2024,Wallets,LES,,Les Ladies Wallet Y9048-1 Black,8906176018585,799,399,,,RRPL,150,,https://yuzppjtjcfjvrjeqlygp.supabase.co/storage/v1/object/public/product-images/artical-all-8906176018585.jpg,,,,,,,,500,380,420,MM,18,19,KG,,,,,,,,FALSE,2026-07-21 11:42:00.855185+00,2026-07-27 09:10:59.776255+00
a452508c-1cf6-4a81-9e60-1a59e0fe7918,Dec-25,Stationery,Disney,AVENGERS,Glue Stick 15Gms Avengers,8904486408805,99,49,,,RRPL,384,12,https://yuzppjtjcfjvrjeqlygp.supabase.co/storage/v1/object/public/product-images/artical-all-8904486408805.jpg,,,,,,,,,,,,,,,,,,,,,,FALSE,2026-07-20 04:27:06.002744+00,2026-07-27 09:10:59.900558+00
a45dd3d6-34bc-44a7-8b56-dc5d9708d1bf,Jan-25,Cleaning,Gerat Essentials,60640,Blind Duster,8906176019773,199,99,,,Gsons,96,24,https://yuzppjtjcfjvrjeqlygp.supabase.co/storage/v1/object/public/product-images/2024-2025-463.jpg,,,,,,,,23.5,30.5,25,CM,,5.2,KG,,,,,,,,FALSE,2026-07-21 11:42:26.743382+00,2026-07-27 09:11:00.038146+00
a47b16b9-f01e-4f01-8f9e-e26d86c835ee,Jan-25,Stationery,Quickworks,,Glue Disapperaing Spray,8904132952904,199,99,,,RCPL,,,https://yuzppjtjcfjvrjeqlygp.supabase.co/storage/v1/object/public/product-images/artical-all-8904132952904.jpg,,,,,,,,,,,,12.2,11.4,,16.7,12.7,11.5,CM,0.89,0.95,,FALSE,2026-07-25 10:50:13.430563+00,2026-07-27 09:11:00.163743+00
a4bb08e4-3813-4d05-b8ed-3d8f5a6a866b,Mar-26,Home Utility,Home One,SM-1933,Plastic Hook So2,8904132907447,69,29,,,RCPL,144,24,https://yuzppjtjcfjvrjeqlygp.supabase.co/storage/v1/object/public/product-images/artical-all-8904132907447.jpg,,,,,,,,39,37,30,CM,,,,,,,,,,,FALSE,2026-07-20 04:28:38.948057+00,2026-07-27 09:11:00.295777+00
a4bf86f3-76aa-4508-a796-e3e9600bbc40,Jun-26,Glass Ware,White Label,,320Ml Glass,8904486413076,149,49,,,Gsons,72,24,https://yuzppjtjcfjvrjeqlygp.supabase.co/storage/v1/object/public/product-images/artical-all-8904486413076.jpg,,,,,,,,44,30,38,CM,19.8,17.8,KG,44,20,38,CM,,,,FALSE,2026-07-20 04:30:16.248769+00,2026-07-27 09:11:00.423022+00
a51e90e0-3fd3-4b0e-a96a-0cf2968a206d,2024,Back Packs,Livesmart,,Klb211110 Livesmart Canvas Backpack 30 Litre,8908021726287,6200,,,,RRPL,10,,https://yuzppjtjcfjvrjeqlygp.supabase.co/storage/v1/object/public/product-images/artical-all-8908021726287.jpg,,,,,,,,50,34,34,CM,,,,,,,,,,,FALSE,2026-07-21 11:38:34.886332+00,2026-07-27 09:11:00.565359+00
a5332281-d9b2-482d-b3cd-be507721e3df,Jan-25,Back Packs,Gerat Essentials,AJ-6-004,Fashions Backpack Aj-6-004 Red+Blue,8904486401578,1999,799,,,Gsons,,,,,,,,,,,,,,,,,,,,,,,,,FALSE,2026-07-21 11:42:39.356189+00,2026-07-27 09:11:00.700624+00
a53b683d-f495-48dc-ba7d-8d2ac6b6f0fb,Dec-25,Glass Ware,Home One,,Ho New Eva Ruby Silk Print Mug 410Ml,8904132983748,399,199,69111011,494590326,RCPL,24,6,,,,,,,,,429,305,228,MM,,7.5,,290,207,93,MM,,1.73,,FALSE,2026-07-25 10:53:04.998385+00,2026-07-27 09:11:00.841818+00
a53f2872-20d0-4027-9840-e6a611576845,Dec-25,Umbrella,LES,Navy,"30"" -8K- Square Umbrella -Cs016
30”*8K-Navy",8904486408362,1499,999,,,RRPL,12,,https://yuzppjtjcfjvrjeqlygp.supabase.co/storage/v1/object/public/product-images/artical-all-8904486408362.jpg,,,,,,,,103,15,10,CM,,7.8,KG,,,,,,,,FALSE,2026-07-20 04:26:35.245645+00,2026-07-27 09:11:00.977439+00
a54f4c5e-8832-422d-b228-a1ffa980c9f8,2024,Stationery,Quickworks,,Origamy Neon Colour Paper,8906176010923,85,49,,,RCPL,50,25,https://yuzppjtjcfjvrjeqlygp.supabase.co/storage/v1/object/public/product-images/artical-all-8906176010923.jpg,,,,,,,,30.5,22,15,CM,,,,,,,,,,,FALSE,2026-07-21 11:39:27.343307+00,2026-07-27 09:11:01.11723+00
a5677556-da73-4c16-b60d-ac47f36a59eb,Jul-25,Back Packs,Live Pro,EW47208B,Waist Bag - Ew47208B - Black,8904486405262,799,399,42029900,,RRPL,200,,https://yuzppjtjcfjvrjeqlygp.supabase.co/storage/v1/object/public/product-images/artical-all-8904486405262.jpg,,,,,,,,64,44,38,CM,17.6,16.4,KG,,,,,,,,FALSE,2026-07-21 11:43:40.981888+00,2026-07-27 09:11:01.244402+00
a5b4b7e4-20ad-44e4-928a-573d602729ad,2024,Trolley,Travello,,Travello Trolley Bag - Kt01 - Black,8908020474165,6999,,,,Gsons,1,,https://yuzppjtjcfjvrjeqlygp.supabase.co/storage/v1/object/public/product-images/artical-all-8908020474165.jpg,,,,,,,,39,21.5,57,CM,,,,,,,,,,,FALSE,2026-07-21 11:40:34.383375+00,2026-07-27 09:11:01.378021+00
a5b94804-5967-459d-8ad3-3b1f2abc240b,2024,Stationery,Quickworks,,C3-20T Tempera Primary Poster Colors Set Of 6 - 20 Ml,8906176010978,299,149,,,RCPL,72,12,https://yuzppjtjcfjvrjeqlygp.supabase.co/storage/v1/object/public/product-images/artical-all-8906176010978.jpg,,,,,,,,,,,CM,,,,,,,,,,,FALSE,2026-07-21 11:39:36.586216+00,2026-07-27 09:11:01.505283+00
a60877b3-6d52-4789-80b2-4d82b0884ebc,2024,Clothing,White Label,,Cap-Ch24H108,8906176019124,499,399,65050090,,Gsons,100,10,https://yuzppjtjcfjvrjeqlygp.supabase.co/storage/v1/object/public/product-images/artical-all-8906176019124.jpg,,,,,,,,63,43,20,CM,6,6.8,KG,,,,,,,,FALSE,2026-07-21 11:42:17.188269+00,2026-07-27 09:11:01.641097+00
a6351cb9-93b3-4dbf-83d5-a531fc81fb23,Dec-25,Beauty Tool,Simply Smart,PB230181,Hair Clip,8904486408775,149,69,,,RRPL,288,24,https://yuzppjtjcfjvrjeqlygp.supabase.co/storage/v1/object/public/product-images/artical-all-8904486408775.jpg,,,,,,,,40,35,20,CM,2.35,3.55,KG,,,,,,,KG,FALSE,2026-07-20 04:26:54.607308+00,2026-07-27 09:11:01.768558+00
a63c3e4e-8c32-4a8a-a0bd-7a41ffd2b1c9,Sep-25,Home Utility,White Label,W3985,Plastic Wrap And Kitchen Paper Roll Holder - W3985,8904486406412,1199,599,39249090,,Gsons,4,0,https://yuzppjtjcfjvrjeqlygp.supabase.co/storage/v1/object/public/product-images/artical-all-8904486406412.jpg,,,,,,,,27.5,15.1,40,,3.3,2.9,KG,,,,,,,,FALSE,2026-07-21 11:44:24.610943+00,2026-07-27 09:11:01.917705+00
a66cc702-60c8-4cd0-bc62-be95d6629bd8,2024,Clothing,White Label,,Cap-Ch24H209,8906176019100,399,299,65050090,,Gsons,100,10,https://yuzppjtjcfjvrjeqlygp.supabase.co/storage/v1/object/public/product-images/artical-all-8906176019100.jpg,,,,,,,,63,43,20,CM,5.7,6.5,KG,,,,,,,,FALSE,2026-07-21 11:42:16.06421+00,2026-07-27 09:11:02.052827+00
a6879d52-6923-4211-af34-db6ad04d4aef,Jun-26,Back Packs,White Label,AJ-3-002,Fashion Backpack Aj-3-002 Lavender,8904486413496,3999,799,,494605705,Gsons,12,6,https://yuzppjtjcfjvrjeqlygp.supabase.co/storage/v1/object/public/product-images/artical-all-8904486413496.jpg,,,,,,,,,,,,,,,,,,,,,,FALSE,2026-07-20 04:30:33.106287+00,2026-07-27 09:11:02.188713+00
a69b5dc3-d8b6-4767-933a-e8b5bd243ddd,Nov-25,Stationery,White Label,RMF25560,Bottle Opener,8904486406764,99,49,82055110,,Gsons,360,60,https://yuzppjtjcfjvrjeqlygp.supabase.co/storage/v1/object/public/product-images/artical-all-8904486406764.jpg,,,,,,,,39,34.5,19.5,CM,,,,12.5,16.5,17.5,CM,,,,FALSE,2026-07-21 11:44:34.577757+00,2026-07-27 09:11:02.321016+00
a6cf4a67-597e-4f81-8ff9-fd1d339d522f,Jun-26,Beauty Tool,Blushlace,#ZE0113,14Pcs Nail Sticker-S04,8904486413120,249,79,39199010,,RRPL,960,12,https://yuzppjtjcfjvrjeqlygp.supabase.co/storage/v1/object/public/product-images/artical-all-8904486413120.jpg,,,,,,,,57.5,39.5,35,CM,15.2,13.73,KG,10,5,16.5,CM,0.2,0.17,KG,FALSE,2026-07-20 04:30:04.411796+00,2026-07-27 09:11:02.456135+00
a6ed2849-7ebf-4511-83e8-e0166ebc0059,2024,Back Packs,LES,XFJ003,Les Multipurpose Travel Pouch  Bag Xfj003 - Light Blue,8906176016604,499,249,,,RRPL,120,,https://yuzppjtjcfjvrjeqlygp.supabase.co/storage/v1/object/public/product-images/artical-all-8906176016604.jpg,,,,,,,,26,14,15,CM,,,,,,,,,,,FALSE,2026-07-21 11:40:50.357668+00,2026-07-27 09:11:02.58177+00
a7238415-dc6e-4f75-9a50-58d00080971f,2024,Back Packs,Livesmart,,Lys230231 Livesmart Nylon Business Handbag 18 Litre,8908021726256,6200,,,,RRPL,10,,https://yuzppjtjcfjvrjeqlygp.supabase.co/storage/v1/object/public/product-images/artical-all-8908021726256.jpg,,,,,,,,45,36,60,CM,,,,,,,,,,,FALSE,2026-07-21 11:38:32.605248+00,2026-07-27 09:11:02.714923+00
a7463d22-c6e9-4bda-9373-6c56a8d5d7e3,2024,Umbrella,LES,,Umbrella - Cs007,8906176010817,699,499,,,RRPL,18,,https://yuzppjtjcfjvrjeqlygp.supabase.co/storage/v1/object/public/product-images/artical-all-8906176010817.jpg,,,,,,,,10.3,26,19.5,CM,,,,,,,,,,,FALSE,2026-07-21 11:39:18.39293+00,2026-07-27 09:11:02.84235+00
a80f500f-492d-40e2-84ec-d0109b9beb16,2024,Planters,Great Porcelo,,Ceramic Planter Ds1002,8908021726645,299,,,,Gsons,,,https://yuzppjtjcfjvrjeqlygp.supabase.co/storage/v1/object/public/product-images/artical-all-8908021726645.jpg,,,,,,,,,,,,,,,,,,,,,,FALSE,2026-07-21 11:41:04.750192+00,2026-07-27 09:11:02.981735+00
a8490077-faab-424b-a0da-a6b4eacbe2b0,Jul-26,Glass Ware,Home One,2501XZ760,Home One Hoho Glass Sipper 380Ml With Silicone Grip,8904132956957,199,99,,,RCPL,36,12,https://yuzppjtjcfjvrjeqlygp.supabase.co/storage/v1/object/public/product-images/artical-all-8904132956957.jpg,,,,,,,,410,310,480,MM,,,,390,289,47,MM,,,,FALSE,2026-07-20 04:31:07.601115+00,2026-07-27 09:11:03.115919+00
a85745d5-daf9-4185-b511-8f9764cee79f,Dec-25,Umbrella,LES,blue floral,"23"" - Straight Polyester Umbrella - Blue Floral",8904486408287,399,249,,,RRPL,60,,https://yuzppjtjcfjvrjeqlygp.supabase.co/storage/v1/object/public/product-images/artical-all-8904486408287.jpg,,,,,,,,94,24,45,CM,,21,KG,,,,,,,,FALSE,2026-07-20 04:26:19.51713+00,2026-07-27 09:11:03.248146+00
a8cd65f8-8043-421d-b8da-587fbae4934c,2024,Back Packs,LES,RH2205,Les Multipurpose Travel Pouch Bag Rh2205 - Beige,8906176016666,999,499,,,RRPL,120,,https://yuzppjtjcfjvrjeqlygp.supabase.co/storage/v1/object/public/product-images/artical-all-8906176016666.jpg,,,,,,,,21,10,21,CM,,,,,,,,,,,FALSE,2026-07-21 11:40:53.660534+00,2026-07-27 09:11:03.378836+00
a90df3fb-0aa2-4b18-8480-c49c7d8b206d,Jan-25,Umbrella,Gerat Essentials,"23"" - 8 Ribs",58Cm - Poe Straight Umbrella - Blue,8906176019513,1099,,,,Gsons,,,https://yuzppjtjcfjvrjeqlygp.supabase.co/storage/v1/object/public/product-images/artical-all-8906176019513.jpg,,,,,,,,,,,,,,,,,,,,,,FALSE,2026-07-21 11:42:31.390336+00,2026-07-27 09:11:03.512837+00
a93424c3-8c79-443f-8bc6-f39d110264f3,Jun-26,Kitchen Utility,Simply Smart,QB2026060104,Tea Infuser 4.5Cm,8904486413649,159,79,73239990,,RRPL,300,,https://yuzppjtjcfjvrjeqlygp.supabase.co/storage/v1/object/public/product-images/artical-all-8904486413649.jpg,,,,,,,,61,30,42,CM,10.3,9.6,KG,,,,,,,,FALSE,2026-07-20 04:30:10.42677+00,2026-07-27 09:11:03.642487+00
a94e1d24-88ba-4f3b-a0e4-f8f5e4facf12,2024,Back Packs,LES,RH2205,Les Multipurpose Travel Pouch  Bag Rh2205 - Green,8906176016673,999,499,,,RRPL,120,,https://yuzppjtjcfjvrjeqlygp.supabase.co/storage/v1/object/public/product-images/artical-all-8906176016673.jpg,,,,,,,,21,10,21,CM,,,,,,,,,,,FALSE,2026-07-21 11:40:54.173703+00,2026-07-27 09:11:03.775818+00
a95d65ad-673f-4644-aa2b-c2c16b3f04f0,Dec-25,Umbrella,LES,Navy,"29"" -8K- Straight Umbrella - Rainbow -Navy",8904486408140,449,299,,,RRPL,12,,https://yuzppjtjcfjvrjeqlygp.supabase.co/storage/v1/object/public/product-images/artical-all-8904486408140.jpg,,,,,,,,100,15,12,CM,,6.1,KG,,,,,,,,FALSE,2026-07-20 04:26:36.306944+00,2026-07-27 09:11:03.90692+00
a95ea46a-82f6-4902-8a9c-6e85a3d3eaf8,Jun-26,Back Packs,White Label,FL806,Fashion Backpack- Fl806 -Purple,8904486413557,4999,999,,,Gsons,12,6,https://yuzppjtjcfjvrjeqlygp.supabase.co/storage/v1/object/public/product-images/artical-all-8904486413557.jpg,,,,,,,,,,,,,,,,,,,,,,FALSE,2026-07-20 04:30:36.580227+00,2026-07-27 09:11:04.054707+00
a9698552-0fb4-49e4-9522-804a48d02d57,2024,Back Packs,White Label,CH24B431,Crossbody Bag Ch24B431 White,8906176018011,599,299,,,Gsons,100,,https://yuzppjtjcfjvrjeqlygp.supabase.co/storage/v1/object/public/product-images/artical-all-8906176018011.jpg,,,,,,,,65,34,40,CM,,,,,,,,,,,FALSE,2026-07-21 11:41:37.027846+00,2026-07-27 09:11:04.190842+00
a9794b9f-bba4-46ca-a928-153549dd67f4,Jan-25,Home Utility,Home One,,Plastic Hook So3,8904132908291,199,99,,,RCPL,,,https://yuzppjtjcfjvrjeqlygp.supabase.co/storage/v1/object/public/product-images/artical-all-8904132908291.jpg,,,,,,,,44,35,49,CM,,,,,,,,,,,FALSE,2026-07-25 10:49:44.852882+00,2026-07-27 09:11:04.323472+00
a9b8b171-eca8-498f-b131-4858479e175a,Jan-25,Umbrella,Gerat Essentials,"23"" - 8 Ribs",58Cm - Poe Straight Umbrella - Maroon,8906176019520,1099,,,,Gsons,,,https://yuzppjtjcfjvrjeqlygp.supabase.co/storage/v1/object/public/product-images/artical-all-8906176019520.jpg,,,,,,,,,,,,,,,,,,,,,,FALSE,2026-07-21 11:42:32.142376+00,2026-07-27 09:11:04.455194+00
aa06e524-d843-40cc-8ece-ab3256afdb84,2024,LED,Gerat Elektro,,Led Lighting Chains Drop Lights Multicolour- Geflwhb6P,8906176011548,799,399,,,Gsons,50,0,https://yuzppjtjcfjvrjeqlygp.supabase.co/storage/v1/object/public/product-images/artical-all-8906176011548.jpg,,,,,,,,58,23.5,46,CM,,,,59,4.5,5,,,,,FALSE,2026-07-21 11:39:55.834623+00,2026-07-27 09:11:04.594205+00
aa54bed6-5a22-4a3b-9d2b-5211a30287fb,2024,Clothing,White Label,,Cap-Ch24H193,8906176019193,399,299,65050090,,Gsons,100,10,https://yuzppjtjcfjvrjeqlygp.supabase.co/storage/v1/object/public/product-images/artical-all-8906176019193.jpg,,,,,,,,63,43,20,CM,5.7,6.5,KG,,,,,,,,FALSE,2026-07-21 11:42:20.908268+00,2026-07-27 09:11:04.720605+00
aab7d5a0-ab69-45d3-8a4d-2ba1969e58d1,2024,Umbrella,LES,,7X11 Umbrella,8906176010855,399,299,,,RRPL,50,,https://yuzppjtjcfjvrjeqlygp.supabase.co/storage/v1/object/public/product-images/artical-all-8906176010855.jpg,,,,,,,,,,,CM,,,,,,,,,,,FALSE,2026-07-21 11:39:20.712507+00,2026-07-27 09:11:04.85713+00
ab12e1e6-3fcd-4954-af83-0ae7fffc3b19,Jun-26,Kitchen Utility,Simply Smart,QB2026060102,Net Cover 29Cm,8904486413618,299,149,73239990,,RRPL,144,,https://yuzppjtjcfjvrjeqlygp.supabase.co/storage/v1/object/public/product-images/artical-all-8904486413618.jpg,,,,,,,,60,30,27,CM,19,18.3,KG,,,,,,,,FALSE,2026-07-20 04:30:09.386516+00,2026-07-27 09:11:04.987465+00
ab1872cc-2ed9-421f-9732-6819a7e60a4e,Jun-26,Clothing,Disney,,Kid'S Cotton Ankle Socks - Princess-4-7Yrs,8904486411928,129,79,61159990,,RRPL,,,,,,,,,,,,,,,,,,,,,,,,,FALSE,2026-07-25 10:55:17.143354+00,2026-07-27 09:11:05.134668+00
ab3233dc-f585-46ab-b6c9-4f0f5f3a24e9,Jun-26,Clothing,White Label,,Infant Featheryarn Hat & Sock- 1Pp-6-12M,8904486411713,249,179,61159990,,Gsons,,,https://yuzppjtjcfjvrjeqlygp.supabase.co/storage/v1/object/public/product-images/artical-all-8904486411713.jpg,,,,,,,,,,,,,,,,,,,,,,FALSE,2026-07-25 10:55:15.258276+00,2026-07-27 09:11:05.270156+00
ab353504-6780-47f8-a650-c434428c4b9a,Mar-26,Home Utility,Home One,SM-1202,Plastic Hook 5 Bar Sm1202,8904132910270,349,149,,,RCPL,96,12,https://yuzppjtjcfjvrjeqlygp.supabase.co/storage/v1/object/public/product-images/artical-all-8904132910270.jpg,,,,,,,,50,39,47,CM,,,,,,,,,,,FALSE,2026-07-20 04:28:44.528976+00,2026-07-27 09:11:05.406415+00
ab3c9013-742f-4aaf-8cc4-d91303d14672,Apr-26,Mirror,Gerat Essentials,L79874,Round Single Sided Mirror With 1X Magnifying,8904486404944,249,129,,,Gsons,72,12,https://yuzppjtjcfjvrjeqlygp.supabase.co/storage/v1/object/public/product-images/artical-all-8904486404944.jpg,,,,,,,,64,32.5,44.5,,11,14.4,KG,31,20.5,21,,2.5,2.7,KG,FALSE,2026-07-20 04:29:13.037013+00,2026-07-27 09:11:05.536563+00
ab6ced9e-39a1-4467-a2f6-d2959bb1e490,Nov-25,Tools,Gerat Elektro,ABS+GLASS,2.5X Magnifying Glass,8904486406955,399,199,90029000,,Gsons,60,20,https://yuzppjtjcfjvrjeqlygp.supabase.co/storage/v1/object/public/product-images/artical-all-8904486406955.jpg,,,,,,,,31,31,55,CM,,,,30,30,18,CM,,,,FALSE,2026-07-21 11:44:36.838364+00,2026-07-27 09:11:05.677425+00
abab36ad-4e8e-48c9-8e91-9629fd5adc09,May-26,Basket,White Label,,,8904486411836,358,179,39241090,,Gsons,10,,https://yuzppjtjcfjvrjeqlygp.supabase.co/storage/v1/object/public/product-images/artical-all-8904486411836.jpg,,,,,,,,33,22,36.5,CM,,,,,,,CM,,,,FALSE,2026-07-20 04:29:33.140197+00,2026-07-27 09:11:05.806899+00
abaeec3a-c1e1-4407-ac74-93130ada22c5,Jul-26,Back Packs,LES,blue,Shopping Bag - Blue,8904486413977,995,299,42022290,,RRPL,48,12,https://yuzppjtjcfjvrjeqlygp.supabase.co/storage/v1/object/public/product-images/artical-all-8904486413977.jpg,,,,,,,,48,60,40,CM,,,,,,,,,,,FALSE,2026-07-20 04:31:13.198237+00,2026-07-27 09:11:05.947345+00
abb8e524-d17b-4afd-8087-8df0e9c21ff2,2024,Home Utility,Home One,,Smiley Sticky Hook So5 - Sm1819,8908021726447,85,59,,,RCPL,,,https://yuzppjtjcfjvrjeqlygp.supabase.co/storage/v1/object/public/product-images/artical-all-8908021726447.jpg,,,,,,,,,,,,,,,,,,,,,,FALSE,2026-07-21 11:41:19.92664+00,2026-07-27 09:11:06.080987+00
abbeeb38-8b29-4f79-94ad-3fb9de3d3ea0,Mar-26,Glass Ware,Marvel,SPIDERMAN,Marvel Spiderman Kids Mug 350Ml,8904486409758,399,129,69111011,,RRPL,48,,https://yuzppjtjcfjvrjeqlygp.supabase.co/storage/v1/object/public/product-images/artical-all-8904486409758.jpg,,,,,,,,,,,,,,,,,,,,,,FALSE,2026-07-20 04:28:38.337376+00,2026-07-27 09:11:06.228604+00
abd7ad46-f52c-40f3-9958-2b2f3b724150,Sep-25,Beauty Tool,Simply Smart,,Rubber Band,8904486405804,79,39,40169920,,RRPL,288,,https://yuzppjtjcfjvrjeqlygp.supabase.co/storage/v1/object/public/product-images/artical-all-8904486405804.jpg,,,,,,,,53,22,42,,,3.2,,,,,,,,,FALSE,2026-07-20 04:26:47.936994+00,2026-07-27 09:11:06.352929+00
abed05e6-64b0-4b5a-8ece-4b3b8ab63d25,Jul-26,Glass Ware,Home One,B358-07453,Ho Annie Vntg Mug400,8909606002574,699,249,69111029,494608496,RCPL,24,12,https://yuzppjtjcfjvrjeqlygp.supabase.co/storage/v1/object/public/product-images/artical-all-8909606002574.jpg,,,,,,,,436,299,270,,,10.1,KG,421,284,101,MM,,5.05,KG,FALSE,2026-07-20 04:31:11.734613+00,2026-07-27 09:11:06.485812+00
abfd9a15-6a06-4af1-9814-5d0530848a86,2024,Wallets,LES,,Les Ladies Wallet Y8975-2 Dark Grey,8906176018394,599,299,,,RRPL,210,,https://yuzppjtjcfjvrjeqlygp.supabase.co/storage/v1/object/public/product-images/artical-all-8906176018394.jpg,,,,,,,,500,380,400,MM,188.8,19.8,KG,,,,,,,,FALSE,2026-07-21 11:41:50.308475+00,2026-07-27 09:11:06.61592+00
ac5f5a95-1a0f-4bfc-91e3-8ea5b068a437,Dec-25,Tools,Gerat Elektro,,Claw Hammer With Soft Grip Handle,8906176011401,299,179,,,Gsons,60,6,https://yuzppjtjcfjvrjeqlygp.supabase.co/storage/v1/object/public/product-images/artical-all-8906176011401.jpg,,,,,,,,78,35,39.5,CM,19.6,25.8,,33.6,15,18.7,CM,1.9,2.5,,FALSE,2026-07-21 11:39:51.197728+00,2026-07-27 09:11:06.75001+00
aca41bb2-8710-418e-baee-a159974a0ce1,2024,Back Packs,LES,XFJ003,Les Multipurpose Travel Pouch Bag Xfj003 - White,8906176016598,499,249,,,RRPL,120,,https://yuzppjtjcfjvrjeqlygp.supabase.co/storage/v1/object/public/product-images/artical-all-8906176016598.jpg,,,,,,,,26,14,15,CM,,,,,,,,,,,FALSE,2026-07-21 11:40:49.837943+00,2026-07-27 09:11:06.878173+00
acd43466-844c-422c-b5b3-a002792b81e7,Jan-26,Stationery,White Label,WDN 801 -3,Pen Holder,8904486409383,399,199,73269099,,Gsons,,,https://yuzppjtjcfjvrjeqlygp.supabase.co/storage/v1/object/public/product-images/artical-all-8904486409383.jpg,,,,,,,,56.5,33,43.5,CM,,,,,,,,,,,FALSE,2026-07-20 04:27:34.824003+00,2026-07-27 09:11:07.018756+00
acea45bc-636d-4123-8372-0be49d38a905,Jul-25,Stationery,Quickworks,,Qw Wht Glue 143Ml N 10G Wht Gluestck Set,8904132967694,149,99,35061000,,RCPL,144,12,https://yuzppjtjcfjvrjeqlygp.supabase.co/storage/v1/object/public/product-images/artical-all-8904132967694.jpg,,,,,,,,44,41.5,21.5,CM,15,14,,,,,,,,,FALSE,2026-07-25 10:51:05.542977+00,2026-07-27 09:11:07.148833+00
aceb2879-89eb-4e38-a22f-4eaf9e153a16,2024,Tools,Gerat Cuisino,,Screw Driver 8 Pcs Set,8908021726898,399,199,,,Gsons,120,,https://yuzppjtjcfjvrjeqlygp.supabase.co/storage/v1/object/public/product-images/artical-all-8908021726898.jpg,,,,,,,,,,,CM,,,,,,,,,,,FALSE,2026-07-21 11:38:56.808265+00,2026-07-27 09:11:07.277578+00
ad6ac789-a11a-4d61-ab88-f25dbcd7e3af,Jun-26,Clothing,White Label,,Quaterladies' Cosy Socks Without Abs-1Pp-Free,8904486411454,129,69,61159990,,Gsons,,,https://yuzppjtjcfjvrjeqlygp.supabase.co/storage/v1/object/public/product-images/artical-all-8904486411454.jpg,,,,,,,,,,,,,,,,,,,,,,FALSE,2026-07-25 10:55:09.416205+00,2026-07-27 09:11:07.402251+00
ae3bc850-7aab-47d4-9cad-ceb03a50be76,Jul-26,Glass Ware,Home One,GB190-01390,Ho Annie Meme Mug360,8909606002512,699,249,69111029,494608490,RCPL,24,12,https://yuzppjtjcfjvrjeqlygp.supabase.co/storage/v1/object/public/product-images/artical-all-8909606002512.jpg,,,,,,,,482,259,263,,,8.5,KG,376,244,120,MM,,4.25,KG,FALSE,2026-07-20 04:31:09.20427+00,2026-07-27 09:11:07.536917+00
ae457df6-a502-41da-8053-d5c94795dffc,Jan-25,Kitchen Utility,Gerat Cuisino,,Tri-Ply 3 Pcs Set,8904486405132,5799,,,,Gsons,,,https://yuzppjtjcfjvrjeqlygp.supabase.co/storage/v1/object/public/product-images/artical-all-8904486405132.jpg,,,,,,,,,,,,,,,,,,,,,,FALSE,2026-07-21 11:43:28.378406+00,2026-07-27 09:11:07.660976+00
ae751d2d-3fa0-47e7-8646-375d670174e5,2024,Back Packs,LES,RH2316,Les Multipurpose Travel Pouch  Bag Rh2316 -Pink,8906176016628,699,349,,,RRPL,120,,https://yuzppjtjcfjvrjeqlygp.supabase.co/storage/v1/object/public/product-images/artical-all-8906176016628.jpg,,,,,,,,24,10,18,CM,,,,,,,,,,,FALSE,2026-07-21 11:40:51.499328+00,2026-07-27 09:11:07.793034+00
aef5c217-398d-4cc3-840e-3d4e64e2cc04,2024,Planters,Great Porcelo,,Ceramic Planter Tyn2315,8908020726805,399,,,,Gsons,,,https://yuzppjtjcfjvrjeqlygp.supabase.co/storage/v1/object/public/product-images/artical-all-8908020726805.jpg,,,,,,,,,,,,,,,,,,,,,,FALSE,2026-07-21 11:41:11.502177+00,2026-07-27 09:11:07.927197+00
af2dac62-15e2-4933-8389-dc26f49fcae2,Nov-25,Glass Ware,Home One,RMF22032,Glass Canister 650Ml,8904486406726,259,129,,,RCPL,18,6,https://yuzppjtjcfjvrjeqlygp.supabase.co/storage/v1/object/public/product-images/artical-all-8904486406726.jpg,,,,,,,,34.5,23.5,44,CM,7.54,8.42,KG,,33,22,,2.51,2.67,KG,FALSE,2026-07-20 04:29:59.203451+00,2026-07-27 09:11:08.060993+00
af3bdff4-7f18-4ebb-b167-b73253944797,Oct-25,Back Packs,White Label,XFJ003,Multipurpose Travel Pouch Bag Xfj003 - Pink,8904486404449,499,249,,,Gsons,120,,https://yuzppjtjcfjvrjeqlygp.supabase.co/storage/v1/object/public/product-images/artical-all-8904486404449.jpg,,,,,,,,,,,,,,,,,,,,,,FALSE,2026-07-21 11:44:31.359763+00,2026-07-27 09:11:08.192284+00
af50f828-2f3c-40a8-b5b0-22f643b84daa,Jan-25,Home Utility,Ulhaas,,Ulhaas Pvc Table Cvr 4 Seater 150X200Cm,8904132969735,399,199,,,RCPL,10,,https://yuzppjtjcfjvrjeqlygp.supabase.co/storage/v1/object/public/product-images/artical-all-8904132969735.jpg,,,,,,,,38,53.5,15,CM,,11,,,,,,,,,FALSE,2026-07-25 10:50:37.210108+00,2026-07-27 09:11:08.326978+00
af7735e0-7947-4d98-9166-bdebcc13e20b,2024,Back Packs,White Label,CH24B377,Chest Bag Ch24B377 Black,8906176018172,999,499,,,Gsons,100,,https://yuzppjtjcfjvrjeqlygp.supabase.co/storage/v1/object/public/product-images/artical-all-8906176018172.jpg,,,,,,,,60,44,42,CM,,,,,,,,,,,FALSE,2026-07-21 11:41:44.765655+00,2026-07-27 09:11:08.45205+00
af9613ca-8061-4245-a64f-fed887d66fe5,Dec-25,Glass Ware,Home One,,Ho New Eva Sapphire Print Mug 300Ml,8904132983724,399,199,69111011,494590325,RCPL,24,6,,,,,,,,,417,277,234,MM,,7.9,,261,201,96,MM,,1.83,,FALSE,2026-07-25 10:53:04.84216+00,2026-07-27 09:11:08.585167+00
afa7d465-ea99-420d-a6a7-8cccbd4cb98f,Jul-25,Back Packs,LES,EP9113B,Backpack - Ep113B - Pink                      30X17X42,8904486405354,3499,1699,42029900,,RRPL,20,,https://yuzppjtjcfjvrjeqlygp.supabase.co/storage/v1/object/public/product-images/artical-all-8904486405354.jpg,,,,,,,,75,44,40,CM,12,13.5,KG,,,,CM,,,,FALSE,2026-07-20 04:29:35.343003+00,2026-07-27 09:11:08.713216+00
afd3a135-d588-4726-95ff-d9b7ca6cf9f8,Jul-25,Back Packs,Gerat Essentials,E2416R,Pouch - E2416R - Black                            25X11X14,8904486405248,1499,699,,,Gsons,40,,https://yuzppjtjcfjvrjeqlygp.supabase.co/storage/v1/object/public/product-images/artical-all-8904486405248.jpg,,,,,,,,56,32,40,CM,10.1,11.1,KG,,,,CM,,,,FALSE,2026-07-20 04:29:37.087004+00,2026-07-27 09:11:08.845074+00
afdb8060-9370-4cd1-9802-73914225a1ce,Mar-26,Glass Ware,Disney,PRINCESS,Disney Princess Kids Mug 350Ml,8904486409703,399,129,69111011,,RRPL,48,,https://yuzppjtjcfjvrjeqlygp.supabase.co/storage/v1/object/public/product-images/artical-all-8904486409703.jpg,,,,,,,,,,,,,17,KG,,,,,,,,FALSE,2026-07-20 04:28:33.721891+00,2026-07-27 09:11:08.969786+00
afde6624-487e-429a-ba4a-c76da4d17c15,Dec-25,Umbrella,LES,Blue,"27"" -16K- Straight Umbrella - Blue",8904486408171,699,499,,,RRPL,12,,https://yuzppjtjcfjvrjeqlygp.supabase.co/storage/v1/object/public/product-images/artical-all-8904486408171.jpg,,,,,,,,105,17,13,CM,,8,KG,,,,,,,,FALSE,2026-07-20 04:26:37.364837+00,2026-07-27 09:11:09.109709+00
b01f3bd6-91c5-4e10-a5f3-b28ff2049b68,Apr-26,Locks,Gerat Cuisino,,Pad Lock Set Of 4,8904486411010,499,219,,,Gsons,180,12,https://yuzppjtjcfjvrjeqlygp.supabase.co/storage/v1/object/public/product-images/artical-all-8904486411010.jpg,,,,,,,,565,187,495,MM,14.2,15.6,KG,174,155,106,MM,0.93,1,KG,FALSE,2026-07-20 04:29:15.924324+00,2026-07-27 09:11:09.234169+00
b01f6c6a-5e54-42ac-a68a-dbab4bc2cef0,2024,Glass Ware,Home One,,Multipurpose Glass Tumbler 350Ml,8904132977532,899,399,,,RCPL,12,1,https://yuzppjtjcfjvrjeqlygp.supabase.co/storage/v1/object/public/product-images/artical-all-8904132977532.jpg,,,,,,,,40,27,43,CM,,,,12.7,12.7,20.5,,,,,FALSE,2026-07-21 11:40:02.873188+00,2026-07-27 09:11:09.362059+00
b030f7aa-39e9-4442-8571-6b487bb52aaf,Jul-25,Back Packs,Gerat Essentials,E2416R,Pouch - E2416R - Pink,8904486405255,1499,699,,,Gsons,40,,https://yuzppjtjcfjvrjeqlygp.supabase.co/storage/v1/object/public/product-images/artical-all-8904486405255.jpg,,,,,,,,56,32,40,CM,10.1,11.1,KG,,,,CM,,,,FALSE,2026-07-20 04:29:37.579905+00,2026-07-27 09:11:09.485653+00
b03bb85b-d34c-427c-8976-7f669575fdea,Jan-26,Clothing,White Label,CHQ24H101,Cap - Chq24H101 - Black,8904486409185,799,399,65050090,,Gsons,100,10,https://yuzppjtjcfjvrjeqlygp.supabase.co/storage/v1/object/public/product-images/artical-all-8904486409185.jpg,,,,,,,,47,42,43,CM,7.4,8,KG,,,,,,,,FALSE,2026-07-20 04:27:40.292098+00,2026-07-27 09:11:09.619531+00
b03d92a1-32d0-46d2-a5da-c3ff38fe99db,Oct-25,Trolley,Travello,,"Trolley Bag Kt201-24"" Golden Pink",8904486406498,10000,,,,Gsons,1,,https://yuzppjtjcfjvrjeqlygp.supabase.co/storage/v1/object/public/product-images/artical-all-8904486406498.jpg,,,,,,,,49,30,75,CM,,,,,,,,,,,FALSE,2026-07-20 04:29:46.932408+00,2026-07-27 09:11:09.74164+00
b1506b8f-2fe2-4a54-a149-faf6b12b4f4c,Sep-25,Mirror,White Label,WR5364-3090,Over Door Mirror-Ps Frame - Wr5364,8904486406047,1599,799,70099200,,Gsons,10,0,https://yuzppjtjcfjvrjeqlygp.supabase.co/storage/v1/object/public/product-images/artical-all-8904486406047.jpg,,,,,,,,104,21,37,CM,14,15,KG,,,,,,,,FALSE,2026-07-21 11:44:04.37914+00,2026-07-27 09:11:09.87131+00
b192aef6-129a-4d50-9cc0-3e80d86ee789,2024,Back Packs,White Label,CH24B433,Crossbody Bag Ch24B433 Pink,8906176018042,599,299,,,Gsons,100,,https://yuzppjtjcfjvrjeqlygp.supabase.co/storage/v1/object/public/product-images/artical-all-8906176018042.jpg,,,,,,,,65,34,40,CM,,,,,,,,,,,FALSE,2026-07-21 11:41:38.075333+00,2026-07-27 09:11:09.996909+00
b1adb252-5a0e-4360-978d-4f8d4edb310e,Jan-25,Cleaning,Gerat Essentials,60563,Multipurpose Cleaning Brush ( Autopro),8906176019834,999,599,,,Gsons,10,,https://yuzppjtjcfjvrjeqlygp.supabase.co/storage/v1/object/public/product-images/2024-2025-465.jpg,,,,,,,,109.5,27.5,16.5,CM,,8.2,KG,,,,,,,,FALSE,2026-07-21 11:42:29.443924+00,2026-07-27 09:11:10.136095+00
b1bcb35b-2612-4b4a-89a8-f42d520507e2,2024,Stationery,Quickworks,,Origamy Colour Paper  A4-30,8906176010909,120,49,,,RCPL,50,30,https://yuzppjtjcfjvrjeqlygp.supabase.co/storage/v1/object/public/product-images/artical-all-8906176010909.jpg,,,,,,,,30.5,22,18,CM,,,,,,,,,,,FALSE,2026-07-21 11:39:24.023151+00,2026-07-27 09:11:10.261301+00
b268ca3d-7996-4286-8dae-45a61666d967,Dec-25,Locks,Gerat Cuisino,,Pad Lock Set Of 3 In Brass,8906176014846,499,199,,,Gsons,180,12,https://yuzppjtjcfjvrjeqlygp.supabase.co/storage/v1/object/public/product-images/artical-all-8906176014846.jpg,,,,,,,,60.5,25.3,42.6,CM,13.98,14.95,KG,24,11.5,13.5,CM,0.95,1,KG,FALSE,2026-07-20 04:27:12.020667+00,2026-07-27 09:11:10.388744+00
b293d468-b80c-4ffd-abac-21bd406d4f3a,2024,Home Utility,Home One,,Smiley Sticky Hook Bar Lrg- Sm1827,8908021726423,215,149,,,RCPL,,,https://yuzppjtjcfjvrjeqlygp.supabase.co/storage/v1/object/public/product-images/artical-all-8908021726423.jpg,,,,,,,,,,,,,,,,,,,,,,FALSE,2026-07-21 11:41:19.064163+00,2026-07-27 09:11:10.509975+00
b2c99dde-4ba0-48e1-95c0-66777e8f1150,2024,Home Utility,Home One,,Sticky Transparent  Hook So6- Sm1518,8908021726324,130,99,,,RCPL,,,https://yuzppjtjcfjvrjeqlygp.supabase.co/storage/v1/object/public/product-images/artical-all-8908021726324.jpg,,,,,,,,,,,,,,,,,,,,,,FALSE,2026-07-21 11:41:15.680183+00,2026-07-27 09:11:10.637742+00
b37f9c8f-4106-434b-af6d-7f6112fc6e1d,Jul-26,Beauty Tool,Blushlace,,Baby Manicure Set,8904486414042,249,99,82142090,,RRPL,144,12,https://yuzppjtjcfjvrjeqlygp.supabase.co/storage/v1/object/public/product-images/artical-all-8904486414042.jpg,,,,,,,,50.5,42.5,58.5,CM,8.9136,11.4136,,24.5,20.5,19,CM,0.7428,1.0428,,FALSE,2026-07-25 10:55:05.669066+00,2026-07-27 09:11:10.76092+00
b3a15c81-727c-449c-a9d3-3cd14f36fba6,2024,Clock,Gerat Elektro,,Digital Clock Geec 748A,8906176010299,799,299,,,Gsons,27,,https://yuzppjtjcfjvrjeqlygp.supabase.co/storage/v1/object/public/product-images/artical-all-8906176010299.jpg,,,,,,,,,,,CM,,,,,,,,,,,FALSE,2026-07-21 11:38:52.930662+00,2026-07-27 09:11:10.890795+00
b3b40082-9d9d-472b-b06b-4aa9d5987709,May-26,Basket,White Label,,,8904486411843,358,179,39241090,,Gsons,10,,https://yuzppjtjcfjvrjeqlygp.supabase.co/storage/v1/object/public/product-images/artical-all-8904486411843.jpg,,,,,,,,33,22,36.5,CM,,,,,,,CM,,,,FALSE,2026-07-20 04:29:33.63459+00,2026-07-27 09:11:11.019951+00
b433bce5-3ab4-4b76-b872-ecd7860aaaf3,Oct-25,Trolley,Travello,,"Trolley Bag Kt202-24"" Red",8904486406528,9000,,,,Gsons,1,,https://yuzppjtjcfjvrjeqlygp.supabase.co/storage/v1/object/public/product-images/artical-all-8904486406528.jpg,,,,,,,,49,30,75,CM,,,,,,,,,,,FALSE,2026-07-20 04:29:47.986117+00,2026-07-27 09:11:11.155915+00
b47f2216-7601-44df-90cf-a2143f94c4d8,Nov-25,Kitchen Utility,Simply Smart,HF055,Nail File Hf055,8904486407273,99,49,82142090,,RRPL,576,48,https://yuzppjtjcfjvrjeqlygp.supabase.co/storage/v1/object/public/product-images/artical-all-8904486407273.jpg,,,,,,,,60,60,40,CM,,,,,,,,,,,FALSE,2026-07-21 11:44:54.602709+00,2026-07-27 09:11:11.290804+00
b4822b4a-ee36-4f00-bfbc-d9b745b19b56,Feb-26,Basket,White Label,,Woven Pl Rectangular Fancy Basket With Handle And Gold Lace,8906176014952,299,139,,494484996,Gsons,24,,https://yuzppjtjcfjvrjeqlygp.supabase.co/storage/v1/object/public/product-images/artical-all-8906176014952.jpg,,,,,,,,32,38,24,,,,,,,,,,,,FALSE,2026-07-20 04:28:27.505645+00,2026-07-27 09:11:11.421086+00
b49c3422-1780-49c7-bb1e-c1d3fe8afc13,2024,Planters,Great Porcelo,,Ceramic Planter Ds1015,8908021726638,299,,,,Gsons,,,https://yuzppjtjcfjvrjeqlygp.supabase.co/storage/v1/object/public/product-images/artical-all-8908021726638.jpg,,,,,,,,,,,,,,,,,,,,,,FALSE,2026-07-21 11:41:05.277464+00,2026-07-27 09:11:11.54682+00
b4e5d497-6856-432e-ba18-f3e6a11b20ba,Jun-26,Clothing,White Label,,Kids Solid Tights (Cable Knit) -1Pp-9-10Y,8904486411508,249,179,61159990,,Gsons,,,,,,,,,,,,,,,,,,,,,,,,,FALSE,2026-07-25 10:55:10.341883+00,2026-07-27 09:11:11.68332+00
b5001015-87dc-4e52-9834-6bef923616bb,Jun-26,Back Packs,White Label,CH24B463,Chest Bag Ch24B463 Black,8904486413335,1799,449,42029900,,Gsons,60,,https://yuzppjtjcfjvrjeqlygp.supabase.co/storage/v1/object/public/product-images/artical-all-8904486413335.jpg,,,,,,,,,,,,,,,,,,,,,,FALSE,2026-07-20 04:30:24.057347+00,2026-07-27 09:11:11.820206+00
b51872ab-9572-4f96-9742-2a0aa4cd029b,2024,Clothing,White Label,,Cap-Ch24H301,8906176019223,399,299,65050090,,Gsons,100,10,https://yuzppjtjcfjvrjeqlygp.supabase.co/storage/v1/object/public/product-images/artical-all-8906176019223.jpg,,,,,,,,63,43,20,CM,5.7,6.5,KG,,,,,,,,FALSE,2026-07-21 11:42:22.46639+00,2026-07-27 09:11:11.953564+00
b51e8813-723c-4b33-9d22-d6b0a136d98b,Dec-25,Umbrella,LES,lt. Pink,"5 Fold - 20"" Ladies Pruse Umbrella - Lt. Pink",8904486408294,799,499,,,RRPL,60,,https://yuzppjtjcfjvrjeqlygp.supabase.co/storage/v1/object/public/product-images/artical-all-8904486408294.jpg,,,,,,,,31,20,50,CM,,17,KG,,,,,,,,FALSE,2026-07-20 04:26:22.867063+00,2026-07-27 09:11:12.083421+00
b526b092-7136-466b-999d-a4d264ef4f1d,2024,Back Packs,Gerat Elektro,,Fashion Backpack 18L Sx-11-040 Blue,8906176011258,1999,,,,Gsons,10,,https://yuzppjtjcfjvrjeqlygp.supabase.co/storage/v1/object/public/product-images/artical-all-8906176011258.jpg,,,,,,,,48,35,32,CM,,,,,,,,,,,FALSE,2026-07-21 11:39:32.638262+00,2026-07-27 09:11:12.216169+00
b5542677-76ac-46d9-8121-66649fcc33cd,Feb-26,Home Utility,White Label,RMF26036,Cork Cup Holder 2Pcs,8904486409611,159,79,45039090,,Gsons,200,,https://yuzppjtjcfjvrjeqlygp.supabase.co/storage/v1/object/public/product-images/artical-all-8904486409611.jpg,,,,,,,,50.5,40.8,37,,,,,,,,,,,,FALSE,2026-07-20 04:28:15.038977+00,2026-07-27 09:11:12.342364+00
b55c4564-107f-4f93-bfb4-3ecaa84f880a,Jul-26,LED,Gerat Elektro,GEFLW138B12D,Gert Elkt Diya Ww Led Light Geflw138B12D,8906176011500,1499,599,,494462173,Gsons,60,20,https://yuzppjtjcfjvrjeqlygp.supabase.co/storage/v1/object/public/product-images/artical-all-8906176011500.jpg,,,,,,,,,,,,,,,,,,,,,,FALSE,2026-07-20 04:30:45.757916+00,2026-07-27 09:11:12.474586+00
b5f23c63-5355-4e7c-bd91-c6da8ddd8067,Jan-26,Glass Ware,White Label,360ml,Debbie Stitch Mug 360Ml,8904486409147,999,399,69111011,,Gsons,36,,https://yuzppjtjcfjvrjeqlygp.supabase.co/storage/v1/object/public/product-images/artical-all-8904486409147.jpg,,,,,,,,40.8,31.8,45.3,CM,,,,,,,,,,,FALSE,2026-07-20 04:27:23.274793+00,2026-07-27 09:11:12.597905+00
b62f2aaf-cb9c-40cc-8bda-2e48e4c0a513,Jul-26,LED,Gerat Elektro,GEFLM138B12D,Grt Elkt Diyamlti Led Light Geflm138B12D,8906176011517,1499,599,,494462174,Gsons,60,20,https://yuzppjtjcfjvrjeqlygp.supabase.co/storage/v1/object/public/product-images/artical-all-8906176011517.jpg,,,,,,,,,,,,,,,,,,,,,,FALSE,2026-07-20 04:30:46.262209+00,2026-07-27 09:11:12.72982+00
b64aa569-18f7-42bf-9f24-3df8fe30a231,Jun-26,Clothing,Disney,,Infant  Cotton Ankle Socks- Mickey-6-12M,8904486411959,99,79,61159990,,RRPL,,,https://yuzppjtjcfjvrjeqlygp.supabase.co/storage/v1/object/public/product-images/artical-all-8904486411959.jpg,,,,,,,,,,,,,,,,,,,,,,FALSE,2026-07-25 10:55:17.795987+00,2026-07-27 09:11:12.854791+00
b656a986-343d-4376-8202-52eb48bd8f38,2024,Kitchen Utility,Gerat Cuisino,,Capsule Small Lunch Box With Plate,8908021726027,499,,,,Gsons,,,https://yuzppjtjcfjvrjeqlygp.supabase.co/storage/v1/object/public/product-images/artical-all-8908021726027.jpg,,,,,,,,,,,,,,,,,,,,,,FALSE,2026-07-21 11:41:12.277754+00,2026-07-27 09:11:12.98483+00
b790c875-9949-4243-843f-7076f7201ca1,Mar-26,Home Utility,Home One,,Suction Corner Shelf - Sm1607,8908021726546,775,499,,,RCPL,24,,https://yuzppjtjcfjvrjeqlygp.supabase.co/storage/v1/object/public/product-images/artical-all-8908021726546.jpg,,,,,,,,505,430,505,,,,,,,,,,,,FALSE,2026-07-21 11:41:23.89335+00,2026-07-27 09:11:13.109591+00
b7b1fd3a-dd41-4a34-a4d8-9add6a968e6d,Jan-26,Glass Ware,Home One,3 model,Glass Soap Dispenser,8904486408959,199,99,70133700,,RCPL,48,12,https://yuzppjtjcfjvrjeqlygp.supabase.co/storage/v1/object/public/product-images/JAN-26-24.jpg,,,,,,,,50,34,42,CM,12,11.5,KG,,,,,,,,FALSE,2026-07-20 04:27:31.671418+00,2026-07-27 09:11:13.243994+00
b8164115-6666-4949-b92d-e47e1625900c,Jan-26,Clothing,White Label,CH24H160,Cap - Ch24H160,8904486409345,399,199,65050090,,Gsons,100,10,https://yuzppjtjcfjvrjeqlygp.supabase.co/storage/v1/object/public/product-images/artical-all-8904486409345.jpg,,,,,,,,47,42,43,CM,7.4,8,KG,,,,,,,,FALSE,2026-07-20 04:27:47.808238+00,2026-07-27 09:11:13.368997+00
b8fe7971-9e74-493c-9291-97abb08ef669,2024,Back Packs,Livesmart,,Livesmart Hiking Backpack Green-Dpds20019-50 L,8906176014754,7500,3000,,,RRPL,5,5,https://yuzppjtjcfjvrjeqlygp.supabase.co/storage/v1/object/public/product-images/artical-all-8906176014754.jpg,,,,,,,,67,44,39,CM,,,,,,,,,,,FALSE,2026-07-21 11:40:33.863688+00,2026-07-27 09:11:13.505203+00
b93c3a99-cd44-4ab1-bbbe-ac6095d3fae5,Jan-25,Beauty Tool,Gerat Essentials,GESN01,Nail Clipper Gesn01,8904486402001,79,39,,,Gsons,,,https://yuzppjtjcfjvrjeqlygp.supabase.co/storage/v1/object/public/product-images/artical-all-8904486402001.jpg,,,,,,,,,,,,,,,,,,,,,,FALSE,2026-07-21 11:42:58.980242+00,2026-07-27 09:11:13.633686+00
b94a685c-fc77-424a-9339-c00af8c8c871,Jun-26,Kitchen Utility,Simply Smart,QB2026060108,Colander Basket 25Cm,8904486413717,499,249,73239990,,RRPL,100,,https://yuzppjtjcfjvrjeqlygp.supabase.co/storage/v1/object/public/product-images/artical-all-8904486413717.jpg,,,,,,,,67,53,25.5,CM,21.2,20.2,KG,,,,,,,,FALSE,2026-07-20 04:30:12.535776+00,2026-07-27 09:11:13.764492+00
b9572b52-f389-401e-b7f9-d8229d233b37,Jan-26,Glass Ware,Home One,,Ice Cream Bowl,8904132987395,149,69,70133700,,RCPL,48,12,https://yuzppjtjcfjvrjeqlygp.supabase.co/storage/v1/object/public/product-images/artical-all-8904132987395.jpg,,,,,,,,44,34,48,CM,15.1,12.8,,310,233,197,,,,,FALSE,2026-07-25 10:53:21.572383+00,2026-07-27 09:11:13.894423+00
b98ef704-947c-4178-afb1-b1e38413c375,2024,Stationery,Quickworks,,Sp06506 6.5G-6Pcs Solid Poster Paint,8906176011012,399,199,,,RCPL,96,12,https://yuzppjtjcfjvrjeqlygp.supabase.co/storage/v1/object/public/product-images/artical-all-8906176011012.jpg,,,,,,,,,,,CM,,,,,,,,,,,FALSE,2026-07-21 11:39:38.340959+00,2026-07-27 09:11:14.029632+00
b9a289d3-9dc1-4719-9d1b-d8160bb25e89,Jul-26,Glass Ware,Home One,GB199-K0704,Ho Annie Love Mug300,8909606002536,499,199,69111029,494608492,RCPL,24,12,https://yuzppjtjcfjvrjeqlygp.supabase.co/storage/v1/object/public/product-images/artical-all-8909606002536.jpg,,,,,,,,408,281,252,,,8.2,KG,393,266,92,MM,,4.1,KG,FALSE,2026-07-20 04:31:10.015378+00,2026-07-27 09:11:14.164155+00
b9a531d4-8873-4942-ad29-5afa7171a36a,Oct-25,Trolley,Travello,JHPPC023,"Trolley Bag Kt203-20"" Khaki-Brown",8904486406634,7000,,,,Gsons,1,,https://yuzppjtjcfjvrjeqlygp.supabase.co/storage/v1/object/public/product-images/artical-all-8904486406634.jpg,,,,,,,,49,30,75,CM,,,,,,,,,,,FALSE,2026-07-20 04:29:51.946931+00,2026-07-27 09:11:14.298648+00
b9de95a3-0e86-4b98-88cb-58dd1b645de8,Dec-25,Umbrella,LES,maroon,"23"" - Straight Polyester Umbrella - Maroon",8904486407808,399,249,,,RRPL,60,,https://yuzppjtjcfjvrjeqlygp.supabase.co/storage/v1/object/public/product-images/artical-all-8904486407808.jpg,,,,,,,,94,24,45,CM,,21,KG,,,,,,,,FALSE,2026-07-20 04:26:22.04814+00,2026-07-27 09:11:14.425569+00
ba102343-5156-4174-b701-d73bf097673a,Jul-26,LED,Gerat Elektro,GEFLN3D12,Shubh Deepawali Neon Light,8904486413724,3897,1299,94053000,,Gsons,12,,https://yuzppjtjcfjvrjeqlygp.supabase.co/storage/v1/object/public/product-images/artical-all-8904486413724.jpg,,,,,,,,,,,,,,,,,,,,,,FALSE,2026-07-20 04:30:47.904323+00,2026-07-27 09:11:14.556597+00
ba278f78-43cd-4631-a1fe-08fe3e237852,Jan-25,Kitchen Utility,Gerat Essentials,HK2831-6,Traceless Hook 6 Pcs Set,8904486401981,119,59,,,Gsons,,,https://yuzppjtjcfjvrjeqlygp.supabase.co/storage/v1/object/public/product-images/artical-all-8904486401981.jpg,,,,,,,,67,33,47,CM,,,,32.6,22.5,15.7,CM,,,,FALSE,2026-07-21 11:43:09.118719+00,2026-07-27 09:11:14.68006+00
ba7d4a1d-b448-488a-84af-52719a5dddb8,Apr-26,Beauty Tool,Blushlace,TZ638,Manicure Set Of 6,8904486410952,499,199,,,RRPL,144,6,https://yuzppjtjcfjvrjeqlygp.supabase.co/storage/v1/object/public/product-images/artical-all-8904486410952.jpg,,,,,,,,,,,,,,,,,,,,,,FALSE,2026-07-20 04:29:08.434631+00,2026-07-27 09:11:14.810647+00
ba7e4a8d-a567-43b3-a200-1c27a98bee31,Jan-25,Back Packs,Gerat Essentials,PZ- 11-052,Fashion Backpack 18L - Pz-11-052 Pink,8904486401752,1999,799,,494605690,Gsons,,,https://yuzppjtjcfjvrjeqlygp.supabase.co/storage/v1/object/public/product-images/artical-all-8904486401752.jpg,,,,,,,,,,,,,,,,,,,,,,FALSE,2026-07-21 11:42:47.544795+00,2026-07-27 09:11:14.997326+00
ba87c30e-496d-43e0-bbf6-935347820cfe,Jan-25,Home Utility,Ulhaas,,Ulhaas Super Absorbent 3D Mat 38X58Cm,8904132968790,99,199,,,RCPL,24,,https://yuzppjtjcfjvrjeqlygp.supabase.co/storage/v1/object/public/product-images/artical-all-8904132968790.jpg,,,,,,,,,,,,,,,,,,,,,,FALSE,2026-07-25 10:50:38.387616+00,2026-07-27 09:11:15.127433+00
bb39b7b2-9c75-42d8-ba65-bf767939689a,Nov-25,Glass Ware,White Label,AK010 700ML,Pc Bottle 700 Ml,8904486406900,399,199,39241090,,Gsons,72,24,https://yuzppjtjcfjvrjeqlygp.supabase.co/storage/v1/object/public/product-images/artical-all-8904486406900.jpg,,,,,,,,61,38,54,CM,,,,,,,,,,,FALSE,2026-07-21 11:44:40.194529+00,2026-07-27 09:11:15.252977+00
bb554b12-5ef5-419c-8b20-99eb741d5545,2024,Back Packs,Livesmart,,Klb210369 Livesmart Business Backpack 28 Litre,8908021726232,7500,,,,RRPL,10,,https://yuzppjtjcfjvrjeqlygp.supabase.co/storage/v1/object/public/product-images/artical-all-8908021726232.jpg,,,,,,,,54,42,46,CM,,,,,,,,,,,FALSE,2026-07-21 11:38:31.512944+00,2026-07-27 09:11:15.385923+00
bb6730a3-937f-4ada-8ff5-52af08396ab1,Jan-25,Cleaning,Gerat Essentials,60608,Scrub Pro Cleaning Brush,8906176019797,199,79,,,Gsons,24,,https://yuzppjtjcfjvrjeqlygp.supabase.co/storage/v1/object/public/product-images/2024-2025-460.jpg,,,,,,,,37.5,29,20,CM,,1.25,KG,,,,,,,,FALSE,2026-07-21 11:42:24.830739+00,2026-07-27 09:11:15.509606+00
bb749375-12d1-446f-ac5f-7792c543f81f,May-26,Glass Ware,White Label,2601MP211,420Ml Water Bottle,8904486411720,399,99,70134900,,Gsons,48,,https://yuzppjtjcfjvrjeqlygp.supabase.co/storage/v1/object/public/product-images/artical-all-8904486411720.jpg,,,,,,,,,,,CM,,,,,11.5,10.5,CM,,,,FALSE,2026-07-20 04:29:25.307315+00,2026-07-27 09:11:15.641803+00
bbc7bc2b-566d-45ad-8b5f-64a630a9e8d9,Jan-26,Stationery,Quickworks,5652,Qw Two Hole Punch 8Cm 8 Sheet Asrtd 5652,8904132987883,199,99,84729099,494759388,RCPL,120,12,https://yuzppjtjcfjvrjeqlygp.supabase.co/storage/v1/object/public/product-images/artical-all-8904132987883.jpg,,,,,,,,500,245,230,MM,15.09,14.9,KG,235,110,108,MM,1.35,1.5,KG,FALSE,2026-07-20 04:28:01.582199+00,2026-07-27 09:11:15.772528+00
bbcb6652-ff16-4087-b368-0c12dc70a0c3,Dec-25,Stationery,Quickworks,,Calculator Pencil Box,8904486408447,599,299,,,RCPL,24,12,https://yuzppjtjcfjvrjeqlygp.supabase.co/storage/v1/object/public/product-images/artical-all-8904486408447.jpg,,,,,,,,,,,,,,,,,,,,,,FALSE,2026-07-20 04:26:49.077689+00,2026-07-27 09:11:15.909047+00
bbf219cd-6db8-40ad-b41d-ff26129c9b56,2024,Back Packs,Livesmart,,Klm231212 Livesmart Totebag 25L,8908021726935,1499,599,,,RRPL,50,,https://yuzppjtjcfjvrjeqlygp.supabase.co/storage/v1/object/public/product-images/artical-all-8908021726935.jpg,,,,,,,,55,55,35,CM,,,,,,,,,,,FALSE,2026-07-21 11:38:59.592376+00,2026-07-27 09:11:16.038152+00
bbf27790-6299-446c-a412-eabab455e477,Dec-25,Umbrella,LES,green,"Poe - 23"" Straight Umbrella - Green",8904486407556,399,249,,,RRPL,60,,https://yuzppjtjcfjvrjeqlygp.supabase.co/storage/v1/object/public/product-images/DEC-25-54.jpg,,,,,,,,87,17,53,CM,,15,KG,,,,,,,,FALSE,2026-07-20 04:26:11.994274+00,2026-07-27 09:11:16.170927+00
bc546812-aac7-4595-bd3b-48d5ec256ecf,2024,Stationery,Quickworks,,Pocket Stapler Set Black,8906176018240,150,110,,,RCPL,144,24,https://yuzppjtjcfjvrjeqlygp.supabase.co/storage/v1/object/public/product-images/artical-all-8906176018240.jpg,,,,,,,,44,31.3,30,CM,9,11,KG,44,10.43,15,CM,1.833333333,,,FALSE,2026-07-21 11:42:14.005699+00,2026-07-27 09:11:16.299797+00
bc8292f7-527a-4f5f-b66f-f7ccae704d80,Jan-25,Back Packs,Gerat Essentials,A3-06-009,Fashions Backpack A3-06-009 Grey+Brown,8904486401615,1999,799,,494759492,Gsons,,,,,,,,,,,,,,,,,,,,,,,,,FALSE,2026-07-21 11:42:40.95508+00,2026-07-27 09:11:16.435284+00
bcf89056-92b3-4c63-88ea-67d7f02ea3ca,Jun-26,Back Packs,White Label,FL806,Fashion Backpack- Fl806 -Grey,8904486413564,4999,999,,,Gsons,12,6,https://yuzppjtjcfjvrjeqlygp.supabase.co/storage/v1/object/public/product-images/artical-all-8904486413564.jpg,,,,,,,,,,,,,,,,,,,,,,FALSE,2026-07-20 04:30:37.053119+00,2026-07-27 09:11:16.562333+00
bd0e4eeb-60d0-44a3-a22c-1f9793977cc0,Feb-26,Home Utility,White Label,RMF26401,Turntable Tray,8904486409635,1199,599,73239490,,Gsons,28,,https://yuzppjtjcfjvrjeqlygp.supabase.co/storage/v1/object/public/product-images/artical-all-8904486409635.jpg,,,,,,,,520,520,380,MM,15.56,15.7,KG,,,,,,,,FALSE,2026-07-20 04:28:16.780108+00,2026-07-27 09:11:16.701553+00
bd5c12b5-02ec-4376-b77a-90eb28d5fef5,Dec-25,Umbrella,LES,lt. blue,"5 Fold - 20"" Ladies Pruse Umbrella - Lt. Blue",8904486407822,799,499,,,RRPL,60,,https://yuzppjtjcfjvrjeqlygp.supabase.co/storage/v1/object/public/product-images/artical-all-8904486407822.jpg,,,,,,,,31,20,50,CM,,17,KG,,,,,,,,FALSE,2026-07-20 04:26:23.283805+00,2026-07-27 09:11:16.838425+00
bd8019b2-5ec4-4878-a928-24f4a1e86281,Jan-25,Back Packs,Gerat Essentials,AJ-6-97,Fashions Backpack Aj-6-97 Lavender,8904486401585,1999,799,,,Gsons,,,https://yuzppjtjcfjvrjeqlygp.supabase.co/storage/v1/object/public/product-images/artical-all-8904486401585.jpg,,,,,,,,,,,,,,,,,,,,,,FALSE,2026-07-21 11:42:39.863922+00,2026-07-27 09:11:16.968288+00
bd9fc070-3be1-4d9e-85c6-7d978df530b2,2024,Back Packs,White Label,CH24B434,Crossbody Bag Ch24B434 Yellow,8906176018035,599,299,,,Gsons,100,,https://yuzppjtjcfjvrjeqlygp.supabase.co/storage/v1/object/public/product-images/artical-all-8906176018035.jpg,,,,,,,,65,34,40,CM,,,,,,,,,,,FALSE,2026-07-21 11:41:37.534281+00,2026-07-27 09:11:17.093603+00
bdb8d07f-7eb4-43cb-a811-f79314d0f536,Jul-26,Glass Ware,Home One,B436-SU3775,Ho Annie Wc Mug 370,8909606002581,699,249,69111029,494608497,RCPL,24,12,https://yuzppjtjcfjvrjeqlygp.supabase.co/storage/v1/object/public/product-images/artical-all-8909606002581.jpg,,,,,,,,432,294,274,,,8.3,KG,417,279,98,MM,,4.15,KG,FALSE,2026-07-20 04:31:12.339653+00,2026-07-27 09:11:17.224155+00
bdde4d5c-f05c-4bda-a064-e705043b258d,Dec-25,Umbrella,LES,blue,"3 Fold 23"" Umbrella-Bh3810A -Blue",8904486407853,699,499,,,RRPL,48,,https://yuzppjtjcfjvrjeqlygp.supabase.co/storage/v1/object/public/product-images/artical-all-8904486407853.jpg,,,,,,,,36,36,44.5,CM,,22.3,KG,,,,,,,,FALSE,2026-07-20 04:26:24.855185+00,2026-07-27 09:11:17.348759+00
be590f8d-77d5-4627-a489-64ff7c4e0aa8,Jul-25,Cleaning,My Home,,Glass Cleanig Cloth 30Cm X 30 Cm,8904132969667,199,99,63079019,,RCPL,100,,https://yuzppjtjcfjvrjeqlygp.supabase.co/storage/v1/object/public/product-images/artical-all-8904132969667.jpg,,,,,,,,35,35,32,CM,5,5,,,,,,,,,FALSE,2026-07-25 10:50:50.961824+00,2026-07-27 09:11:17.486226+00
be5eb0ff-7c5e-4216-aaf1-fff6c1eb62e1,Mar-26,Glass Ware,Disney,STITCH,Disney Stitch Kids Mug 350Ml,8904486409727,399,129,69111011,,RRPL,48,,https://yuzppjtjcfjvrjeqlygp.supabase.co/storage/v1/object/public/product-images/artical-all-8904486409727.jpg,,,,,,,,,,,,,,,,,,,,,,FALSE,2026-07-20 04:28:36.693675+00,2026-07-27 09:11:17.611757+00
beca9472-ad08-4ec0-b610-a7f1c908aeff,Dec-25,Glass Ware,Home One,,Ho Annie New White Stackable Mug 300Ml,8904132984134,399,199,69111011,494590341,RCPL,36,,,,,,,,,,476,288,290,MM,,12.7,,,,,,,,,FALSE,2026-07-25 10:53:08.540025+00,2026-07-27 09:11:17.744298+00
becbeceb-af23-4c4a-ba22-5cf752d79241,Jun-26,Clothing,Ulhaas,Label,Ulhaas Coral Fleece Jacq Bt 70X140Cm Ast,8904132994188,359,179,,,RCPL,60,12,https://yuzppjtjcfjvrjeqlygp.supabase.co/storage/v1/object/public/product-images/artical-all-8904132994188.jpg,,,,,,,,,,,,,,,,,,,,,,FALSE,2026-07-20 04:30:13.648502+00,2026-07-27 09:11:17.867614+00
bedd9987-f437-4823-b415-dca2a4bb1e5f,2024,LED,Gerat Elektro,,Glowbie - Snowman Gefln2D6,8906176011609,599,299,,,Gsons,100,,https://yuzppjtjcfjvrjeqlygp.supabase.co/storage/v1/object/public/product-images/artical-all-8906176011609.jpg,,,,,,,,52,49.5,62,CM,,,,10,9.5,15,,,,,FALSE,2026-07-21 11:39:58.937214+00,2026-07-27 09:11:18.001914+00
bee2b845-acbe-4149-a859-4367bdf4372b,Jan-25,Stationery,Quickworks,,Qw Zipper Pouch,8904486400182,199,99,,494483953,RCPL,42,,https://yuzppjtjcfjvrjeqlygp.supabase.co/storage/v1/object/public/product-images/artical-all-8904486400182.jpg,,,,,,,,,,,,,,,,,,,,,,FALSE,2026-07-21 11:43:29.834282+00,2026-07-27 09:11:18.135988+00
bee78f0c-ed6f-4b12-b642-4921af1fe7f7,Jan-25,Beauty Tool,Gerat Essentials,GESS01,Beauty Sissors Gess01,8904486404357,79,39,,,Gsons,,,https://yuzppjtjcfjvrjeqlygp.supabase.co/storage/v1/object/public/product-images/artical-all-8904486404357.jpg,,,,,,,,,,,,,,,,,,,,,,FALSE,2026-07-21 11:42:56.375203+00,2026-07-27 09:11:18.273639+00
beedfb2e-12af-490d-8bd8-371a0468693a,2024,Planters,Great Porcelo,,Ceramic Planter Jt248 Set Of 3 Pcs,8908021726737,1499,,,,Gsons,,,https://yuzppjtjcfjvrjeqlygp.supabase.co/storage/v1/object/public/product-images/artical-all-8908021726737.jpg,,,,,,,,,,,,,,,,,,,,,,FALSE,2026-07-21 11:41:08.54168+00,2026-07-27 09:11:18.400336+00
bf28cc8e-c5cc-41a2-bc7b-663cabec9c56,2024,Kitchen Utility,LES,,Les Ladies Sling Cross Body D7005 Black,8906176018721,1499,699,,,RRPL,30,,https://yuzppjtjcfjvrjeqlygp.supabase.co/storage/v1/object/public/product-images/artical-all-8906176018721.jpg,,,,,,,,500,380,420,MM,8.7,9.7,KG,,,,,,,,FALSE,2026-07-21 11:42:08.750183+00,2026-07-27 09:11:18.533574+00
bf2b20dc-913e-4eac-a38d-e2ff5a90c408,2024,Clock,Gerat Elektro,,Wall Clock - D3070-03-10,8906176010107,999,499,,,Gsons,,,https://yuzppjtjcfjvrjeqlygp.supabase.co/storage/v1/object/public/product-images/artical-all-8906176010107.jpg,,,,,,,,,,,,,,,,,,,,,,FALSE,2026-07-21 11:41:30.317663+00,2026-07-27 09:11:18.678135+00
bf36374a-3efc-41b2-ac98-e54434162612,Apr-26,Locks,Gerat Cuisino,,Pad Lock Pack Of 2,8904486411041,499,149,,,Gsons,,,https://yuzppjtjcfjvrjeqlygp.supabase.co/storage/v1/object/public/product-images/artical-all-8904486411041.jpg,,,,,,,,,,,,,,,,,,,,,,FALSE,2026-07-20 04:29:16.398378+00,2026-07-27 09:11:18.818751+00
bf365c2c-ccb2-4bb0-85d5-20b3221a8500,Nov-25,Back Packs,White Label,YS2205,Fashion Backpack Ys2205 - Pink,8904486407143,1999,999,42029900,,Gsons,10,,https://yuzppjtjcfjvrjeqlygp.supabase.co/storage/v1/object/public/product-images/artical-all-8904486407143.jpg,,,,,,,,45,38,42,CM,,6.5,KG,,,,,,,,FALSE,2026-07-21 11:44:49.402845+00,2026-07-27 09:11:18.946009+00
bf4ddaee-fcd5-4c2a-afee-ec006442d41b,Dec-25,Back Packs,Livesmart,,Backpack Grey(Body) - Dp23-L025,8904486408584,,,,,RRPL,10,,https://yuzppjtjcfjvrjeqlygp.supabase.co/storage/v1/object/public/product-images/artical-all-8904486408584.jpg,,,,,,,,,,,,,,,,,,,,,,FALSE,2026-07-20 04:26:57.741221+00,2026-07-27 09:11:19.080328+00
bf9ce457-18e6-40fe-bbbf-5063069bf6ce,2024,Glass Ware,Home One,,Glass Tea Infuser With 2 Cups,8904132977563,1599,699,,,RCPL,6,0,https://yuzppjtjcfjvrjeqlygp.supabase.co/storage/v1/object/public/product-images/artical-all-8904132977563.jpg,,,,,,,,66.5,24,33,CM,,,,22.5,21.5,15.5,,,,,FALSE,2026-07-21 11:40:04.01858+00,2026-07-27 09:11:19.204584+00
bfa4f6b8-957a-452a-99a9-fe8b6f4548be,Oct-25,Trolley,Travello,,"Trolley Bag Kt203-24"" Purple-Grey Blue",8904486406672,9000,,,,Gsons,1,,https://yuzppjtjcfjvrjeqlygp.supabase.co/storage/v1/object/public/product-images/artical-all-8904486406672.jpg,,,,,,,,49,30,75,CM,,,,,,,,,,,FALSE,2026-07-20 04:29:53.282381+00,2026-07-27 09:11:19.339275+00
bfd10aec-6440-4353-811b-254a31bfd7d8,Jun-26,Back Packs,White Label,A3-06-009,Fashion Backpack  A3-06-009 Green+Brown,8904486413465,3999,799,,494605702,Gsons,12,6,https://yuzppjtjcfjvrjeqlygp.supabase.co/storage/v1/object/public/product-images/artical-all-8904486413465.jpg,,,,,,,,,,,,,,,,,,,,,,FALSE,2026-07-20 04:30:31.388085+00,2026-07-27 09:11:19.462717+00
bfdc0efb-a245-4a49-9ba1-859c18eef248,Jul-25,Home Utility,Happy Living,RHAN25053003,Multi Purpose Organizer,8904132968660,299,149,42022990,,RCPL,48,24,https://yuzppjtjcfjvrjeqlygp.supabase.co/storage/v1/object/public/product-images/artical-all-8904132968660.jpg,,,,,,,,33,28,53,CM,7.1,6.6,KG,30,18,53,CM,,6.24,KG,FALSE,2026-07-20 04:28:58.816912+00,2026-07-27 09:11:19.594671+00
bff52972-b0ce-405e-a8d0-2f7e764ab913,Mar-26,Home Utility,Home One,SM-1217,Plastic Hook So2,8904132907584,169,79,,,RCPL,144,24,https://yuzppjtjcfjvrjeqlygp.supabase.co/storage/v1/object/public/product-images/artical-all-8904132907584.jpg,,,,,,,,40,36,54,CM,,,,,,,,,,,FALSE,2026-07-20 04:28:39.645936+00,2026-07-27 09:11:19.721765+00
c0177931-34b7-4e30-b0e2-1813177d5088,Dec-25,Glass Ware,Home One,,Ho Annie New Artist Mug 340Ml,8904132984110,299,149,69111011,494590339,RCPL,36,,,,,,,,,,393,313,463,MM,,14.5,,,,,,,,,FALSE,2026-07-25 10:53:08.241392+00,2026-07-27 09:11:19.853429+00
c02d519f-b53f-42b2-b5d9-2b5050d1b2f8,Mar-26,Home Utility,Home One,SM-1523,Plastic Hook So7,8904132908840,279,129,,,RCPL,144,24,https://yuzppjtjcfjvrjeqlygp.supabase.co/storage/v1/object/public/product-images/artical-all-8904132908840.jpg,,,,,,,,46.5,45,48,CM,,,,,,,,,,,FALSE,2026-07-20 04:28:42.961289+00,2026-07-27 09:11:19.978729+00
c02e8363-d8d9-45e2-a317-3078b2078b4c,Jan-25,Kitchen Utility,Home One,HK3200,Traceless Hook 2 Pcs Set,8904132955288,129,59,,,RCPL,,,https://yuzppjtjcfjvrjeqlygp.supabase.co/storage/v1/object/public/product-images/artical-all-8904132955288.jpg,,,,,,,,47,58,24,CM,,,KG,22.5,28,10.8,CM,,,KG,FALSE,2026-07-20 04:28:12.523704+00,2026-07-27 09:11:20.110768+00
c044de3b-c207-419f-a172-6d6ca9d30cfe,Jul-26,Cleaning,My Home,,My Home Micro Jacq Kt Roll 10 Pull,8909606000860,119,99,,494608210,RCPL,24,,https://yuzppjtjcfjvrjeqlygp.supabase.co/storage/v1/object/public/product-images/artical-all-8909606000860.jpg,,,,,,,,,,,,,,,,,,,,,,FALSE,2026-07-20 04:30:55.678761+00,2026-07-27 09:11:20.246454+00
c04a7b3e-305b-4cae-9e16-32f6b7fee50e,Dec-25,Glass Ware,Home One,,Ho Annie New 2Tone Mug With Print 380Ml,8904132984202,399,199,69111011,494590348,RCPL,36,,,,,,,,,,429,307,392,MM,,16.8,,,,,,,,,FALSE,2026-07-25 10:53:09.641341+00,2026-07-27 09:11:20.379889+00
c08f2ec6-cabe-44c2-b0da-8faebc2c1217,Jan-26,Clothing,White Label,CHQ24H109,Cap - Chq24H109 - Brown,8904486409192,599,299,65050090,,Gsons,100,10,https://yuzppjtjcfjvrjeqlygp.supabase.co/storage/v1/object/public/product-images/artical-all-8904486409192.jpg,,,,,,,,50,42,42,CM,8.6,9.2,KG,,,,,,,,FALSE,2026-07-20 04:27:40.857464+00,2026-07-27 09:11:20.507106+00
c0af34c7-b927-439d-aeb8-69cd0bca7f0c,Jun-26,Clothing,White Label,,Infant Design Tights (With Foot)- 1Pp-12-18M,8904486411645,249,179,61159990,,Gsons,,,,,,,,,,,,,,,,,,,,,,,,,FALSE,2026-07-25 10:55:13.308339+00,2026-07-27 09:11:20.637785+00
c0fc7f06-cd9d-4608-9a39-7f45b6b48fda,Jan-25,Back Packs,Gerat Essentials,AJ-3-002,Fashions Backpack Aj-3-002 Green,8904486401622,1999,799,,494759493,Gsons,,,https://yuzppjtjcfjvrjeqlygp.supabase.co/storage/v1/object/public/product-images/artical-all-8904486401622.jpg,,,,,,,,,,,,,,,,,,,,,,FALSE,2026-07-21 11:42:41.500999+00,2026-07-27 09:11:20.764126+00
c14ced3d-ca3c-49e8-9b19-74870f768e3e,2024,Wallets,LES,,Les Ladies Wallet Y9044 Red,8906176018509,999,499,,,RRPL,60,,https://yuzppjtjcfjvrjeqlygp.supabase.co/storage/v1/object/public/product-images/artical-all-8906176018509.jpg,,,,,,,,420,340,410,MM,13,14,KG,,,,,,,,FALSE,2026-07-21 11:41:56.492082+00,2026-07-27 09:11:20.901355+00
c14e8b11-3640-4d2a-a992-74b9797e0437,Dec-25,Back Packs,Livesmart,,Backpack Green - Dp25-Y007,8904486408546,3999,1699,,,RRPL,10,,https://yuzppjtjcfjvrjeqlygp.supabase.co/storage/v1/object/public/product-images/artical-all-8904486408546.jpg,,,,,,,,,,,,,,,,,,,,,,FALSE,2026-07-20 04:26:55.987296+00,2026-07-27 09:11:21.028284+00
c15430c0-1a9c-49f5-b11c-2e650d86aca9,Jan-25,Kitchen Utility,Gerat Essentials,4 Side,4 Side Slicer Grater,8904486402100,199,99,,,Gsons,72,12,https://yuzppjtjcfjvrjeqlygp.supabase.co/storage/v1/object/public/product-images/2024-2025-520.jpg,,,,,,,,475,190,430,,,,,465,180,650,,,,,FALSE,2026-07-21 11:42:52.721316+00,2026-07-27 09:11:21.163604+00
c190349f-b0e1-4c37-bbc2-d327bd635850,2024,Back Packs,LES,,Foldable Backpack Red,8906176016963,999,449,,,RRPL,100,1,https://yuzppjtjcfjvrjeqlygp.supabase.co/storage/v1/object/public/product-images/artical-all-8906176016963.jpg,,,,,,,,67,45,41,CM,,,,,,,,,,,FALSE,2026-07-21 11:40:23.053676+00,2026-07-27 09:11:21.286191+00
c1a45960-412d-4946-ac4c-a26f23384c9b,Apr-26,Locks,Gerat Cuisino,,Pad Lock Gs054,8906176014860,249,99,,,Gsons,72,12,https://yuzppjtjcfjvrjeqlygp.supabase.co/storage/v1/object/public/product-images/artical-all-8906176014860.jpg,,,,,,,,365,275,300,MM,20.8,19.8,KG,260,115,140,MM,3.3,3.23,KG,FALSE,2026-07-20 04:26:04.053489+00,2026-07-27 09:11:21.415164+00
c1a5f983-79bf-476a-b374-1da70c2829af,Jan-26,Clothing,White Label,CHQ24H117,Cap  -Chq24H117 - Mediem,8904486409420,799,399,,,Gsons,100,10,https://yuzppjtjcfjvrjeqlygp.supabase.co/storage/v1/object/public/product-images/artical-all-8904486409420.jpg,,,,,,,,51,42,52,CM,11.6,12.6,KG,,,,,,,,FALSE,2026-07-20 04:27:38.631222+00,2026-07-27 09:11:21.5415+00
c1e643b5-769a-44da-aee5-5340c6d253a2,Feb-26,Clock,Gerat Elektro,GE-748DC,Digital Clock - Ge-748Dc -White,8904486409543,799,299,,,Gsons,24,8,https://yuzppjtjcfjvrjeqlygp.supabase.co/storage/v1/object/public/product-images/artical-all-8904486409543.jpg,,,,,,,,,,,,,,,,,,,,,,FALSE,2026-07-20 04:28:06.290803+00,2026-07-27 09:11:21.671957+00
c1f1a518-b397-4ec1-8526-a8074a83879e,Sep-25,Kitchen Utility,White Label,W3978A,Cutlery Holder - W3978A,8904486406313,599,299,73239990,,Gsons,24,0,https://yuzppjtjcfjvrjeqlygp.supabase.co/storage/v1/object/public/product-images/artical-all-8904486406313.jpg,,,,,,,,49,37.5,25,,6.7,5.6,KG,,,,,,,,FALSE,2026-07-21 11:44:19.352654+00,2026-07-27 09:11:21.797529+00
c2163d64-ee5e-4e0f-9a25-3106f9166410,Mar-26,Home Utility,Home One,,Suction Rectangle Shelf - Sm1608,8908021726553,775,499,,,RCPL,24,,https://yuzppjtjcfjvrjeqlygp.supabase.co/storage/v1/object/public/product-images/artical-all-8908021726553.jpg,,,,,,,,520,300,650,,,,,,,,,,,,FALSE,2026-07-21 11:41:24.250027+00,2026-07-27 09:11:21.932135+00
c23d2abb-75ce-494b-974e-81783264d43f,Nov-25,Back Packs,White Label,YH5504,Fashion Backpack Yh5504 - Pink,8904486407112,1799,899,42029900,,Gsons,10,,https://yuzppjtjcfjvrjeqlygp.supabase.co/storage/v1/object/public/product-images/artical-all-8904486407112.jpg,,,,,,,,45,35,38,CM,,4.8,KG,,,,,,,,FALSE,2026-07-21 11:44:48.013318+00,2026-07-27 09:11:22.06091+00
c25190f3-df9d-49df-821e-70fff3d2c37b,Jan-25,Umbrella,Gerat Essentials,"21"" - 8 Ribs",53 Cm-Pongee Auto Open /Close 3 Fold Umbrella-Black,8906176019544,1399,,,,Gsons,,,https://yuzppjtjcfjvrjeqlygp.supabase.co/storage/v1/object/public/product-images/artical-all-8906176019544.jpg,,,,,,,,,,,,,,,,,,,,,,FALSE,2026-07-21 11:42:33.452938+00,2026-07-27 09:11:22.235697+00
c25465bc-151f-4489-ab37-d4e85a24b672,Nov-25,Back Packs,White Label,YS2201,Fashion Backpack Ys2201 - Black,8904486407136,1999,999,42029900,,Gsons,10,,https://yuzppjtjcfjvrjeqlygp.supabase.co/storage/v1/object/public/product-images/artical-all-8904486407136.jpg,,,,,,,,45,38,42,CM,,6.8,KG,,,,,,,,FALSE,2026-07-21 11:44:48.875162+00,2026-07-27 09:11:22.362275+00
c261aee1-2a8d-4439-bbe3-58abe0a8703f,2024,Tools,Gerat Elektro,,Combination Plier 203Mm- Gep-01,8906176011395,299,179,,,Gsons,60,6,https://yuzppjtjcfjvrjeqlygp.supabase.co/storage/v1/object/public/product-images/artical-all-8906176011395.jpg,,,,,,,,52,28,29,CM,,,,28,22,12,,,,,FALSE,2026-07-21 11:39:52.252332+00,2026-07-27 09:11:22.495507+00
c263bb5b-5788-4825-9a63-705e2e4b40cc,Jan-26,Glass Ware,White Label,450ml,Debbie Teddy Archie Mug 450Ml,8904486409130,999,399,69111011,,Gsons,36,,https://yuzppjtjcfjvrjeqlygp.supabase.co/storage/v1/object/public/product-images/artical-all-8904486409130.jpg,,,,,,,,59.4,34.9,32,CM,,,,,,,,,,,FALSE,2026-07-20 04:27:22.252805+00,2026-07-27 09:11:22.627694+00
c2816581-5f9f-4a15-b211-d1e4737067b3,Jan-26,Clothing,White Label,CHQ24H117,Cap  -Chq24H117 - Dark,8904486409437,799,399,,,Gsons,100,10,https://yuzppjtjcfjvrjeqlygp.supabase.co/storage/v1/object/public/product-images/artical-all-8904486409437.jpg,,,,,,,,51,42,52,CM,11.6,12.6,KG,,,,,,,,FALSE,2026-07-20 04:27:39.151818+00,2026-07-27 09:11:22.763814+00
c29484c1-5bce-4548-a076-b5a3885a19ec,2024,Trolley,Livesmart,,Les Magicase Trolley Bag 20L,8906176014785,10999,4999,,,RRPL,2,1,https://yuzppjtjcfjvrjeqlygp.supabase.co/storage/v1/object/public/product-images/artical-all-8906176014785.jpg,,,,,,,,,,,CM,,,,,,,,,,,FALSE,2026-07-21 11:40:06.235249+00,2026-07-27 09:11:22.891016+00
c2b2346c-c240-489b-b6f0-ce0aafa0ea4c,Jun-26,Clothing,Disney,,Kids Solid Tights -1Pp- Mickey-3-4Y,8904486412079,249,179,61159990,,RRPL,,,,,,,,,,,,,,,,,,,,,,,,,FALSE,2026-07-25 10:55:20.058829+00,2026-07-27 09:11:23.023171+00
c2c9878c-fdc4-4e71-880f-80eabe731e3a,2024,Back Packs,Livesmart,,Lys220812 Livesmart Large Backpack 35 Litre,8908021726317,9000,,,,RRPL,10,,https://yuzppjtjcfjvrjeqlygp.supabase.co/storage/v1/object/public/product-images/artical-all-8908021726317.jpg,,,,,,,,56,34,60,CM,,,,,,,,,,,FALSE,2026-07-21 11:38:37.616281+00,2026-07-27 09:11:23.148256+00
c3717cd6-a972-400b-803f-c327f6962438,May-26,Kitchen Utility,Home One,XL056-20#,Ss Deep Jara With Pp Handle 20Cm,8904132992320,349,229,,,RCPL,120,8,https://yuzppjtjcfjvrjeqlygp.supabase.co/storage/v1/object/public/product-images/artical-all-8904132992320.jpg,,,,,,,,50,46,32,CM,16.8,18.64,KG,42,7,21,CM,1.12,1.38,KG,FALSE,2026-07-20 04:29:24.061279+00,2026-07-27 09:11:23.282298+00
c379f18b-5f54-47f4-a61f-bd5db36e4d95,Jan-25,Kitchen Utility,Gerat Essentials,JX171,3 In 1 Multifunction Peeler,8904486401905,199,89,,,Gsons,144,12,https://yuzppjtjcfjvrjeqlygp.supabase.co/storage/v1/object/public/product-images/2024-2025-544.jpg,,,,,,,,55.5,47.5,28,CM,,,,22.5,20,13,CM,,,,FALSE,2026-07-21 11:43:05.585835+00,2026-07-27 09:11:23.409768+00
c393b3c3-1cc7-4b80-9f3b-6d16a039b493,Sep-25,Stationery,White Label,802,Mesh Pen Holder - Black,8904486404777,99,49,,,Gsons,96,12,https://yuzppjtjcfjvrjeqlygp.supabase.co/storage/v1/object/public/product-images/artical-all-8904486404777.jpg,,,,,,,,55.5,38,43,,6.6,,KG,,,,,,,,FALSE,2026-07-20 04:29:13.653844+00,2026-07-27 09:11:23.54794+00
c3b5e7aa-b554-4f97-9a17-f15a1f8f8480,Jul-26,Headphone,Euzu,BT56,Real 360,8908020474301,4999,,,,Unlimitive,,,https://yuzppjtjcfjvrjeqlygp.supabase.co/storage/v1/object/public/product-images/artical-all-8908020474301.jpg,,,,,,,,,,,,,,,,,,,,,,FALSE,2026-07-20 04:30:41.840016+00,2026-07-27 09:11:23.674632+00
c3cab852-3e23-4825-9ea9-3bf1342ceb8a,May-26,Planters,White Label,RMF26218,1.5L Planter,8904486411782,499,249,39269099,,Gsons,48,4,https://yuzppjtjcfjvrjeqlygp.supabase.co/storage/v1/object/public/product-images/artical-all-8904486411782.jpg,,,,,,,,48,33,42,CM,,,,,,,CM,,,,FALSE,2026-07-20 04:29:28.404076+00,2026-07-27 09:11:23.804676+00
c3cfde9b-1689-4e2b-a714-51f579420d77,Sep-25,Home Utility,White Label,WR4422 34+40CM,Tea Table Set 2 - Wr4422,8904486406252,3999,1999,94031010,,Gsons,1,0,https://yuzppjtjcfjvrjeqlygp.supabase.co/storage/v1/object/public/product-images/artical-all-8904486406252.jpg,,,,,,,,47.5,42,9.5,CM,3.55,4.35,KG,,,,,,,,FALSE,2026-07-21 11:44:16.29611+00,2026-07-27 09:11:23.929507+00
c3e6380f-1180-4342-8404-e50b89360be6,Jan-26,Glass Ware,White Label,460ml,Debbie Kids Mug 460Ml,8904486409079,999,399,69111011,,Gsons,24,,https://yuzppjtjcfjvrjeqlygp.supabase.co/storage/v1/object/public/product-images/artical-all-8904486409079.jpg,,,,,,,,45.1,24.8,46.3,CM,,,,,,,,,,,FALSE,2026-07-20 04:27:17.847979+00,2026-07-27 09:11:24.068916+00
c3fe6be8-5890-4b4d-b66c-c2c5b5d9788a,Jan-25,Back Packs,Gerat Essentials,A3-06-009,Fashions Backpack A3-06-009 Green+Brown,8904486401608,1999,799,,,Gsons,,,https://yuzppjtjcfjvrjeqlygp.supabase.co/storage/v1/object/public/product-images/artical-all-8904486401608.jpg,,,,,,,,,,,,,,,,,,,,,,FALSE,2026-07-21 11:42:40.680669+00,2026-07-27 09:11:24.203917+00
c42df90b-bb31-4533-b3a7-fcb165cb38c7,Nov-25,Back Packs,White Label,FS1346,Fashion Backpack Fs1346 - Purple,8904486407204,1599,799,42029900,,Gsons,10,,https://yuzppjtjcfjvrjeqlygp.supabase.co/storage/v1/object/public/product-images/artical-all-8904486407204.jpg,,,,,,,,45,38,42,CM,,4.6,KG,,,,,,,,FALSE,2026-07-21 11:44:51.88564+00,2026-07-27 09:11:24.344385+00
c4abed9a-127e-4f89-9916-53c977c5d39d,2024,Stationery,Quickworks,,Ep02010 10Ml-2Pcs Epoxy Resin,8906176011197,399,149,,,RCPL,,,https://yuzppjtjcfjvrjeqlygp.supabase.co/storage/v1/object/public/product-images/artical-all-8906176011197.jpg,,,,,,,,,,,CM,,,,,,,,,,,FALSE,2026-07-21 11:39:49.090679+00,2026-07-27 09:11:24.477116+00
c4b1b672-a8cd-4211-a907-d1cfcde0184b,2024,Back Packs,Livesmart,,Livesmart Expander Backpack 40L Black,8906176015843,7500,,,,RRPL,10,1,https://yuzppjtjcfjvrjeqlygp.supabase.co/storage/v1/object/public/product-images/artical-all-8906176015843.jpg,,,,,,,,49,35,62,CM,,,,,,,,,,,FALSE,2026-07-21 11:40:06.806782+00,2026-07-27 09:11:24.613932+00
c4d6ab68-9f78-4cc4-be39-8531b70c3cdc,Jul-25,Kitchen Utility,My Home,,My Home Non Woven Roll 23X21Cm Assort,8904132975934,199,99,,494589978,RCPL,,12,https://yuzppjtjcfjvrjeqlygp.supabase.co/storage/v1/object/public/product-images/artical-all-8904132975934.jpg,,,,,,,,,,,,,,,,,,,,,,FALSE,2026-07-20 04:28:32.909774+00,2026-07-27 09:11:24.753971+00
c515c115-09e5-46c5-8ef6-662ea18fdd52,2024,Stationery,Gerat Cuisino,,Paper Doyleys Round  7.5” White Colour,8906176016901,99,49,,,Gsons,200,50,https://yuzppjtjcfjvrjeqlygp.supabase.co/storage/v1/object/public/product-images/artical-all-8906176016901.jpg,,,,,,,,39.5,39.5,25,CM,,,,14,,,,,,,FALSE,2026-07-21 11:40:19.168324+00,2026-07-27 09:11:24.904454+00
c5436601-f327-4b8e-a24e-6702bc0a32a3,Dec-25,Umbrella,LES,brown,"23"" - Straight Polyester Umbrella - Brown",8904486407778,399,249,,,RRPL,60,,https://yuzppjtjcfjvrjeqlygp.supabase.co/storage/v1/object/public/product-images/artical-all-8904486407778.jpg,,,,,,,,94,24,45,CM,,21,KG,,,,,,,,FALSE,2026-07-20 04:26:20.7422+00,2026-07-27 09:11:25.038756+00
c5b49910-8d90-4198-b112-8d7d3dec9071,2024,Wallets,LES,,Les Ladies Wallet Y9044-1 Brown,8906176018523,999,499,,,RRPL,150,,https://yuzppjtjcfjvrjeqlygp.supabase.co/storage/v1/object/public/product-images/artical-all-8906176018523.jpg,,,,,,,,500,380,420,MM,19,20,KG,,,,,,,,FALSE,2026-07-21 11:41:57.550539+00,2026-07-27 09:11:25.174351+00
c5c59745-8e6f-437a-a94b-53eea0fc7bc2,Nov-25,Home Utility,White Label,SX-222,450Ml Sprayer,8904486404869,98,49,,,Gsons,96,24,https://yuzppjtjcfjvrjeqlygp.supabase.co/storage/v1/object/public/product-images/artical-all-8904486404869.jpg,,,,,,,,730,570,300,MM,7.7,5.3,KG,355,275,280,MM,1.7,1.34,KG,FALSE,2026-07-20 04:28:09.777412+00,2026-07-27 09:11:25.304554+00
c5fd8a25-0bb9-4a72-bad1-4c043e0f13b6,2024,Back Packs,LES,RH2225,Les  Multipurpose Travel Pouch Bag Rh2225 - Sky Blue,8906176016802,499,249,,,RRPL,100,,https://yuzppjtjcfjvrjeqlygp.supabase.co/storage/v1/object/public/product-images/artical-all-8906176016802.jpg,,,,,,,,22.5,8,16,CM,,,,,,,,,,,FALSE,2026-07-21 11:41:01.606951+00,2026-07-27 09:11:25.440598+00
c5fec0af-6f16-406a-91c5-ba65ba11ebe5,Jul-25,Beauty Tool,Simply Smart,,Hair Brush-Rectangle - Cb1011-4,8904486405736,199,99,96033020,,RRPL,144,12,https://yuzppjtjcfjvrjeqlygp.supabase.co/storage/v1/object/public/product-images/artical-all-8904486405736.jpg,,,,,,,,62.5,53.5,40.5,CM,16.06,18.06,,,,,,,,,FALSE,2026-07-25 10:51:14.82319+00,2026-07-27 09:11:25.570224+00
c6137c4d-25b8-4c4b-ba3e-ab7dcb9fbec3,2024,Planters,Great Porcelo,,Ceramic Planter G0405,8908021726713,799,,,,Gsons,,,https://yuzppjtjcfjvrjeqlygp.supabase.co/storage/v1/object/public/product-images/artical-all-8908021726713.jpg,,,,,,,,,,,,,,,,,,,,,,FALSE,2026-07-21 11:41:08.132429+00,2026-07-27 09:11:25.70774+00
c64b7538-e809-40d6-94ac-c473b570f3ab,2024,Trolley,Livesmart,,Sln67056 Livesmart Trolley Backpack - Black,8906176010862,8990,,,,RRPL,4,,https://yuzppjtjcfjvrjeqlygp.supabase.co/storage/v1/object/public/product-images/artical-all-8906176010862.jpg,,,,,,,,72,52,36,CM,,,,,,,,,,,FALSE,2026-07-21 11:39:21.25327+00,2026-07-27 09:11:25.839026+00
c672974b-3949-4469-8680-10eb9aea4672,Dec-25,Glass Ware,Home One,,Ho Shen Cubicle Gold Mug 350Ml,8904132986077,359,179,69111011,494590352,RCPL,36,12,https://yuzppjtjcfjvrjeqlygp.supabase.co/storage/v1/object/public/product-images/artical-all-8904132986077.jpg,,,,,,,,380,295,310,MM,,13.6,,360,275,100,MM,,4.46,,FALSE,2026-07-25 10:53:12.023324+00,2026-07-27 09:11:25.983242+00
c695a3fb-551f-4c51-a0fb-24781e694443,Nov-25,Stationery,Disney,Princess,Disney Plastic Kids Chair,8904486406801,799,399,94018000,,RRPL,12,,https://yuzppjtjcfjvrjeqlygp.supabase.co/storage/v1/object/public/product-images/artical-all-8904486406801.jpg,,,,,,,,32,32,40,CM,,,,,,,,,,,FALSE,2026-07-21 11:44:42.298285+00,2026-07-27 09:11:26.119807+00
c6bdf426-24d9-4ed1-9187-b46d162bb278,Feb-26,Basket,White Label,,Rectangular Ear Extraction Tray Big,8904486405064,579,249,,,Gsons,14,,https://yuzppjtjcfjvrjeqlygp.supabase.co/storage/v1/object/public/product-images/artical-all-8904486405064.jpg,,,,,,,,42,36,45,,,,,,,,,,,,FALSE,2026-07-20 04:28:29.003752+00,2026-07-27 09:11:26.262927+00
c6c385c6-d397-4216-aa5a-7e1c9e3aea31,Jan-26,Glass Ware,White Label,230ml,Kids Mug-230Ml,8904486409475,199,99,69111011,,Gsons,48,,https://yuzppjtjcfjvrjeqlygp.supabase.co/storage/v1/object/public/product-images/artical-all-8904486409475.jpg,,,,,,,,,,,CM,11,13,KG,,,,,,,,FALSE,2026-07-20 04:27:51.969159+00,2026-07-27 09:11:26.392789+00
c6fb654f-396f-44fd-803f-6d20ec4523ea,Jul-25,Back Packs,Live Pro,EW47208B,Waist Bag - Ew47208B - Pink,8904486405279,799,399,42029900,,RRPL,200,,https://yuzppjtjcfjvrjeqlygp.supabase.co/storage/v1/object/public/product-images/artical-all-8904486405279.jpg,,,,,,,,64,44,38,CM,17.6,16.4,KG,,,,,,,,FALSE,2026-07-21 11:43:41.681795+00,2026-07-27 09:11:26.534557+00
c705c730-0cb3-40db-90cc-4b71e0a14594,May-26,Glass Ware,White Label,500 ml,Pc Bottle 500 Ml,8904486411751,399,179,39241090,,Gsons,24,,,,,,,,,,60,40,21,CM,3.83,4.33,KG,,,,CM,,,,FALSE,2026-07-20 04:29:26.462081+00,2026-07-27 09:11:26.663393+00
c7217759-c075-465d-abd3-8a442b877625,2024,Home Utility,Home One,,Sticky Bathroom Rect Rack - Sm1652,8908021726560,575,399,,,RCPL,,,https://yuzppjtjcfjvrjeqlygp.supabase.co/storage/v1/object/public/product-images/artical-all-8908021726560.jpg,,,,,,,,,,,,,,,,,,,,,,FALSE,2026-07-21 11:41:24.715842+00,2026-07-27 09:11:26.796681+00
c7218bd1-05cc-448a-9641-d9567758fae9,Jan-25,Back Packs,Gerat Essentials,AJ-4-001,Fashions Backpack Aj-4-001 Blue,8904486401646,1999,799,,494759495,Gsons,,,https://yuzppjtjcfjvrjeqlygp.supabase.co/storage/v1/object/public/product-images/artical-all-8904486401646.jpg,,,,,,,,,,,,,,,,,,,,,,FALSE,2026-07-21 11:42:42.345914+00,2026-07-27 09:11:26.919264+00
c72bc609-3daa-4883-86ef-3c5fd81c2e38,Jul-25,Back Packs,LES,ENL023910R-SF,Sling Bag - Enl023910R-Sf - Black,8904486405309,1999,999,42029900,,RRPL,50,,https://yuzppjtjcfjvrjeqlygp.supabase.co/storage/v1/object/public/product-images/artical-all-8904486405309.jpg,,,,,,,,49,27,40,CM,13.6,12.6,KG,,,,,,,,FALSE,2026-07-21 11:43:44.889767+00,2026-07-27 09:11:27.051446+00
c7bbe03a-1549-4af4-a705-79f9cb3ba93d,Nov-25,Kitchen Utility,White Label,RMF25561,Utensil Holder,8904486406771,699,349,73239990,,Gsons,54,9,https://yuzppjtjcfjvrjeqlygp.supabase.co/storage/v1/object/public/product-images/artical-all-8904486406771.jpg,,,,,,,,56.5,55.5,45.5,CM,,,,55,27,14.5,,,,,FALSE,2026-07-21 11:44:35.111159+00,2026-07-27 09:11:27.180337+00
c7d8da47-6291-483e-b400-0adb0cd04415,2024,Home Utility,Gerat Cuisino,,5 Step Aluminium Ladder Gcsl-05,8906176010336,6999,3499,,,Gsons,2,,https://yuzppjtjcfjvrjeqlygp.supabase.co/storage/v1/object/public/product-images/artical-all-8906176010336.jpg,,,,,,,,,,,CM,,,,,,,,,,,FALSE,2026-07-21 11:38:55.75497+00,2026-07-27 09:11:27.311299+00
c8292a73-647d-4935-b168-83926c769b06,Feb-26,Clothing,Disney,,Disney Kids Hoodie Blanket - Stitch,8904486409468,1999,,63014000,,RRPL,,,https://yuzppjtjcfjvrjeqlygp.supabase.co/storage/v1/object/public/product-images/artical-all-8904486409468.jpg,,,,,,,,,,,CM,,,,,,,,,,,FALSE,2026-07-20 04:27:50.524148+00,2026-07-27 09:11:27.440243+00
c82f5582-5001-4a05-a6c1-50e5305ea42a,Dec-25,Umbrella,LES,red,"3 Fold -23 "" Digital Printed Umbrella - Red",8904486407655,899,599,,,RRPL,48,,https://yuzppjtjcfjvrjeqlygp.supabase.co/storage/v1/object/public/product-images/artical-all-8904486407655.jpg,,,,,,,,34,34,46,CM,,26,KG,,,,,,,,FALSE,2026-07-20 04:26:15.780628+00,2026-07-27 09:11:27.581127+00
c832bbbd-b55a-4d68-84de-7ed499826cc7,Dec-25,Glass Ware,Home One,,Ho New Eva Heart Mug With Ep 370Ml,8904132983786,499,249,69111011,494590330,RCPL,24,6,,,,,,,,,431,288,242,MM,,7.9,,273,208,100,MM,,1.92,,FALSE,2026-07-25 10:53:05.604917+00,2026-07-27 09:11:27.710241+00
c88045a2-7ab5-47da-a395-6a940e19c48d,2024,Wallets,LES,,Les Ladies Wallet Y8975 Rose,8906176018332,799,399,,,RRPL,90,,https://yuzppjtjcfjvrjeqlygp.supabase.co/storage/v1/object/public/product-images/artical-all-8906176018332.jpg,,,,,,,,500,380,420,MM,17.3,18.3,KG,,,,,,,,FALSE,2026-07-21 11:41:46.714822+00,2026-07-27 09:11:27.843236+00
c884f0d8-32b9-4330-886b-5d645b56ff39,2024,LED,Gerat Elektro,,Decorative Tree Lights - Geflw24B6Et,8906176010466,1999,999,,,Gsons,12,,https://yuzppjtjcfjvrjeqlygp.supabase.co/storage/v1/object/public/product-images/artical-all-8906176010466.jpg,,,,,,,,60,48,48,CM,,,,10.8,10.8,43,,,,,FALSE,2026-07-21 11:39:08.182699+00,2026-07-27 09:11:27.973386+00
c8ac3b70-40d7-4423-bd59-203abc370317,Jan-25,Clock,Gerat Elektro,,Digital Clock Ge-632Dc Chocolate,8904486401806,999,349,,494605698,Gsons,,,,,,,,,,,,,,,,,,,,,,,,,FALSE,2026-07-21 11:42:49.202659+00,2026-07-27 09:11:28.108137+00
c8d63868-dfe7-4ced-b4aa-26947fa35a7f,Jan-25,Umbrella,Gerat Essentials,"23"" - 8 Ribs",58Cm - Poe Straight Umbrella - Khaki,8906176019537,1099,,,,Gsons,,,https://yuzppjtjcfjvrjeqlygp.supabase.co/storage/v1/object/public/product-images/artical-all-8906176019537.jpg,,,,,,,,,,,,,,,,,,,,,,FALSE,2026-07-21 11:42:32.851766+00,2026-07-27 09:11:28.235217+00
c8e7d8cd-2225-4dfd-bdac-13f9f5aaefa6,Jan-25,Stationery,Quickworks,,Xd24088-1 88Ml Glitter Glue / 6 Colours,8906176011067,149,69,,,RCPL,,,https://yuzppjtjcfjvrjeqlygp.supabase.co/storage/v1/object/public/product-images/artical-all-8906176011067.jpg,,,,,,,,,,,,18.7,18,,,,,,,,,FALSE,2026-07-21 11:39:41.652727+00,2026-07-27 09:11:28.369943+00
c951cc14-3aea-42fd-8196-2f8e5987ab37,Jan-25,Cleaning,Gerat Essentials,60628,Dustgenie Cleaning Brush,8906176019810,249,129,,,Gsons,96,24,https://yuzppjtjcfjvrjeqlygp.supabase.co/storage/v1/object/public/product-images/2024-2025-461.jpg,,,,,,,,68,36,13,CM,,4.9,KG,,,,,,,,FALSE,2026-07-21 11:42:25.50712+00,2026-07-27 09:11:28.501228+00
c97065ff-b9cb-4f15-a325-0b8026d073b5,2024,Kitchen Utility,Gerat Cuisino,,Oval Small 2 Tier Lunch Box With Plate,8908021726010,699,,,,Gsons,,,https://yuzppjtjcfjvrjeqlygp.supabase.co/storage/v1/object/public/product-images/artical-all-8908021726010.jpg,,,,,,,,,,,,,,,,,,,,,,FALSE,2026-07-21 11:41:13.081354+00,2026-07-27 09:11:28.631812+00
c9cc9712-7a38-45ec-bd81-502d695c713a,Oct-25,Trolley,Travello,,"Trolley Bag Kt201-28"" Golden Pink",8904486406504,12500,,,,Gsons,1,,https://yuzppjtjcfjvrjeqlygp.supabase.co/storage/v1/object/public/product-images/artical-all-8904486406504.jpg,,,,,,,,49,30,75,CM,,,,,,,,,,,FALSE,2026-07-20 04:29:47.203659+00,2026-07-27 09:11:28.760205+00
c9ce1b50-2505-486f-8c59-b6ffb27c0111,Dec-25,Beauty Tool,Simply Smart,PB330439P3,Satin Scrunchies Set/3,8904486408737,149,59,,,RRPL,288,24,https://yuzppjtjcfjvrjeqlygp.supabase.co/storage/v1/object/public/product-images/artical-all-8904486408737.jpg,,,,,,,,45,45,30,CM,3.05,4.05,KG,,,,,,,KG,FALSE,2026-07-20 04:26:52.463459+00,2026-07-27 09:11:28.892679+00
ca18ae19-81c2-4351-b7bb-df4e2c79df8c,2024,Kitchen Utility,LES,,Les Ladies Sling Cross Body D7055 Blue,8906176018738,1499,699,,,RRPL,30,,https://yuzppjtjcfjvrjeqlygp.supabase.co/storage/v1/object/public/product-images/artical-all-8906176018738.jpg,,,,,,,,500,380,420,MM,8.7,9.7,KG,,,,,,,,FALSE,2026-07-21 11:42:09.28798+00,2026-07-27 09:11:29.01862+00
ca64652d-e385-4d93-a75b-80506a2aa1dd,Jan-25,Clock,Gerat Elektro,,Digital Clock Ge-748Dc Beige,8904486401776,799,299,,494605695,Gsons,,,https://yuzppjtjcfjvrjeqlygp.supabase.co/storage/v1/object/public/product-images/2024-2025-503.jpg,,,,,,,,,,,,,,,,,,,,,,FALSE,2026-07-21 11:42:48.36492+00,2026-07-27 09:11:29.150675+00
ca6ab64f-4c23-4ac4-a5cb-d783b045ef2a,Jul-26,Clothing,Disney,,Kids - Disney Printed Bath Towel - Princess,8904486413847,399,149,63049250,494307248,RRPL,80,8,,,,,,,,,40,40,30,CM,,12.6,KG,,,,,,,,FALSE,2026-07-20 04:30:50.917154+00,2026-07-27 09:11:29.283889+00
ca88d4cd-764e-468c-abfc-5b4d8e6df5c6,Dec-25,Umbrella,LES,Coral,"23"" -16K- Straight Umbrella -Cs009-2
23”*16K-Coral",8904486408003,699,499,,,RRPL,40,,https://yuzppjtjcfjvrjeqlygp.supabase.co/storage/v1/object/public/product-images/artical-all-8904486408003.jpg,,,,,,,,99,23,50,CM,,23.6,KG,,,,,,,,FALSE,2026-07-20 04:26:30.427067+00,2026-07-27 09:11:29.421737+00
ca94f967-aca5-43ea-9214-61181dae4e13,Jan-25,Glass Ware,Great Porcelo,SL089,Glass With Handle 450Ml,8906176019490,680,249,,,Gsons,,,https://yuzppjtjcfjvrjeqlygp.supabase.co/storage/v1/object/public/product-images/artical-all-8906176019490.jpg,,,,,,,,40.6,29.3,30.2,CM,,12.7,KG,,,,,,0.415,,FALSE,2026-07-21 11:42:30.109624+00,2026-07-27 09:11:29.552227+00
cac23265-50ad-45ea-93c4-6a988ad7e461,Jun-26,Beauty Tool,Blushlace,#ZE0118,14Pcs Nail Sticker-S05,8904486413137,249,79,39199010,,RRPL,960,12,https://yuzppjtjcfjvrjeqlygp.supabase.co/storage/v1/object/public/product-images/artical-all-8904486413137.jpg,,,,,,,,57.5,39.5,35,CM,15.2,13.73,KG,10,5,16.5,CM,0.2,0.17,KG,FALSE,2026-07-20 04:30:04.876799+00,2026-07-27 09:11:29.693563+00
cb9ccb42-2967-4090-9040-37cf5c0de29a,Jun-26,Clothing,Marvel,,Infant  Cotton Ankle Socks- Captain America -12-18M,8904486412048,99,79,61159990,,RRPL,,,,,,,,,,,,,,,,,,,,,,,,,FALSE,2026-07-25 10:55:19.421803+00,2026-07-27 09:11:29.826835+00
cb9fccaf-2445-42aa-9ba0-cf0c76439e74,Sep-25,Home Utility,White Label,KT248039 PRO,Sink Mat - Kt248039,8904486406153,399,199,39249090,,Gsons,72,24,https://yuzppjtjcfjvrjeqlygp.supabase.co/storage/v1/object/public/product-images/artical-all-8904486406153.jpg,,,,,,,,53,53,24,CM,8.3,8.6,KG,,,,,,,,FALSE,2026-07-21 11:44:10.513117+00,2026-07-27 09:11:29.955745+00
cbcab592-9368-4dfa-80c2-a8d3a176658e,Jul-26,Beauty Tool,Blushlace,,Foot File,8904486414066,699,299,82142090,,RRPL,144,12,https://yuzppjtjcfjvrjeqlygp.supabase.co/storage/v1/object/public/product-images/artical-all-8904486414066.jpg,,,,,,,,68.5,57.5,34.5,CM,17.7984,20.2984,,33.5,28,11,CM,1.4832,1.7832,,FALSE,2026-07-25 10:55:06.462596+00,2026-07-27 09:11:30.083737+00
cbda4ec7-99e2-486f-b677-f3078f717ff8,2024,Wallets,LES,,Les Ladies Wallet Y9044 Black,8906176018493,999,499,,,RRPL,60,,https://yuzppjtjcfjvrjeqlygp.supabase.co/storage/v1/object/public/product-images/artical-all-8906176018493.jpg,,,,,,,,420,340,410,MM,13,14,KG,,,,,,,,FALSE,2026-07-21 11:41:55.959364+00,2026-07-27 09:11:30.218093+00
cc05292a-7807-4a97-80de-688ad72d4d36,Jan-26,Glass Ware,Home One,DW0432D,Ho Dw Elsa Mug 170Ml,8904132986817,259,129,,,RCPL,48,,https://yuzppjtjcfjvrjeqlygp.supabase.co/storage/v1/object/public/product-images/artical-all-8904132986817.jpg,,,,,,,,45,31,42,CM,,,,,,,,,,,FALSE,2026-07-20 04:27:16.933948+00,2026-07-27 09:11:30.340258+00
cc10b578-9d56-45db-bd3d-15af25c741b1,Jun-26,Beauty Tool,Blushlace,TBA,Nail Sticker-M02,8904486413182,249,59,39199010,,RRPL,960,12,https://yuzppjtjcfjvrjeqlygp.supabase.co/storage/v1/object/public/product-images/artical-all-8904486413182.jpg,,,,,,,,55,35,30,CM,4.65,3.65,KG,10,5,16.5,CM,0.076,0.046,KG,FALSE,2026-07-20 04:30:06.895094+00,2026-07-27 09:11:30.471844+00
cc17c71b-369e-422e-bd8d-4884076a62a3,Jun-26,Back Packs,White Label,P-9-13,Fashion Backpack - P913,8904486413588,4499,899,,494403229,Gsons,12,6,https://yuzppjtjcfjvrjeqlygp.supabase.co/storage/v1/object/public/product-images/artical-all-8904486413588.jpg,,,,,,,,,,,,,,,,,,,,,,FALSE,2026-07-20 04:30:35.108966+00,2026-07-27 09:11:30.600903+00
cc5e0458-5f72-4c7a-b311-11a6c250fe28,Dec-25,Glass Ware,Home One,,Ho Annie New Atlantis Mug 340Ml,8904132984226,299,149,69111011,494590350,RCPL,36,,,,,,,,,,393,313,463,MM,,14.5,,,,,,,,,FALSE,2026-07-25 10:53:10.32933+00,2026-07-27 09:11:30.736123+00
cc8ca3b2-c1fd-4877-bff0-7f3879b0eec3,2024,Back Packs,Livesmart,,Livesmart Hiking Backpack Black Dpds20019,8906176014730,7500,3000,,,RRPL,5,5,https://yuzppjtjcfjvrjeqlygp.supabase.co/storage/v1/object/public/product-images/artical-all-8906176014730.jpg,,,,,,,,67,44,39,CM,,,,,,,,,,,FALSE,2026-07-21 11:40:32.715615+00,2026-07-27 09:11:30.865752+00
ccf69789-66b4-4c62-b21a-73efde839f35,Nov-25,Back Packs,White Label,P-9-13,Fashion Backpack P913 - Green,8904486407198,1599,799,42029900,,Gsons,10,,https://yuzppjtjcfjvrjeqlygp.supabase.co/storage/v1/object/public/product-images/artical-all-8904486407198.jpg,,,,,,,,48,35,36,CM,,,,,,,,,,,FALSE,2026-07-21 11:44:51.365915+00,2026-07-27 09:11:31.004378+00
cd5d89b9-4761-45d3-affa-6d7ed4184abc,Nov-25,Beauty Tool,Ulhaas,,Ulhaas Micro Gsim Dbs W2Pc 225X250Cm,8904132986251,999,399,,494590231,RCPL,24,,https://yuzppjtjcfjvrjeqlygp.supabase.co/storage/v1/object/public/product-images/artical-all-8904132986251.jpg,,,,,,,,37.5,31.5,52,CM,,,,,,,,,,,FALSE,2026-07-25 10:52:09.549306+00,2026-07-27 09:11:31.129505+00
cdaeb8b7-59df-4090-a9fb-27cca6cb47d4,Jun-26,Clothing,White Label,,Infant Design Tights (With Foot)-Aop-1Pp-18-24M,8904486411690,249,179,61159990,,Gsons,,,,,,,,,,,,,,,,,,,,,,,,,FALSE,2026-07-25 10:55:14.491268+00,2026-07-27 09:11:31.264601+00
cdd3aa1b-8b5c-497d-a56a-c02c48a1551f,Jan-26,Stationery,Quickworks,5130,Qw Stapler W Pin Set N10 Asrtd 5130,8904132987975,249,129,84729010,494759387,RCPL,96,12,https://yuzppjtjcfjvrjeqlygp.supabase.co/storage/v1/object/public/product-images/artical-all-8904132987975.jpg,,,,,,,,478,408,230,MM,10.43,14.3,KG,229,194,103,MM,1.3,1.49,KG,FALSE,2026-07-20 04:28:01.112742+00,2026-07-27 09:11:31.38961+00
cdd80e2c-9b77-4213-b1cc-4a85eee99463,Oct-25,Trolley,Travello,JQLPPA0811,"Trolley Bag Kt201-20"" Grey Blue",8904486406450,7500,,,,Gsons,1,,https://yuzppjtjcfjvrjeqlygp.supabase.co/storage/v1/object/public/product-images/artical-all-8904486406450.jpg,,,,,,,,49,30,75,CM,,,,,,,CM,,,,FALSE,2026-07-20 04:29:45.161219+00,2026-07-27 09:11:31.530584+00
ce5634ba-1d72-4502-9256-00cdc8fdc599,Jul-26,Beauty Tool,Blushlace,,Tweezers,8904486414073,249,129,82032000,,RRPL,288,24,https://yuzppjtjcfjvrjeqlygp.supabase.co/storage/v1/object/public/product-images/artical-all-8904486414073.jpg,,,,,,,,31.5,31.5,16.5,CM,5.76,8.26,,15,15,5,CM,0.48,0.78,,FALSE,2026-07-25 10:55:06.797718+00,2026-07-27 09:11:31.653303+00
ce87eb33-26ae-4454-a7de-7f9903591e8e,Jun-26,Back Packs,White Label,AJ-3-002,Fashion Backpack  Aj-3-002 Green,8904486413489,3999,799,,494605704,Gsons,12,6,https://yuzppjtjcfjvrjeqlygp.supabase.co/storage/v1/object/public/product-images/artical-all-8904486413489.jpg,,,,,,,,,,,,,,,,,,,,,,FALSE,2026-07-20 04:30:32.383312+00,2026-07-27 09:11:31.785637+00
cecf1a41-523a-46cd-93f9-db6505e085a8,Jul-26,Glass Ware,Home One,B248-E1322,Ho Annie Btnl Mug300,8909606002499,499,199,69111029,494608488,RCPL,24,12,https://yuzppjtjcfjvrjeqlygp.supabase.co/storage/v1/object/public/product-images/artical-all-8909606002499.jpg,,,,,,,,419,295,254,,,7.3,KG,404,276,88,MM,,3.8,KG,FALSE,2026-07-20 04:31:08.47489+00,2026-07-27 09:11:31.915913+00
cf01c5fd-7bf6-422d-a9a1-fead84a8df47,Dec-25,Umbrella,LES,Beige,"23"" -16K- Straight Umbrella -Cs015
23”*16K-Beige",8904486408041,899,699,,,RRPL,48,,https://yuzppjtjcfjvrjeqlygp.supabase.co/storage/v1/object/public/product-images/artical-all-8904486408041.jpg,,,,,,,,99,26,42,CM,,28.3,KG,,,,,,,,FALSE,2026-07-20 04:26:32.688568+00,2026-07-27 09:11:32.048375+00
cf13ae46-dc92-4747-8a15-f073578983d1,2024,Clock,Gerat Elektro,,Wall Clock - 730A-12,8906176010053,999,499,,,Gsons,,,https://yuzppjtjcfjvrjeqlygp.supabase.co/storage/v1/object/public/product-images/artical-all-8906176010053.jpg,,,,,,,,,,,,,,,,,,,,,,FALSE,2026-07-21 11:41:28.265804+00,2026-07-27 09:11:32.231811+00
cf3d0263-104f-4271-87f4-6c34321a95d7,2024,LED,Gerat Elektro,,Led Curtains Light  Lighting Chain Multicolour -Geflm300D6Cl,8906176011562,999,499,,,Gsons,100,0,https://yuzppjtjcfjvrjeqlygp.supabase.co/storage/v1/object/public/product-images/artical-all-8906176011562.jpg,,,,,,,,58,37,29,CM,,,,14,7,9,,,,,FALSE,2026-07-21 11:39:56.950399+00,2026-07-27 09:11:32.363387+00
cf704740-7ff4-4996-b809-f38fadd38d2c,2024,Stationery,Quickworks,,Mini Stapler Set Light Green,8906176018219,149,99,,,RCPL,144,24,https://yuzppjtjcfjvrjeqlygp.supabase.co/storage/v1/object/public/product-images/artical-all-8906176018219.jpg,,,,,,,,44,31.3,30,CM,11.5,13,KG,44,10.43,15,CM,2.166666667,,,FALSE,2026-07-21 11:42:10.925368+00,2026-07-27 09:11:32.487549+00
cfb4b003-4613-4cd0-b3a1-6740ef098341,Nov-25,Glass Ware,White Label,400ml,Pc Bottle 400 Ml,8904486406863,179,89,39241090,,Gsons,24,,https://yuzppjtjcfjvrjeqlygp.supabase.co/storage/v1/object/public/product-images/artical-all-8904486406863.jpg,,,,,,,,48,28,21,CM,2.25,2.65,KG,,,,CM,,,,FALSE,2026-07-20 04:29:26.985976+00,2026-07-27 09:11:32.619795+00
cfe68f9f-7866-4cdf-a008-8ddfdadf7b8d,Jul-26,LED,Gerat Elektro,GEFLM138B12S,Grt Elkt Str Mlti Led Light Geflm138B12S,8906176011494,1499,599,,494462172,Gsons,60,20,https://yuzppjtjcfjvrjeqlygp.supabase.co/storage/v1/object/public/product-images/artical-all-8906176011494.jpg,,,,,,,,,,,,,,,,,,,,,,FALSE,2026-07-20 04:30:45.233912+00,2026-07-27 09:11:32.746202+00
d0129043-1071-4603-8657-988666537779,Jun-26,Back Packs,LES,EP9113B,Backpack - Ep113B - Black,8904486413250,7999,1999,42029900,,RRPL,24,,https://yuzppjtjcfjvrjeqlygp.supabase.co/storage/v1/object/public/product-images/artical-all-8904486413250.jpg,,,,,,,,75,44,40,,16,17.4,KG,,,,,,,,FALSE,2026-07-20 04:30:19.891306+00,2026-07-27 09:11:32.880366+00
d0e12bfc-e0dd-4f9a-9830-fec94b23c63e,Dec-25,Umbrella,Disney,Princess,"19"" -8K- Straight Kids Disney Umbrella-Princess",8904486407518,499,299,,,RRPL,48,,https://yuzppjtjcfjvrjeqlygp.supabase.co/storage/v1/object/public/product-images/artical-all-8904486407518.jpg,,,,,,,,69,20,39,CM,,11.2,KG,,,,,,,,FALSE,2026-07-20 04:26:40.78537+00,2026-07-27 09:11:33.008749+00
d0e3f4ab-dfac-43d2-932c-72622881ed01,May-26,Stationery,Quickworks,,Qw Butterfly Jumbo Glitter Glue 40Ml,8909606000587,199,79,,,RCPL,288,12,https://yuzppjtjcfjvrjeqlygp.supabase.co/storage/v1/object/public/product-images/artical-all-8909606000587.jpg,,,,,,,,35.5,31,31.8,CM,16.2,15.5,,14.6,10.9,7.4,CM,0.65,0.6,,FALSE,2026-07-25 10:54:06.178057+00,2026-07-27 09:11:33.146617+00
d103d6fa-63a5-4861-843d-dded90360839,2024,Back Packs,LES,,Foldable Backpack Green,8906176016970,999,449,,,RRPL,100,1,https://yuzppjtjcfjvrjeqlygp.supabase.co/storage/v1/object/public/product-images/artical-all-8906176016970.jpg,,,,,,,,67,45,41,CM,,,,,,,,,,,FALSE,2026-07-21 11:40:23.592571+00,2026-07-27 09:11:33.274167+00
d166c5b3-047f-4842-a042-af7961a43bef,Feb-26,Clock,Gerat Elektro,ET 745,Digital Clock - Ge 745-Grey,8904486409536,999,499,,,Gsons,12,6,https://yuzppjtjcfjvrjeqlygp.supabase.co/storage/v1/object/public/product-images/artical-all-8904486409536.jpg,,,,,,,,,,,,,,,,,,,,,,FALSE,2026-07-20 04:28:04.137833+00,2026-07-27 09:11:33.409178+00
d1e9e72b-388a-4f94-8082-b82e970615f2,Jun-26,Clothing,Disney,,"Infant  Cotton Ankle Socks- Mickey
-12-18M",8904486411966,99,79,61159990,,RRPL,,,,,,,,,,,,,,,,,,,,,,,,,FALSE,2026-07-25 10:55:17.934895+00,2026-07-27 09:11:33.539759+00
d1eb3d94-f865-473b-af55-61678c686f97,2024,Back Packs,Livesmart,,Klb210907 Livesmart Nylon Business Backpack 15 Litre,8908021726263,6200,,,,RRPL,10,,https://yuzppjtjcfjvrjeqlygp.supabase.co/storage/v1/object/public/product-images/artical-all-8908021726263.jpg,,,,,,,,45,32,30,CM,,,,,,,,,,,FALSE,2026-07-21 11:38:33.250194+00,2026-07-27 09:11:33.671501+00
d210c057-5b0b-4c36-b743-fe6c185904d3,Jan-25,Kitchen Utility,My Home,,Stainless Steel Scrubber Pack Of 3,8906176018806,70,,,New,Gsons,,,https://yuzppjtjcfjvrjeqlygp.supabase.co/storage/v1/object/public/product-images/artical-all-8906176018806.jpg,,,,,,,,700,500,600,MM,,,,,,,,,,,FALSE,2026-07-21 11:40:40.454183+00,2026-07-27 09:11:33.796901+00
d215b120-1e17-4c1b-af16-05628fd42880,Dec-25,Umbrella,Disney,Frozen,"19"" -8K- Straight Kids Disney Umbrella-Frozen",8904486407525,499,299,,,RRPL,48,,https://yuzppjtjcfjvrjeqlygp.supabase.co/storage/v1/object/public/product-images/artical-all-8904486407525.jpg,,,,,,,,69,20,39,CM,,11.2,KG,,,,,,,,FALSE,2026-07-20 04:26:41.291938+00,2026-07-27 09:11:33.928309+00
d218c92a-ab8b-46cd-8a27-a39b2962888b,Jul-25,Back Packs,Livesmart,,Business Backpack - Klb230206Bk Black,8904486405576,5999,2400,42029900,,RRPL,10,,https://yuzppjtjcfjvrjeqlygp.supabase.co/storage/v1/object/public/product-images/artical-all-8904486405576.jpg,,,,,,,,45,33,47,CM,7.5,9,,,,,,,,,FALSE,2026-07-25 10:51:10.9758+00,2026-07-27 09:11:34.056659+00
d21fb9e4-74f2-49e5-8e20-39458645cd1b,2024,Kitchen Utility,LES,,Les Ladies Sling Cross Body D7053 Black,8906176018707,1499,799,,,RRPL,20,,https://yuzppjtjcfjvrjeqlygp.supabase.co/storage/v1/object/public/product-images/artical-all-8906176018707.jpg,,,,,,,,500,380,420,MM,8.04,9.04,KG,,,,,,,,FALSE,2026-07-21 11:42:07.723538+00,2026-07-27 09:11:34.235822+00
d2b55e49-f9a5-49e3-9aa6-5c14e4293c61,Dec-25,Stationery,Disney,FROZEN,Glue Stick 15Gms  Forzen,8904486408782,99,49,,,RRPL,384,12,https://yuzppjtjcfjvrjeqlygp.supabase.co/storage/v1/object/public/product-images/artical-all-8904486408782.jpg,,,,,,,,,,,,,,,,,,,,,,FALSE,2026-07-20 04:27:04.865935+00,2026-07-27 09:11:34.360964+00
d2cffc76-5fc2-4f52-bf3c-1cfe9fcfb61f,2024,Trolley,Livesmart,,Xln3006-15 Livesmart Trolley Backpack-Blue,8906176010886,7990,,,,RRPL,6,,https://yuzppjtjcfjvrjeqlygp.supabase.co/storage/v1/object/public/product-images/artical-all-8906176010886.jpg,,,,,,,,90,52,36,CM,,,,,,,,,,,FALSE,2026-07-21 11:39:22.338009+00,2026-07-27 09:11:34.515812+00
d2f91bc7-c9b6-4ae6-bb60-9512711d6c61,2024,Stationery,Quickworks,,Paper Punch Blue,8906176018301,149,99,,,RCPL,72,12,https://yuzppjtjcfjvrjeqlygp.supabase.co/storage/v1/object/public/product-images/artical-all-8906176018301.jpg,,,,,,,,31,24,34,CM,9,11,KG,31,8,17,CM,1.833333333,,,FALSE,2026-07-21 11:42:12.17051+00,2026-07-27 09:11:34.650703+00
d30790ae-64d5-4f3e-b2b3-faf6ea5487a8,Nov-25,Back Packs,White Label,YA7711,Fashion Backpack Ya7711 - Pink,8904486407051,1799,899,42029900,,Gsons,10,,https://yuzppjtjcfjvrjeqlygp.supabase.co/storage/v1/object/public/product-images/artical-all-8904486407051.jpg,,,,,,,,45,38,42,CM,,6.3,KG,,,,,,,,FALSE,2026-07-21 11:44:46.324964+00,2026-07-27 09:11:34.790691+00
d3140306-282d-490c-b61d-3f54bb271ce9,2024,Tools,Gerat Elektro,,Multipurpose Hand Tool Kit - Gehs-01,8906176011371,949,479,,,Gsons,24,6,https://yuzppjtjcfjvrjeqlygp.supabase.co/storage/v1/object/public/product-images/artical-all-8906176011371.jpg,,,,,,,,36,36,46,CM,,,,33,25,16.5,,,,,FALSE,2026-07-21 11:39:52.780518+00,2026-07-27 09:11:34.918702+00
d322ba6c-28b9-4bf3-b464-f83ae32dd0d5,2024,Back Packs,Gerat Elektro,,Fashion Backpack 18L- Si9114,8906176010527,1999,799,,,Gsons,10,,https://yuzppjtjcfjvrjeqlygp.supabase.co/storage/v1/object/public/product-images/artical-all-8906176010527.jpg,,,,,,,,35,39,50,CM,,,,,,,,,,,FALSE,2026-07-21 11:39:03.144001+00,2026-07-27 09:11:35.053677+00
d376fce9-2f5a-46c6-8c55-df5abb8c820f,Sep-25,Home Utility,White Label,B5917C,Kitchen Sink Soap Dispenser Polyresin - B5917C,8904486406283,799,399,39249090,,Gsons,24,6,https://yuzppjtjcfjvrjeqlygp.supabase.co/storage/v1/object/public/product-images/artical-all-8904486406283.jpg,,,,,,,,49.2,35,42.5,,17.23,15.12,KG,,,,,,,,FALSE,2026-07-21 11:44:17.848384+00,2026-07-27 09:11:35.179428+00
d39cfbae-2183-4e05-9459-5ec116eb0c89,Jan-25,Stationery,Quickworks,,Qw Eva Single Zipper Pouch Boys,8904486400007,499,249,,494483952,RCPL,180,12,https://yuzppjtjcfjvrjeqlygp.supabase.co/storage/v1/object/public/product-images/artical-all-8904486400007.jpg,,,,,,,,,,,,,,,,,,,,,,FALSE,2026-07-21 11:43:30.600894+00,2026-07-27 09:11:35.320565+00
d407f8ba-b51e-45e1-9e8f-b14acf86f8e9,2024,Wallets,LES,,Les Ladies Wallet Y9044-1 Rose,8906176018530,999,499,,,RRPL,150,,https://yuzppjtjcfjvrjeqlygp.supabase.co/storage/v1/object/public/product-images/artical-all-8906176018530.jpg,,,,,,,,500,380,420,MM,19,20,KG,,,,,,,,FALSE,2026-07-21 11:41:58.079823+00,2026-07-27 09:11:35.450222+00
d41f61aa-8ad3-4c74-9f22-bb9d6a36c81f,Jan-26,Stationery,Quickworks,5146,Qw Stapler W Pins Set N10 Asrtd 5146,8904132987944,199,79,84729010,494759384,RCPL,144,12,https://yuzppjtjcfjvrjeqlygp.supabase.co/storage/v1/object/public/product-images/artical-all-8904132987944.jpg,,,,,,,,408,375,315,MM,6.57,,KG,194,178,97,MM,0.55,0.71,KG,FALSE,2026-07-20 04:27:59.802843+00,2026-07-27 09:11:35.586494+00
d4479679-6e26-4c97-828b-0abb04e16cfe,2024,LED,Gerat Elektro,,Decorative Tree Lights - Geflw24B6Rt,8906176010565,1999,999,,,Gsons,12,,https://yuzppjtjcfjvrjeqlygp.supabase.co/storage/v1/object/public/product-images/artical-all-8906176010565.jpg,,,,,,,,60,48,57,CM,,,,11.5,11.5,55,,,,,FALSE,2026-07-21 11:39:07.063725+00,2026-07-27 09:11:35.715472+00
d462c459-bdb7-421a-8521-2828fb264dd7,Jun-26,Clothing,Disney,,Kid'S Cotton Ankle Socks - Princess-2-4Yrs,8904486411911,129,79,61159990,,RRPL,,,https://yuzppjtjcfjvrjeqlygp.supabase.co/storage/v1/object/public/product-images/artical-all-8904486411911.jpg,,,,,,,,,,,,,,,,,,,,,,FALSE,2026-07-25 10:55:17.001811+00,2026-07-27 09:11:35.845618+00
d46cab2e-3786-4c2b-bbdd-764c46ab25fc,2024,Kitchen Utility,Insigina,,Vacuum Flask 1 Liter,8904132977587,1195,499,,,RRPL,6,1,https://yuzppjtjcfjvrjeqlygp.supabase.co/storage/v1/object/public/product-images/artical-all-8904132977587.jpg,,,,,,,,,,,CM,,,,17,15,22,,,,,FALSE,2026-07-21 11:40:21.322715+00,2026-07-27 09:11:35.983383+00
d4c0145b-f39b-46de-913d-e84dd9619673,Jan-25,Back Packs,Gerat Essentials,AJ-4-004,Fashions Backpack Aj-4-004 Navy Blue,8904486401677,1999,799,,,Gsons,,,,,,,,,,,,,,,,,,,,,,,,,FALSE,2026-07-21 11:42:43.450737+00,2026-07-27 09:11:36.122162+00
d56f0ec3-c6f6-4d07-8180-cd9f90061b0c,Jul-26,LED,Gerat Elektro,GEFLW16B6C,Led Ganpati Light,8904486413762,1497,499,94053000,,Gsons,12,,https://yuzppjtjcfjvrjeqlygp.supabase.co/storage/v1/object/public/product-images/artical-all-8904486413762.jpg,,,,,,,,,,,,,,,,,,,,,,FALSE,2026-07-20 04:30:49.98919+00,2026-07-27 09:11:36.272216+00
d594e1bb-2e14-48f5-adb1-2177119544ee,Dec-25,Umbrella,LES,blue,"Poe - 23"" Straight Umbrella - Blue",8904486407549,399,249,,,RRPL,60,,https://yuzppjtjcfjvrjeqlygp.supabase.co/storage/v1/object/public/product-images/artical-all-8904486407549.jpg,,,,,,,,87,17,53,CM,,15,KG,,,,,,,,FALSE,2026-07-20 04:26:11.599909+00,2026-07-27 09:11:36.40768+00
d5a7ca2b-1fc7-4196-ad6e-1a05506cf26a,Jul-26,Glass Ware,Home One,GB061-01395,Ho Annie Fun Mug 400,8909606002567,499,199,69111029,494608495,RCPL,24,12,https://yuzppjtjcfjvrjeqlygp.supabase.co/storage/v1/object/public/product-images/artical-all-8909606002567.jpg,,,,,,,,399,273,260,,,7.3,KG,384,258,96,MM,,3.65,KG,FALSE,2026-07-20 04:31:11.173732+00,2026-07-27 09:11:36.542065+00
d5a939db-fef7-426b-979d-72cab8c38561,Jan-25,Beauty Tool,Gerat Essentials,GESN05,Nail File Gesn05,8904486403695,149,79,,494608237,Gsons,,,https://yuzppjtjcfjvrjeqlygp.supabase.co/storage/v1/object/public/product-images/artical-all-8904486403695.jpg,,,,,,,,,,,,,,,,,,,,,,FALSE,2026-07-21 11:42:54.281389+00,2026-07-27 09:11:36.678299+00
d680a7a7-3ffe-44db-b0d5-0e911dcbc9ec,Sep-25,Home Utility,White Label,WR5880-1,Side Table Set Of 2 - Wr5880,8904486406269,3999,1999,94031010,,Gsons,3,0,https://yuzppjtjcfjvrjeqlygp.supabase.co/storage/v1/object/public/product-images/artical-all-8904486406269.jpg,,,,,,,,49,20,49,CM,12,13.15,KG,,,,,,,,FALSE,2026-07-21 11:44:16.795269+00,2026-07-27 09:11:36.805209+00
d683ac71-36f8-486b-a85d-18a6bb25a4bb,2024,Trolley,Travello,,Travello Trolley Bag - Kt02- Grey,8908020474202,6999,,,,Gsons,1,,https://yuzppjtjcfjvrjeqlygp.supabase.co/storage/v1/object/public/product-images/artical-all-8908020474202.jpg,,,,,,,,39,21.5,57,CM,,,,,,,,,,,FALSE,2026-07-21 11:40:35.864425+00,2026-07-27 09:11:36.948796+00
d742864b-1142-4c36-9905-730db771e108,Sep-25,Glass Ware,White Label,KT214327B 7PCS C/BOX,Glass Straw - Kt214327B,8904486406214,199,99,70133700,,Gsons,72,0,https://yuzppjtjcfjvrjeqlygp.supabase.co/storage/v1/object/public/product-images/artical-all-8904486406214.jpg,,,,,,,,43.5,39,29,CM,3.6,4.3,KG,,,,,,,,FALSE,2026-07-21 11:44:14.161391+00,2026-07-27 09:11:37.074583+00
d76b5cc0-554c-464b-9f91-70374e16f586,Mar-26,Home Utility,Home One,SM-1811,Plastic Hook So5,8904132908437,269,129,,,RCPL,80,20,https://yuzppjtjcfjvrjeqlygp.supabase.co/storage/v1/object/public/product-images/artical-all-8904132908437.jpg,,,,,,,,48.5,38,31,CM,,,,,,,,,,,FALSE,2026-07-20 04:28:42.543788+00,2026-07-27 09:11:37.219809+00
d7789763-f29c-45a4-aece-a13a19991c8b,Jan-25,Glass Ware,Home One,,Ho Elsa Boro Glass Jar Wooden Lid 800Ml,8904132955158,599,299,,,RCPL,36,,https://yuzppjtjcfjvrjeqlygp.supabase.co/storage/v1/object/public/product-images/artical-all-8904132955158.jpg,,,,,,,,44,34,42.5,CM,,10.02,KG,33.3,24.9,22,CM,,4.5,KG,FALSE,2026-07-20 04:26:50.859894+00,2026-07-27 09:11:37.358889+00
d7a4a5f7-4c63-4341-907d-825a5772fc04,2024,Wallets,LES,,Les Ladies Wallet Y8975 Black,8906176018318,799,399,,,RRPL,90,,https://yuzppjtjcfjvrjeqlygp.supabase.co/storage/v1/object/public/product-images/artical-all-8906176018318.jpg,,,,,,,,500,380,420,MM,17.3,18.3,KG,,,,,,,,FALSE,2026-07-21 11:41:45.404639+00,2026-07-27 09:11:37.487576+00
d7b60d52-5dd6-448f-a1f2-3587ceafe35f,Dec-25,Umbrella,LES,Black,"23"" -16K- Straight Umbrella -Cs015
23”*16K-Black",8904486408348,899,699,,,RRPL,48,,https://yuzppjtjcfjvrjeqlygp.supabase.co/storage/v1/object/public/product-images/DEC-25-27.jpg,,,,,,,,99,26,42,CM,,28.3,KG,,,,,,,,FALSE,2026-07-20 04:26:31.865219+00,2026-07-27 09:11:37.611907+00
d7c04d2e-7d97-43bb-90cf-1562ac973111,Sep-25,Home Utility,White Label,KT204095,Stainless Steel Sink Strainer 11.5 Cm - Kt190070L,8904486406115,99,49,73249000,,Gsons,96,0,https://yuzppjtjcfjvrjeqlygp.supabase.co/storage/v1/object/public/product-images/artical-all-8904486406115.jpg,,,,,,,,30,30,36,CM,3,4,KG,,,,,,,,FALSE,2026-07-21 11:44:08.268482+00,2026-07-27 09:11:37.743+00
d7cea9d3-68ea-4484-aafe-bb5c9d60e28e,Dec-25,Locks,Gerat Cuisino,,Pad Lock Set Of Four-2 Big & 2 Small,8906176014839,499,199,,494605711,Gsons,,,https://yuzppjtjcfjvrjeqlygp.supabase.co/storage/v1/object/public/product-images/artical-all-8906176014839.jpg,,,,,,,,24,11.5,13.5,CM,,,KG,19,17.5,12.5,,,,KG,FALSE,2026-07-20 04:27:11.338272+00,2026-07-27 09:11:37.880306+00
d83435dc-7002-4048-9c2c-ffb530d783b6,Jan-25,Kitchen Utility,My Home,,Power Scrub Po4,8906176018813,149,,,New,Gsons,,,https://yuzppjtjcfjvrjeqlygp.supabase.co/storage/v1/object/public/product-images/artical-all-8906176018813.jpg,,,,,,,,590,380,450,MM,,,,,,,,,,,FALSE,2026-07-21 11:40:39.411055+00,2026-07-27 09:11:38.021129+00
d845b478-8234-448d-b25a-5f3e7e45e48b,2024,Bedsheet,Gerat Essentials,,Ultra Sonic Single Bed Comforter-Yellow,8904132908307,1799,499,,,Gsons,7,,https://yuzppjtjcfjvrjeqlygp.supabase.co/storage/v1/object/public/product-images/artical-all-8904132908307.jpg,,,,,,,,18,22,28,CM,,,,,,,,,,,FALSE,2026-07-21 11:40:43.785872+00,2026-07-27 09:11:38.151921+00
d8a4993d-4fb4-47f7-80cc-0d64de773b2b,Jan-26,Home Utility,Ulhaas,,Ulhaas Doily Table Runner 84X41Cm,8904132977006,199,99,,,RCPL,48,4,https://yuzppjtjcfjvrjeqlygp.supabase.co/storage/v1/object/public/product-images/artical-all-8904132977006.jpg,,,,,,,,,,,CM,,,,,,,,,,,FALSE,2026-07-20 04:27:51.326023+00,2026-07-27 09:11:38.289682+00
d8af1dfd-354c-421f-b2cd-e6c7a1c36161,Sep-25,Home Utility,White Label,W7831-2PR,Single Hook Set 2Pcs - W7831,8904486406030,799,399,39249090,,Gsons,48,12,https://yuzppjtjcfjvrjeqlygp.supabase.co/storage/v1/object/public/product-images/artical-all-8904486406030.jpg,,,,,,,,62,17.5,31,CM,4.9,5.99,KG,,,,,,,,FALSE,2026-07-21 11:44:03.862473+00,2026-07-27 09:11:38.424757+00
d8d2e756-0a8a-48ea-95ed-924325cf78c9,May-26,Stationery,Quickworks,,Quickwork Metallic Glue 50Ml,8909606000570,99,59,,,RCPL,288,12,https://yuzppjtjcfjvrjeqlygp.supabase.co/storage/v1/object/public/product-images/artical-all-8909606000570.jpg,,,,,,,,44.6,30,35,CM,19.6,18.8,,14.3,10.7,10.8,CM,0.85,0.8,,FALSE,2026-07-25 10:54:05.777245+00,2026-07-27 09:11:38.561333+00
d8e5ece9-1d90-4526-9710-925e53e40318,Dec-25,Umbrella,LES,Turq,"Kids Poe 19"" Straight Umbrella - Turq",8904486407624,299,199,,,RRPL,60,,https://yuzppjtjcfjvrjeqlygp.supabase.co/storage/v1/object/public/product-images/artical-all-8904486407624.jpg,,,,,,,,72,19,42,CM,,14,KG,,,,,,,,FALSE,2026-07-20 04:26:14.620516+00,2026-07-27 09:11:38.690834+00
d8f6900c-ad74-4ec5-89d3-dba92e009761,2024,Back Packs,Gerat Elektro,,Fashion Backpack 18L Sx-11-045 Green,8906176011234,1999,,,,Gsons,,,https://yuzppjtjcfjvrjeqlygp.supabase.co/storage/v1/object/public/product-images/artical-all-8906176011234.jpg,,,,,,,,48,35,32,CM,,,,,,,,,,,FALSE,2026-07-21 11:39:31.416124+00,2026-07-27 09:11:38.819752+00
d92b8a56-4fc9-4142-b694-7363780d7193,2024,Back Packs,Gerat Elektro,,Fashion Backpack 18L P2-11-052 Pink,8906176011326,1999,,,,Gsons,,,https://yuzppjtjcfjvrjeqlygp.supabase.co/storage/v1/object/public/product-images/artical-all-8906176011326.jpg,,,,,,,,48,35,32,CM,,,,,,,,,,,FALSE,2026-07-21 11:39:35.247554+00,2026-07-27 09:11:38.942297+00
d947c787-e6f6-4ace-ac72-2edb9d242955,2024,Trolley,Travello,,Travello Trolley Bag - Kt02- Black,8908020474196,6999,,,,Gsons,1,,https://yuzppjtjcfjvrjeqlygp.supabase.co/storage/v1/object/public/product-images/artical-all-8908020474196.jpg,,,,,,,,39,21.5,57,CM,,,,,,,,,,,FALSE,2026-07-21 11:40:35.573849+00,2026-07-27 09:11:39.079943+00
d9515f1b-5c1d-44b7-bbc7-b5384e5f17da,Sep-25,Kitchen Utility,White Label,B6315-S8,Kitchen 8 Pcs Set - B6315,8904486406399,2999,1499,73239990,,Gsons,6,0,https://yuzppjtjcfjvrjeqlygp.supabase.co/storage/v1/object/public/product-images/artical-all-8904486406399.jpg,,,,,,,,64,47,33,,7.4,6.6,KG,,,,,,,,FALSE,2026-07-21 11:44:23.584923+00,2026-07-27 09:11:39.216128+00
d96f3949-b877-4a16-9c86-6b18557f78e9,Jan-25,Stationery,Gerat Essentials,802,Mesh Pen Holder - Silver,8904486404784,99,49,,,Gsons,,,https://yuzppjtjcfjvrjeqlygp.supabase.co/storage/v1/object/public/product-images/artical-all-8904486404784.jpg,,,,,,,,55.5,38,43,CM,,6.6,KG,,,,,,,,FALSE,2026-07-21 11:43:12.878751+00,2026-07-27 09:11:39.35085+00
d974a08a-ed0e-4560-8e78-62ae158c759b,Jan-25,Back Packs,Gerat Essentials,AJ-6-004,Fashions Backpack Aj-6-004 Grey+Beige,8904486401561,1999,799,,,Gsons,,,https://yuzppjtjcfjvrjeqlygp.supabase.co/storage/v1/object/public/product-images/artical-all-8904486401561.jpg,,,,,,,,,,,,,,,,,,,,,,FALSE,2026-07-21 11:42:39.081456+00,2026-07-27 09:11:39.474254+00
d998857f-ec22-4ffb-87de-f8d3a9c1e170,Jun-26,Clothing,Ulhaas,Label & Tag,Ulhass Emboss Bt 70X140Cm Ast,8904132994225,499,249,,,RCPL,30,10,https://yuzppjtjcfjvrjeqlygp.supabase.co/storage/v1/object/public/product-images/artical-all-8904132994225.jpg,,,,,,,,,,,,,,,,,,,,,,FALSE,2026-07-20 04:30:15.124489+00,2026-07-27 09:11:39.608543+00
d9b40ebd-7c0b-4203-a141-cc00f1bc6906,Jan-25,Stationery,Quickworks,,Glitter Sheet Paper With Glue,8906176010954,150,129,,,RCPL,,,https://yuzppjtjcfjvrjeqlygp.supabase.co/storage/v1/object/public/product-images/artical-all-8906176010954.jpg,,,,,,,,,,,,,,,,,,,,,,FALSE,2026-07-21 11:39:29.726344+00,2026-07-27 09:11:39.733671+00
d9c1a7e0-3c02-4c68-a38e-95866257e8c7,Jun-26,Bedsheet,Ulhaas,,Ulhaas Drmweave Pillow Cover Po2 44X66Cm,8909606001676,299,99,63041990,494608238,RCPL,120,,,,,,,,,,47,34.5,37,CM,,22.4,KG,,,,,,,,FALSE,2026-07-20 04:30:40.26845+00,2026-07-27 09:11:39.865835+00
da16b705-53aa-4508-bc39-d942de06ea9a,2024,Trolley,Travello,,Travello Trolley Bag - Kt02- Blue,8908020474219,6999,,,,Gsons,1,,https://yuzppjtjcfjvrjeqlygp.supabase.co/storage/v1/object/public/product-images/artical-all-8908020474219.jpg,,,,,,,,39,21.5,57,CM,,,,,,,,,,,FALSE,2026-07-21 11:40:36.15331+00,2026-07-27 09:11:39.993982+00
da6bb8f8-8b49-44e7-ae9c-1cdbfdd3ad44,Jul-25,Back Packs,LES,EP9113B,Backpack Ep9113B Black,8904486405347,3499,1699,,,RRPL,20,,https://yuzppjtjcfjvrjeqlygp.supabase.co/storage/v1/object/public/product-images/artical-all-8904486405347.jpg,,,,,,,,75,44,40,CM,12,13.5,KG,,,,CM,,,,FALSE,2026-07-20 04:29:38.08261+00,2026-07-27 09:11:40.124611+00
dad70504-ea5c-42e3-93d4-948ecbc11f38,Dec-25,Glass Ware,Home One,,Ho New Eva Pastel Silk Print Mug 380Ml,8904132983755,399,199,69111011,494590327,RCPL,24,6,,,,,,,,,425,292,242,MM,,7.8,,277,205,100,MM,,1.79,,FALSE,2026-07-25 10:53:05.157522+00,2026-07-27 09:11:40.248166+00
dae06c6a-56eb-4bf7-9743-ab7705293fb1,Jul-26,LED,Gerat Elektro,GEFLW16B6B,Led  Ball Fairy Light,8904486413748,899,299,94053000,,Gsons,100,25,https://yuzppjtjcfjvrjeqlygp.supabase.co/storage/v1/object/public/product-images/artical-all-8904486413748.jpg,,,,,,,,,,,,,,,,,,,,,,FALSE,2026-07-20 04:30:48.96009+00,2026-07-27 09:11:40.380274+00
db128355-d22c-420f-b1a3-3083d22bd706,Jun-26,Clothing,Disney,,Kids Solid Tights -1Pp- Mickey-7-8Y,8904486412093,249,179,61159990,,RRPL,,,,,,,,,,,,,,,,,,,,,,,,,FALSE,2026-07-25 10:55:20.329653+00,2026-07-27 09:11:40.503496+00
db3d41f4-929a-45ca-8484-1605f5774c4a,2024,Planters,Great Porcelo,,Ceramic Planter G01635-1,8908021726706,999,,,,Gsons,,,https://yuzppjtjcfjvrjeqlygp.supabase.co/storage/v1/object/public/product-images/artical-all-8908021726706.jpg,,,,,,,,,,,,,,,,,,,,,,FALSE,2026-07-21 11:41:07.739387+00,2026-07-27 09:11:40.638152+00
db6f5099-a5dc-497c-9fe3-e35e6ffc4742,Jan-25,Umbrella,Gerat Essentials,"21"" - 8 Ribs",53 Cm-Pongee Auto Open /Close 3 Fold Umbrella-Magenta,8906176019551,1399,,,,Gsons,,,https://yuzppjtjcfjvrjeqlygp.supabase.co/storage/v1/object/public/product-images/artical-all-8906176019551.jpg,,,,,,,,,,,,,,,,,,,,,,FALSE,2026-07-21 11:42:34.024645+00,2026-07-27 09:11:40.771358+00
dbef160e-05e6-4e52-b21e-ec550fb1a03b,Jun-26,Back Packs,White Label,CH24B331,Waist Bag Ch24B331 Green,8904486413298,999,249,42029900,,Gsons,60,,https://yuzppjtjcfjvrjeqlygp.supabase.co/storage/v1/object/public/product-images/artical-all-8904486413298.jpg,,,,,,,,40,24,48,,,,,,,,,,,,FALSE,2026-07-20 04:30:22.081158+00,2026-07-27 09:11:40.907688+00
dc5423ae-bd00-47be-8cf4-0b449aad50e8,Jun-26,Clothing,White Label,,Kids Solid Tights (With Design)- 1Pp-11-12Y,8904486411577,249,179,61159990,,Gsons,,,,,,,,,,,,,,,,,,,,,,,,,FALSE,2026-07-25 10:55:11.604096+00,2026-07-27 09:11:41.032616+00
dc9a3f26-bc7a-4c82-a0b3-816be41da1ee,2024,Home Utility,Home One,,Sticky Rack - Sm1650,8908021726508,745,499,,,RCPL,,,https://yuzppjtjcfjvrjeqlygp.supabase.co/storage/v1/object/public/product-images/artical-all-8908021726508.jpg,,,,,,,,,,,,,,,,,,,,,,FALSE,2026-07-21 11:41:22.283352+00,2026-07-27 09:11:41.167306+00
dcb567fd-0ddc-4e62-a23f-51a482fda677,Sep-25,Home Utility,White Label,B1148I-TJ SHRINK PACK,3 Tiers Foldable Storage Rolling Cart - B1148I,8904486406184,2999,1499,94031010,,Gsons,4,0,https://yuzppjtjcfjvrjeqlygp.supabase.co/storage/v1/object/public/product-images/artical-all-8904486406184.jpg,,,,,,,,97,47,30,CM,11.2,12.5,KG,,,,,,,,FALSE,2026-07-21 11:44:12.190962+00,2026-07-27 09:11:41.308083+00
dcc92dbe-b44c-4604-8928-1d7a41bcaa1a,Jul-25,Kitchen Utility,Simply Smart,,Simply Smart Variety Scrub,8904486405453,39,19,63079019,,RRPL,50,,https://yuzppjtjcfjvrjeqlygp.supabase.co/storage/v1/object/public/product-images/artical-all-8904486405453.jpg,,,,,,,,60,45,55,CM,0.5,0.5,,,,,,,,,FALSE,2026-07-25 10:50:48.919616+00,2026-07-27 09:11:41.437176+00
ddac3950-0e5a-46b8-8302-00c5b9464d30,Jun-26,Clothing,Disney,,Kids Solid Tights -1Pp- Mickey-5-6Y,8904486412086,249,179,61159990,,RRPL,,,,,,,,,,,,,,,,,,,,,,,,,FALSE,2026-07-25 10:55:20.193752+00,2026-07-27 09:11:41.563238+00
ddbc148e-0a85-4ad8-8b60-0d485b1c90f3,2024,Kitchen Utility,Gerat Cuisino,,Bento Small 2 Tier Lunch Box With Plate,8908021726003,699,,,,Gsons,,,https://yuzppjtjcfjvrjeqlygp.supabase.co/storage/v1/object/public/product-images/artical-all-8908021726003.jpg,,,,,,,,,,,,,,,,,,,,,,FALSE,2026-07-21 11:41:13.476281+00,2026-07-27 09:11:41.694902+00
de327da2-9c71-411c-ac5c-478b3162c172,Nov-25,Back Packs,White Label,YS2201,Fashion Backpack Ys2201 - Green,8904486407129,1999,999,42029900,,Gsons,10,,https://yuzppjtjcfjvrjeqlygp.supabase.co/storage/v1/object/public/product-images/artical-all-8904486407129.jpg,,,,,,,,45,38,42,CM,,6.8,KG,,,,,,,,FALSE,2026-07-21 11:44:48.585245+00,2026-07-27 09:11:41.819905+00
de58ec14-a359-4c46-8db3-0c8a909f56c3,Oct-25,Trolley,Travello,,"Trolley Bag Kt203-24"" Dark Green-Brown",8904486406610,9000,,,,Gsons,1,,https://yuzppjtjcfjvrjeqlygp.supabase.co/storage/v1/object/public/product-images/artical-all-8904486406610.jpg,,,,,,,,49,30,75,CM,,,,,,,,,,,FALSE,2026-07-20 04:29:51.164423+00,2026-07-27 09:11:41.950628+00
de72a8da-205c-43b7-a868-7c77047b9f75,Feb-26,Clock,Gerat Elektro,GE-632DC,Digital Clock - Ge-632Dc  -White,8904486409512,999,349,91059990,,Gsons,24,6,https://yuzppjtjcfjvrjeqlygp.supabase.co/storage/v1/object/public/product-images/artical-all-8904486409512.jpg,,,,,,,,,,,CM,,,,,,,,,,,FALSE,2026-07-20 04:28:08.087637+00,2026-07-27 09:11:42.08025+00
dec30cd8-b10e-4675-9c63-78e06d4210c9,Jun-26,Back Packs,White Label,PC 11-052,Fashion Backpack Pc-11-052 Pink,8904486413410,3999,799,,494605695,Gsons,12,6,https://yuzppjtjcfjvrjeqlygp.supabase.co/storage/v1/object/public/product-images/artical-all-8904486413410.jpg,,,,,,,,,,,,,,,,,,,,,,FALSE,2026-07-20 04:30:28.847236+00,2026-07-27 09:11:42.214714+00
dec9985d-8be1-4452-9b81-6c3e5239e5d0,Jun-26,Cleaning,Home One,60657,Duplicate,8904486412130,799,399,96039000,,RCPL,24,,https://yuzppjtjcfjvrjeqlygp.supabase.co/storage/v1/object/public/product-images/JUN-26-2.jpg,,,,,,,,69,21,15,CM,8,7,KG,,,,,,,,FALSE,2026-07-20 04:30:00.827765+00,2026-07-27 09:11:42.3398+00
dee4e101-b34b-48df-97d8-0a509821d7dc,Dec-25,Beauty Tool,Simply Smart,PB330441P5,Hair Tie Set/5,8904486408744,149,59,,,RRPL,288,24,https://yuzppjtjcfjvrjeqlygp.supabase.co/storage/v1/object/public/product-images/artical-all-8904486408744.jpg,,,,,,,,40,40,25,CM,4.03,5.05,KG,,,,,,,KG,FALSE,2026-07-20 04:26:52.978289+00,2026-07-27 09:11:42.471886+00
df572873-ac27-4ca0-97d1-f247f62d8249,Jan-25,Locks,Gerat Cuisino,GS054-60T,Lock Metal Brass Finish 60Mm Digital Key,8906176019841,999,499,,,Gsons,,,https://yuzppjtjcfjvrjeqlygp.supabase.co/storage/v1/object/public/product-images/artical-all-8906176019841.jpg,,,,,,,,27,31.5,32,CM,,22,KG,30,12.5,7.5,CM,,,KG,FALSE,2026-07-20 04:26:04.637555+00,2026-07-27 09:11:42.596427+00
df6dc85e-1d62-4d9f-ba56-a4eff3cb6cdc,Sep-25,Home Utility,White Label,B5882B,Kitchen Sink Soap Dispenser Polyresin - B5882B,8904486406382,799,399,39249090,,Gsons,24,6,https://yuzppjtjcfjvrjeqlygp.supabase.co/storage/v1/object/public/product-images/artical-all-8904486406382.jpg,,,,,,,,49.2,35,42.5,,14,13,KG,,,,,,,,FALSE,2026-07-21 11:44:23.03432+00,2026-07-27 09:11:42.72736+00
e00923cf-91e0-4ebf-a1be-1028cc452f51,Jul-26,Glass Ware,Home One,YM26041,Ho Eva Blossom Mug 400Ml,8909606002178,499,199,69111029,494608340,RCPL,24,12,https://yuzppjtjcfjvrjeqlygp.supabase.co/storage/v1/object/public/product-images/artical-all-8909606002178.jpg,,,,,,,,420,295,235,MM,,8,KG,400,280,110,MM,,3.86,KG,FALSE,2026-07-20 04:31:05.016059+00,2026-07-27 09:11:42.858482+00
e0a7b821-a22e-4b02-b096-de32f1de37ec,2024,Trolley,Travello,,Travello Trolley Bag - Kt03 - Grey,8908020474233,6999,,,,Gsons,1,,https://yuzppjtjcfjvrjeqlygp.supabase.co/storage/v1/object/public/product-images/artical-all-8908020474233.jpg,,,,,,,,39,21.5,57,CM,,,,,,,,,,,FALSE,2026-07-21 11:40:36.995537+00,2026-07-27 09:11:42.996978+00
e0cf1d74-9780-4b31-9f84-74ef4a7c146f,Sep-25,Home Utility,White Label,W20038,Storage Basket - W20038,8904486406429,1999,999,73239990,,Gsons,12,0,https://yuzppjtjcfjvrjeqlygp.supabase.co/storage/v1/object/public/product-images/artical-all-8904486406429.jpg,,,,,,,,47,42,38,,16.5,15.6,KG,,,,,,,,FALSE,2026-07-21 11:44:25.234321+00,2026-07-27 09:11:43.13273+00
e0fd3aab-2d3d-409a-bb23-f9fc06fb3593,Jan-25,Stationery,Gerat Cuisino,,Vacuum Storage Bags 80X100Cm,8904486401875,999,499,,494605705,Gsons,,,,,,,,,,,51.5,38,43.5,CM,,16.32,,,,,,,,,FALSE,2026-07-21 11:42:51.031102+00,2026-07-27 09:11:43.269362+00
e12290fa-5a56-4370-b411-3234eb55c731,Oct-25,Kitchen Utility,Home One,,Mini Food Processor - Ps338B,8904132942844,899,399,,,RCPL,24,,https://yuzppjtjcfjvrjeqlygp.supabase.co/storage/v1/object/public/product-images/artical-all-8904132942844.jpg,,,,,,,,70,35,54.8,,13.51,17.14,,,,,,,,,FALSE,2026-07-21 11:38:49.205081+00,2026-07-27 09:11:43.403134+00
e136bb00-60cf-4b01-9532-837eb7b1602d,Jan-25,Stationery,Quickworks,,Qw Eva Cross Body Bag Girls,8904486400984,399,199,,494483965,RCPL,96,24,,,,,,,,,,,,,,,,,,,,,,,FALSE,2026-07-21 11:43:31.755279+00,2026-07-27 09:11:43.539479+00
e145b8b2-443f-4854-ae78-c833080ef5b2,Dec-25,Umbrella,LES,Purple,"Poe - 23"" Straight Umbrella - Purple",8904486407587,399,249,,,RRPL,60,,https://yuzppjtjcfjvrjeqlygp.supabase.co/storage/v1/object/public/product-images/DEC-25-27.jpg,,,,,,,,87,17,53,CM,,15,KG,,,,,,,,FALSE,2026-07-20 04:26:13.025735+00,2026-07-27 09:11:43.669192+00
e1943d14-8945-4a8c-8d14-eab14b930ecf,2024,Umbrella,LES,,Umbrella - Gb3443,8906176010770,429,299,,,RRPL,60,12,https://yuzppjtjcfjvrjeqlygp.supabase.co/storage/v1/object/public/product-images/artical-all-8906176010770.jpg,,,,,,,,38.5,33.5,55.5,CM,,,,,,,,,,,FALSE,2026-07-21 11:39:15.8463+00,2026-07-27 09:11:43.806254+00
e1b7d66c-0af5-4943-a27c-35ab9a6f8309,2024,Back Packs,White Label,CH24B495,Chest Bag Ch24B495 Blue,8906176018066,799,399,,,Gsons,100,,https://yuzppjtjcfjvrjeqlygp.supabase.co/storage/v1/object/public/product-images/artical-all-8906176018066.jpg,,,,,,,,56,40,50,CM,,,,,,,,,,,FALSE,2026-07-21 11:41:39.102342+00,2026-07-27 09:11:43.941516+00
e1c60780-d228-42c1-b531-a3602c0237a1,Nov-25,Beauty Tool,Simply Smart,HF666,Glass Nail File Hf666,8904486407266,99,59,82142090,,RRPL,576,48,https://yuzppjtjcfjvrjeqlygp.supabase.co/storage/v1/object/public/product-images/artical-all-8904486407266.jpg,,,,,,,,60,60,40,CM,,,,,,,,,,,FALSE,2026-07-21 11:44:54.085925+00,2026-07-27 09:11:44.082536+00
e207cf18-7bd8-4273-803e-125a5f55eff7,Jul-25,Home Utility,Happy Living,RHAN25053002,Multipurpose Organizer,8904132968653,399,199,42022990,,RCPL,48,24,https://yuzppjtjcfjvrjeqlygp.supabase.co/storage/v1/object/public/product-images/artical-all-8904132968653.jpg,,,,,,,,50,33,37,CM,8,8.5,KG,30,18,36,CM,,7.2,KG,FALSE,2026-07-20 04:28:58.23695+00,2026-07-27 09:11:44.208988+00
e223e0f4-6ddd-4731-972b-64f9825c3fce,Jan-25,Cleaning,Gerat Essentials,60588,Multipurpose Cleaning Brush Small,8906176019803,399,249,,,Gsons,24,,https://yuzppjtjcfjvrjeqlygp.supabase.co/storage/v1/object/public/product-images/2024-2025-464.jpg,,,,,,,,61,34,36,CM,,8.2,KG,,,,,,,,FALSE,2026-07-21 11:42:28.924478+00,2026-07-27 09:11:44.342965+00
e2aa68dd-eb72-4e7c-b073-32d795d92aee,2024,Back Packs,LES,RH2236,Les  Multipurpose Travel Pouch  Bag Rh2236 - Blue,8906176016710,199,99,,,RRPL,160,,https://yuzppjtjcfjvrjeqlygp.supabase.co/storage/v1/object/public/product-images/artical-all-8906176016710.jpg,,,,,,,,16.5,6.5,12.5,CM,,,,,,,,,,,FALSE,2026-07-21 11:40:56.865321+00,2026-07-27 09:11:44.469142+00
e2af3902-23b6-4e3e-a166-a5118bf85ef6,Jan-25,Kitchen Utility,Home One,6 side,6 Side Slicer Grater,8904132946828,399,199,,494608235,RCPL,,,https://yuzppjtjcfjvrjeqlygp.supabase.co/storage/v1/object/public/product-images/artical-all-8904132946828.jpg,,,,,,,,,,,,,,,,,,,,,,FALSE,2026-07-20 04:25:59.301567+00,2026-07-27 09:11:44.595277+00
e2b7fcaf-3790-43f5-a3d9-6aeabf394f87,Apr-26,Locks,Gerat Cuisino,,Pad Lock-Gs092-2-L,8904486411058,599,299,,,Gsons,,,https://yuzppjtjcfjvrjeqlygp.supabase.co/storage/v1/object/public/product-images/artical-all-8904486411058.jpg,,,,,,,,,,,,,,,,,,,,,,FALSE,2026-07-20 04:29:14.265281+00,2026-07-27 09:11:44.722217+00
e2b84c86-a191-4516-aeb8-f154903cf3d4,Jan-25,Clock,Kabel,,Digital Clock Ge-632Nw White+Red,8908020474271,999,349,,494605702,Unlimitive,,,,,,,,,,,,,,,,,,,,,,,,,FALSE,2026-07-21 11:42:50.032921+00,2026-07-27 09:11:44.862591+00
e2d8e0ed-cbe6-4612-9673-d66b6a6a6eb7,2024,Umbrella,LES,,Umbrella - Chsu5508Lc,8906176010732,699,499,,,RRPL,18,,https://yuzppjtjcfjvrjeqlygp.supabase.co/storage/v1/object/public/product-images/artical-all-8906176010732.jpg,,,,,,,,85,24,7.5,CM,,,,,,,,,,,FALSE,2026-07-21 11:39:13.004886+00,2026-07-27 09:11:44.994353+00
e2dac8e7-7c64-45fa-9b3a-14a10d5e1723,Feb-26,Basket,White Label,RMF26039,Storage Basket,8904486409680,799,399,73269099,,Gsons,16,,https://yuzppjtjcfjvrjeqlygp.supabase.co/storage/v1/object/public/product-images/artical-all-8904486409680.jpg,,,,,,,,42.5,28,75,,,,,,,,,,,,FALSE,2026-07-20 04:28:18.030696+00,2026-07-27 09:11:45.128056+00
e2db5ddd-4d33-4d9f-8b6c-a2082e316f70,May-26,Stationery,Quickworks,,Ct020 5Mm X 6M Correction Tape,8906176011203,169,79,,,RCPL,144,12,https://yuzppjtjcfjvrjeqlygp.supabase.co/storage/v1/object/public/product-images/artical-all-8906176011203.jpg,,,,,,,,41,29,32,CM,13,13.7,,14.8,,,CM,,,,FALSE,2026-07-21 11:39:49.613413+00,2026-07-27 09:11:45.252063+00
e31fe8fc-b8b4-4fb9-9fa9-4c4a7ea4cc97,Jan-26,Cleaning,My Home,60364M PDQ,Garden-Glide Cleaning Brush,8904132953826,799,499,,,RCPL,36,,https://yuzppjtjcfjvrjeqlygp.supabase.co/storage/v1/object/public/product-images/artical-all-8904132953826.jpg,,,,,,,,49.5,43.5,132,CM,,23,KG,,,,,,,,FALSE,2026-07-20 04:27:54.577237+00,2026-07-27 09:11:45.37767+00
e31ffc9a-3601-4abd-b639-f48b9e0c8cb3,Dec-25,Umbrella,LES,Black polka,"23"" -16K- Straight Umbrella -Cs009-2
23”*16K-Black Polka",8904486407990,699,499,,,RRPL,40,,https://yuzppjtjcfjvrjeqlygp.supabase.co/storage/v1/object/public/product-images/artical-all-8904486407990.jpg,,,,,,,,99,23,50,CM,,23.6,KG,,,,,,,,FALSE,2026-07-20 04:26:29.606678+00,2026-07-27 09:11:45.506028+00
e32fbf78-3cbf-41d2-819c-0ef33075faa1,Jun-26,Clothing,White Label,,Infant Cotton Tights With Diaper -1Pp-6-12M,8904486411591,249,179,61159990,,Gsons,,,,,,,,,,,,,,,,,,,,,,,,,FALSE,2026-07-25 10:55:12.123153+00,2026-07-27 09:11:45.639934+00
e3bbb96e-ca6d-4dbe-9403-d2a75bece8bb,Jan-25,Back Packs,Gerat Essentials,YSS05,Round Zipper Pouch,8904486404982,149,69,,,Gsons,192,24,https://yuzppjtjcfjvrjeqlygp.supabase.co/storage/v1/object/public/product-images/artical-all-8904486404982.jpg,,,,,,,,46,36,48,CM,,,,,,,,,,,FALSE,2026-07-21 11:43:19.058338+00,2026-07-27 09:11:45.768773+00
e45ba8a7-dd5b-43a4-b588-129cca2fd0c8,2024,Kitchen Utility,Gerat Cuisino,,Smart Kitchen Trolley Tristeel Kekt01,8908020474103,2999,,,,Gsons,,,https://yuzppjtjcfjvrjeqlygp.supabase.co/storage/v1/object/public/product-images/artical-all-8908020474103.jpg,,,,,,,,42,8.5,31.5,CM,,,,,,,,,,,FALSE,2026-07-21 11:39:06.453149+00,2026-07-27 09:11:45.913644+00
e4a3dd1b-7cd4-43f7-a82c-31a403d15e49,Jun-26,Clothing,Disney,,Kids Solid Tights -1Pp- Mickey-11-12Y,8904486412116,249,179,61159990,,RRPL,,,,,,,,,,,,,,,,,,,,,,,,,FALSE,2026-07-25 10:55:20.594124+00,2026-07-27 09:11:46.041929+00
e4d1bb1c-7c50-4de7-85f4-ed0fb9ecf6ae,2024,Wallets,LES,,Les Ladies Wallet Y9048-1 Khaki,8906176018608,799,399,,,RRPL,150,,https://yuzppjtjcfjvrjeqlygp.supabase.co/storage/v1/object/public/product-images/artical-all-8906176018608.jpg,,,,,,,,500,380,420,MM,18,19,KG,,,,,,,,FALSE,2026-07-21 11:42:01.977996+00,2026-07-27 09:11:46.176213+00
e4de9420-5684-4b65-bc1d-245e71987b75,Nov-25,Back Packs,White Label,YA7709,Fashion Backpack Ya7709 - Green,8904486407099,1799,899,42029900,,Gsons,10,,https://yuzppjtjcfjvrjeqlygp.supabase.co/storage/v1/object/public/product-images/artical-all-8904486407099.jpg,,,,,,,,45,38,42,CM,,6.2,KG,,,,,,,,FALSE,2026-07-21 11:44:47.202328+00,2026-07-27 09:11:46.314071+00
e514b306-65fd-4e2e-84ef-a80cf0ce4634,Jan-25,Glass Ware,Home One,,Home One Irish Glass Mug 250 Ml,8904132955196,158,79,,,RCPL,36,,https://yuzppjtjcfjvrjeqlygp.supabase.co/storage/v1/object/public/product-images/artical-all-8904132955196.jpg,,,,,,,,54,54.8,32,CM,,19,,33.1,22,14.4,CM,,5,,FALSE,2026-07-25 10:50:18.633743+00,2026-07-27 09:11:46.448614+00
e55e1046-83cf-4a3c-8c74-55014750ba64,Jan-26,Glass Ware,White Label,350ml,Debbie Valentine Mug 350Ml,8904486409093,999,399,69111011,,Gsons,36,,https://yuzppjtjcfjvrjeqlygp.supabase.co/storage/v1/object/public/product-images/artical-all-8904486409093.jpg,,,,,,,,37.8,34.5,47.5,CM,,,,,,,,,,,FALSE,2026-07-20 04:27:19.337751+00,2026-07-27 09:11:46.57837+00
e56c1a96-ccf4-45fb-bb47-7eaef1509b3e,Dec-25,Umbrella,LES,Sky blue,"23"" -16K- Straight Umbrella -Cs015
23”*16K-Sky Blue",8904486408058,899,699,,,RRPL,48,,https://yuzppjtjcfjvrjeqlygp.supabase.co/storage/v1/object/public/product-images/DEC-25-27.jpg,,,,,,,,99,26,42,CM,,28.3,KG,,,,,,,,FALSE,2026-07-20 04:26:33.096808+00,2026-07-27 09:11:46.711284+00
e585e92e-5cc3-498a-933f-32adacd89f91,Mar-26,Stationery,Simply Smart,,Zip Lock Bag Medium,8904486409772,195,99,,,RRPL,80,20,https://yuzppjtjcfjvrjeqlygp.supabase.co/storage/v1/object/public/product-images/artical-all-8904486409772.jpg,,,,,,,,57,47,36,,5.54,6.85,KG,35,27.5,22.5,,0.27,0.34,KG,FALSE,2026-07-20 04:29:03.261536+00,2026-07-27 09:11:46.83454+00
e5f86ef7-6ff9-4361-91ce-60549229d1ff,Feb-26,Basket,White Label,,Round Tall Style Big,8904486405095,599,279,,,Gsons,15,,https://yuzppjtjcfjvrjeqlygp.supabase.co/storage/v1/object/public/product-images/artical-all-8904486405095.jpg,,,,,,,,30,26,30,,,,,,,,,,,,FALSE,2026-07-20 04:28:31.2661+00,2026-07-27 09:11:46.965036+00
e6070a80-b874-4624-9886-f6eec37d4881,Jan-26,Clothing,White Label,CHQ24H117,Cap  -Chq24H117 - Denim,8904486409178,799,399,65050090,,Gsons,100,10,https://yuzppjtjcfjvrjeqlygp.supabase.co/storage/v1/object/public/product-images/artical-all-8904486409178.jpg,,,,,,,,51,42,52,CM,11.6,12.6,KG,,,,,,,,FALSE,2026-07-20 04:27:39.565232+00,2026-07-27 09:11:47.088592+00
e649a80f-9607-4bbb-9408-38afb182246b,Dec-25,Glass Ware,Home One,,Ho Iris Pastel Sipper 550Ml,8904132984097,599,299,69111011,494590337,RCPL,24,12,https://yuzppjtjcfjvrjeqlygp.supabase.co/storage/v1/object/public/product-images/artical-all-8904132984097.jpg,,,,,,,,438,336,325,MM,,14.5,,418,316,149,MM,,3.15,,FALSE,2026-07-25 10:53:07.940752+00,2026-07-27 09:11:47.228625+00
e6d602d2-bc16-4f83-adcb-2d6561bc95b9,Jun-26,Beauty Tool,Blushlace,#ZE0953,14Pcs Nail Sticker-S01,8904486413090,249,79,39199010,,RRPL,960,12,https://yuzppjtjcfjvrjeqlygp.supabase.co/storage/v1/object/public/product-images/artical-all-8904486413090.jpg,,,,,,,,57.5,39.5,35,CM,15.2,13.73,KG,10,5,16.5,CM,0.2,0.17,KG,FALSE,2026-07-20 04:30:02.851273+00,2026-07-27 09:11:47.353647+00
e73539ec-9808-4820-a0f3-317dfd261178,Jan-26,Glass Ware,Home One,190ml,Ice Cream Bowl,8904486408935,149,69,70133700,,RCPL,48,12,https://yuzppjtjcfjvrjeqlygp.supabase.co/storage/v1/object/public/product-images/JAN-26-22.jpg,,,,,,,,44,34,48,CM,15.1,12.8,KG,,,,,,,,FALSE,2026-07-20 04:27:30.236323+00,2026-07-27 09:11:47.488628+00
e739f53f-410d-47af-a518-7a18a84f7cbd,Nov-25,Back Packs,White Label,YH5504,Fashion Backpack Yh5504 - Blue,8904486407105,1799,899,42029900,,Gsons,10,,https://yuzppjtjcfjvrjeqlygp.supabase.co/storage/v1/object/public/product-images/artical-all-8904486407105.jpg,,,,,,,,45,35,38,CM,,4.8,KG,,,,,,,,FALSE,2026-07-21 11:44:47.739824+00,2026-07-27 09:11:47.621289+00
e790f12f-9def-4744-8741-18610b2269c7,Jul-26,Stationery,Blushlace,,Pencil Sharpener,8904486414028,199,79,82141010,,RRPL,288,24,https://yuzppjtjcfjvrjeqlygp.supabase.co/storage/v1/object/public/product-images/artical-all-8904486414028.jpg,,,,,,,,59.5,41.5,37.5,CM,5.76,8.26,,29,20,12,CM,0.48,0.78,,FALSE,2026-07-25 10:55:04.836281+00,2026-07-27 09:11:47.754553+00
e7a1425f-f60c-45f8-b138-a0fbfc92ef19,2024,Stationery,Quickworks,,C3-20G Tempera Glitter Poster Colors Set Of 6 - 20 Ml,8906176010992,299,149,,,RCPL,72,12,https://yuzppjtjcfjvrjeqlygp.supabase.co/storage/v1/object/public/product-images/artical-all-8906176010992.jpg,,,,,,,,,,,CM,,,,,,,,,,,FALSE,2026-07-21 11:39:37.802261+00,2026-07-27 09:11:47.875745+00
e7a1d326-2f31-4882-8f4a-16f0ba1005db,Nov-25,Cleaning,My Home,60608,Scrub Pro Cleaning Brush,8904132953871,199,79,,,RCPL,24,,https://yuzppjtjcfjvrjeqlygp.supabase.co/storage/v1/object/public/product-images/artical-all-8904132953871.jpg,,,,,,,,37.5,29,20,CM,,1.25,KG,,,,,,,,FALSE,2026-07-20 04:27:55.94439+00,2026-07-27 09:11:48.007833+00
e7a5db47-ce63-4997-80b3-ece72c12d618,Dec-25,Umbrella,LES,Red,"27"" -16K- Straight Umbrella - Red",8904486408164,699,499,,,RRPL,12,,https://yuzppjtjcfjvrjeqlygp.supabase.co/storage/v1/object/public/product-images/artical-all-8904486408164.jpg,,,,,,,,105,17,13,CM,,8,KG,,,,,,,,FALSE,2026-07-20 04:26:37.098703+00,2026-07-27 09:11:48.136421+00
e836d016-00eb-4016-88c6-76f80dd66557,Jan-25,Beauty Tool,Gerat Essentials,,Styling Hair Brush,8904486402049,199,99,,,Gsons,,,https://yuzppjtjcfjvrjeqlygp.supabase.co/storage/v1/object/public/product-images/artical-all-8904486402049.jpg,,,,,,,,,,,,,,,,,,,,,,FALSE,2026-07-21 11:43:01.172303+00,2026-07-27 09:11:48.26782+00
e847385d-33df-4f6e-a097-fe962ee6515d,Jul-26,Glass Ware,Home One,YM26184,Ho Eva Geometric Mug 380Ml,8909606002215,499,199,69111029,494608344,RCPL,24,12,https://yuzppjtjcfjvrjeqlygp.supabase.co/storage/v1/object/public/product-images/artical-all-8909606002215.jpg,,,,,,,,390,275,220,MM,,7.9,KG,380,260,100,MM,,3.76,KG,FALSE,2026-07-20 04:31:06.563527+00,2026-07-27 09:11:48.396658+00
e8c05756-7d99-4df8-a398-49e03104086b,Dec-25,Beauty Tool,Simply Smart,PB310124-1P6,Hair Tie Set/6,8904486408751,149,59,,,RRPL,288,24,https://yuzppjtjcfjvrjeqlygp.supabase.co/storage/v1/object/public/product-images/artical-all-8904486408751.jpg,,,,,,,,45,45,35,CM,3.18,4.2,KG,,,,,,,KG,FALSE,2026-07-20 04:26:53.54334+00,2026-07-27 09:11:48.52713+00
e8c178cc-ec40-4732-862a-a7f3ede38aff,2024,Back Packs,Livesmart,,Lys220725 Livesmart 3-Way Large Backpack 35 Litre,8908021726188,7500,,,,RRPL,10,,https://yuzppjtjcfjvrjeqlygp.supabase.co/storage/v1/object/public/product-images/artical-all-8908021726188.jpg,,,,,,,,57,34,60,CM,,,,,,,,,,,FALSE,2026-07-21 11:38:28.404803+00,2026-07-27 09:11:48.649144+00
e9e1bbac-9ec5-4da4-a642-f43a2a8ac443,Jul-26,Glass Ware,Home One,YM26044,Ho Eva Euphoria Mug 380Ml,8909606002192,499,199,69111029,494608342,RCPL,24,12,https://yuzppjtjcfjvrjeqlygp.supabase.co/storage/v1/object/public/product-images/artical-all-8909606002192.jpg,,,,,,,,410,295,210,MM,,7.23,KG,390,280,93,MM,,3.4,KG,FALSE,2026-07-20 04:31:05.767305+00,2026-07-27 09:11:48.790015+00
e9e54be5-7108-475f-87d3-7d0a9cb47536,Feb-26,Basket,White Label,,Rectangular Ear Extraction Tray Medium,8904486405071,549,229,,,Gsons,14,,https://yuzppjtjcfjvrjeqlygp.supabase.co/storage/v1/object/public/product-images/artical-all-8904486405071.jpg,,,,,,,,42,36,37,,,,,,,,,,,,FALSE,2026-07-20 04:28:29.81761+00,2026-07-27 09:11:48.916284+00
e9f18550-2f18-471e-a715-73e6397159de,2024,Back Packs,Gerat Elektro,,Fashion Backpack 18L Sx-11-045 Deep Khaki,8906176011241,1999,,,,Gsons,,,https://yuzppjtjcfjvrjeqlygp.supabase.co/storage/v1/object/public/product-images/artical-all-8906176011241.jpg,,,,,,,,48,35,32,CM,,,,,,,,,,,FALSE,2026-07-21 11:39:31.690146+00,2026-07-27 09:11:49.049769+00
ea071c40-f1af-42d1-8c83-cb943cc36a5d,Jul-25,Beauty Tool,Simply Smart,,Hair Brush-Oval - Cb1011-3,8904486405729,199,99,96033020,,RRPL,144,12,https://yuzppjtjcfjvrjeqlygp.supabase.co/storage/v1/object/public/product-images/artical-all-8904486405729.jpg,,,,,,,,58.5,45.5,37.5,CM,11.89,13.89,,,,,,,,,FALSE,2026-07-25 10:51:14.444028+00,2026-07-27 09:11:49.227299+00
ea41b265-b36d-4eeb-bdb0-898ed762ebe1,Jan-25,Home Utility,Home One,,Plastic Hook So4,8904132908208,139,69,,,RCPL,,,https://yuzppjtjcfjvrjeqlygp.supabase.co/storage/v1/object/public/product-images/artical-all-8904132908208.jpg,,,,,,,,39,32,51,CM,,,,,,,,,,,FALSE,2026-07-25 10:49:41.676529+00,2026-07-27 09:11:49.357048+00
ea6e4ab3-6019-4da9-b67a-c65ed1dcbf38,Jul-25,Back Packs,Livesmart,LYS230231BK,Business Handbag - Lys230231Bk Black,8904486405675,5999,2400,42029900,,RRPL,10,,https://yuzppjtjcfjvrjeqlygp.supabase.co/storage/v1/object/public/product-images/artical-all-8904486405675.jpg,,,,,,,,37,32,52,CM,,,,,,,,,,,FALSE,2026-07-20 04:29:57.591808+00,2026-07-27 09:11:49.485292+00
ea88a9c6-3428-4abd-955a-8e23e0af9144,Jan-26,Glass Ware,Home One,2 model,Glass Soap Dispenser Solid Colour,8904486408966,299,149,70133700,,RCPL,48,12,https://yuzppjtjcfjvrjeqlygp.supabase.co/storage/v1/object/public/product-images/JAN-26-25.jpg,,,,,,,,,,,CM,,,,,,,,,,,FALSE,2026-07-20 04:27:32.492976+00,2026-07-27 09:11:49.621136+00
ea919316-a36f-4109-9d9e-93d58d2f46b5,Oct-25,Trolley,Travello,,"Trolley Bag Kt201-28"" Grey Blue",8904486406474,12500,,,,Gsons,1,,https://yuzppjtjcfjvrjeqlygp.supabase.co/storage/v1/object/public/product-images/artical-all-8904486406474.jpg,,,,,,,,49,30,75,CM,,,,,,,,,,,FALSE,2026-07-20 04:29:46.157633+00,2026-07-27 09:11:49.749377+00
eace885c-57b0-4e0b-8598-e5eaf62471c5,Jun-26,Clothing,Disney,,Kid'S Cotton Ankle Socks - Princess-7-10Yrs,8904486411935,129,79,61159990,,RRPL,,,,,,,,,,,,,,,,,,,,,,,,,FALSE,2026-07-25 10:55:17.276139+00,2026-07-27 09:11:49.885688+00
eaf42e38-c845-472b-9c92-d469e897d8a1,2024,Back Packs,LES,RH2305,Les  Multipurpose Travel Pouch Bag Rh2305 - Brown,8906176016772,399,199,,,RRPL,240,,https://yuzppjtjcfjvrjeqlygp.supabase.co/storage/v1/object/public/product-images/artical-all-8906176016772.jpg,,,,,,,,17,7,12,CM,,,,,,,,,,,FALSE,2026-07-21 11:40:59.791398+00,2026-07-27 09:11:50.019191+00
eb40c2ef-b076-4892-9a73-3f32787ca706,Jul-26,LED,Gerat Elektro,GEFLM100D6,Great Elk Led Lightg Chn 100L Geflm100D6,8906176011470,749,249,,494462170,Gsons,100,25,https://yuzppjtjcfjvrjeqlygp.supabase.co/storage/v1/object/public/product-images/artical-all-8906176011470.jpg,,,,,,,,,,,,,,,,,,,,,,FALSE,2026-07-20 04:30:44.234183+00,2026-07-27 09:11:50.156119+00
eb505320-3877-4527-9647-60b42106381c,Jan-26,Stationery,Quickworks,5400-2,Qw Stapler Pin 24 6 1000Pc X 2Box 5400-2,8904132987999,99,49,84729010,494759391,RCPL,144,24,https://yuzppjtjcfjvrjeqlygp.supabase.co/storage/v1/object/public/product-images/artical-all-8904132987999.jpg,,,,,,,,34,25,22,MM,,10.4,KG,22,20.4,10.8,MM,1.74,1.94,KG,FALSE,2026-07-20 04:28:03.108156+00,2026-07-27 09:11:50.28591+00
eb57203c-4a61-4a25-94d0-3b9dbf0b94fa,Jul-25,Beauty Tool,Simply Smart,PB202006,Bob Pins 5Cm With 3 Waves (50 Pcs),8904486405521,79,35,96151900,,RRPL,144,24,https://yuzppjtjcfjvrjeqlygp.supabase.co/storage/v1/object/public/product-images/artical-all-8904486405521.jpg,,,,,,,,30,23,26.5,CM,5.9,5,KG,,,,,,,,FALSE,2026-07-21 11:43:37.910921+00,2026-07-27 09:11:50.415678+00
eb735609-5c4c-4b7b-a56b-a964af8b7e9e,2024,Planters,Great Porcelo,,Ceramic Planter Jtx260,8908021726754,799,,,,Gsons,,,https://yuzppjtjcfjvrjeqlygp.supabase.co/storage/v1/object/public/product-images/artical-all-8908021726754.jpg,,,,,,,,,,,,,,,,,,,,,,FALSE,2026-07-21 11:41:09.550607+00,2026-07-27 09:11:50.548493+00
eb9a1cce-1bb8-4ced-bcb8-87a650997fca,Oct-25,Back Packs,LES,,Sling Bag- Ep094D - Brown,8904486406702,1499,749,,,RRPL,30,,https://yuzppjtjcfjvrjeqlygp.supabase.co/storage/v1/object/public/product-images/artical-all-8904486406702.jpg,,,,,,,,,,,,,,,,,,,,,,FALSE,2026-07-21 11:44:32.441457+00,2026-07-27 09:11:50.682641+00
ebf96053-47aa-4f83-b0ae-4cfdd74a4eec,May-26,Home Utility,Home One,LT267L,Ho Folding Bucket 10L Lt267L,8904132993433,699,299,,,RCPL,15,,https://yuzppjtjcfjvrjeqlygp.supabase.co/storage/v1/object/public/product-images/artical-all-8904132993433.jpg,,,,,,,,35,35,36,CM,6.7,7.3,KG,,,,CM,,,,FALSE,2026-07-20 04:29:39.460081+00,2026-07-27 09:11:50.814148+00
ebfa3315-b2d7-4df6-8f73-18c7035e2b5e,Jan-25,Back Packs,Gerat Essentials,T6172,Kids Backpack 7L - T6172 Blue,8904486401738,1999,799,,,Gsons,,,https://yuzppjtjcfjvrjeqlygp.supabase.co/storage/v1/object/public/product-images/artical-all-8904486401738.jpg,,,,,,,,,,,,,,,,,,,,,,FALSE,2026-07-21 11:42:46.440218+00,2026-07-27 09:11:50.953753+00
ec112967-d93e-4446-a95d-23552358478b,Oct-25,Trolley,Travello,JQLPPA0811,"Trolley Bag Kt201-20"" Golden Pink",8904486406481,7500,,,,Gsons,1,,https://yuzppjtjcfjvrjeqlygp.supabase.co/storage/v1/object/public/product-images/artical-all-8904486406481.jpg,,,,,,,,49,30,75,CM,,,,,,,,,,,FALSE,2026-07-20 04:29:46.417769+00,2026-07-27 09:11:51.087225+00
ec13cd6f-87dc-4d56-99e7-b00b0d9f992a,Jan-25,Beauty Tool,Gerat Essentials,GESF01,Foot Care Set Gesf01,8904486403671,199,99,,494608238,Gsons,,,https://yuzppjtjcfjvrjeqlygp.supabase.co/storage/v1/object/public/product-images/artical-all-8904486403671.jpg,,,,,,,,,,,,,,,,,,,,,,FALSE,2026-07-21 11:42:54.811826+00,2026-07-27 09:11:51.223916+00
ec2214af-8880-45e5-8c05-a5d8ce771a62,2024,Glass Ware,Home One,,Stoneware Coffee Mug,8904132904293,299,149,,,RCPL,36,12,https://yuzppjtjcfjvrjeqlygp.supabase.co/storage/v1/object/public/product-images/artical-all-8904132904293.jpg,,,,,,,,40.5,34.3,34.3,CM,,,,38.5,32.5,10.6,,,,,FALSE,2026-07-21 11:40:45.338707+00,2026-07-27 09:11:51.356772+00
ec35d86f-1b45-4e75-b90a-ddac411ccfcc,Jul-26,Cleaning,My Home,,My Home  Micro Multipurpose Po4 30X30Cm,8909606000907,199,99,,494608214,RCPL,48,12,https://yuzppjtjcfjvrjeqlygp.supabase.co/storage/v1/object/public/product-images/artical-all-8909606000907.jpg,,,,,,,,,,,,,,,,,,,,,,FALSE,2026-07-20 04:30:57.342328+00,2026-07-27 09:11:51.499961+00
ec40772c-458a-4eec-a6ba-7094d2b83fbb,2024,Back Packs,Livesmart,,Klm210421 Livesmart Nylon Business Satchel 12 Litre,8908021726294,6200,,,,RRPL,10,,https://yuzppjtjcfjvrjeqlygp.supabase.co/storage/v1/object/public/product-images/artical-all-8908021726294.jpg,,,,,,,,43,32,40,CM,,,,,,,,,,,FALSE,2026-07-21 11:38:35.450281+00,2026-07-27 09:11:51.622153+00
ecb12ea4-a185-458c-99c1-e846ce4e2113,Dec-25,Glass Ware,Home One,,Ho Annie New Polka Mug 400Ml,8904132984189,499,249,69111011,494590346,RCPL,36,,,,,,,,,,381,277,520,MM,,16.8,,,,,,,,,FALSE,2026-07-25 10:53:09.311533+00,2026-07-27 09:11:51.752643+00
ecd93c74-9936-4994-b752-04278cd0d394,Sep-25,Home Utility,White Label,B5614,Kitchen Sink Soap Dispenser Polyresin - B5614,8904486406221,999,499,39249090,,Gsons,24,4,https://yuzppjtjcfjvrjeqlygp.supabase.co/storage/v1/object/public/product-images/artical-all-8904486406221.jpg,,,,,,,,38.3,46.8,47.1,CM,15.5,17,KG,,,,,,,,FALSE,2026-07-21 11:44:14.703377+00,2026-07-27 09:11:51.875232+00
ecfd3e41-8ca0-4e86-b2ac-8afcb06a81da,2024,Wallets,LES,,Les Ladies Wallet Y9048-1 Pink,8906176018592,799,399,,,RRPL,150,,https://yuzppjtjcfjvrjeqlygp.supabase.co/storage/v1/object/public/product-images/artical-all-8906176018592.jpg,,,,,,,,500,380,420,MM,18,19,KG,,,,,,,,FALSE,2026-07-21 11:42:01.423915+00,2026-07-27 09:11:52.002808+00
ed28d0fc-056a-4d2b-b9a0-001d0dea9a1b,Mar-26,Home Utility,Home One,SM-1218,Plastic Hook So2,8904132907645,169,79,,,RCPL,144,24,https://yuzppjtjcfjvrjeqlygp.supabase.co/storage/v1/object/public/product-images/artical-all-8904132907645.jpg,,,,,,,,46,45,63,CM,,,,,,,,,,,FALSE,2026-07-20 04:28:40.430056+00,2026-07-27 09:11:52.129219+00
ed38b855-961e-41b6-a9e2-3f2b0a7fa1bd,Oct-25,Trolley,Travello,,"Trolley Bag Kt202-24"" Light Brown",8904486406580,9000,,,,Gsons,1,,https://yuzppjtjcfjvrjeqlygp.supabase.co/storage/v1/object/public/product-images/artical-all-8904486406580.jpg,,,,,,,,49,30,75,CM,,,,,,,,,,,FALSE,2026-07-20 04:29:50.13536+00,2026-07-27 09:11:52.26382+00
ed5d350b-d4e8-47b0-a802-50fcfa6e28ca,Jan-26,Stationery,Blushlace,PF030031-6P100,Oil Blotting Paper 100 Pcs,8904486409055,199,99,48239090,,RRPL,288,48,https://yuzppjtjcfjvrjeqlygp.supabase.co/storage/v1/object/public/product-images/artical-all-8904486409055.jpg,,,,,,,,,,,CM,,,,,,,,,,,FALSE,2026-07-20 04:27:27.91591+00,2026-07-27 09:11:52.388033+00
ed725570-dbe7-4e0e-87fd-63b530e03afd,2024,Cleaning,Gerat Cuisino,,Gerat Loofah Bath Round 60X42X50 Cm 65G,8906176018790,79,35,,,Gsons,200,0,https://yuzppjtjcfjvrjeqlygp.supabase.co/storage/v1/object/public/product-images/artical-all-8906176018790.jpg,,,,,,,,60,42,50,CM,,,,,,,,,,,FALSE,2026-07-21 11:40:41.011914+00,2026-07-27 09:11:52.527418+00
eda24f1f-8535-48f6-85f9-c9f44804425a,Jan-26,Glass Ware,Home One,HD3860,Shot Glass,8904486408942,59,29,70133700,,RCPL,144,24,https://yuzppjtjcfjvrjeqlygp.supabase.co/storage/v1/object/public/product-images/JAN-26-23.jpg,,,,,,,,,,,CM,12.7,14.7,KG,,,,,,,,FALSE,2026-07-20 04:27:30.840925+00,2026-07-27 09:11:52.653916+00
ee48e21f-9b33-4567-8b3a-25d281c69a87,Jan-26,Glass Ware,Home One,JM-1841,Mason Jar Set Of 5,8904486408928,1599,799,70133700,,RCPL,4,,https://yuzppjtjcfjvrjeqlygp.supabase.co/storage/v1/object/public/product-images/JAN-26-21.jpg,,,,,,,,,,,CM,,,,,,,,,,,FALSE,2026-07-20 04:27:29.410623+00,2026-07-27 09:11:52.783252+00
ee7438ae-1ade-41e6-ae65-384a21d2a1bb,Jan-25,Locks,Gerat Cuisino,,Pad Lock Set Of Two -One Lock With Two Keys,8906176014822,249,99,,494605710,Gsons,,,https://yuzppjtjcfjvrjeqlygp.supabase.co/storage/v1/object/public/product-images/artical-all-8906176014822.jpg,,,,,,,,40,49,45,CM,,,KG,19,17.5,12.5,,,,KG,FALSE,2026-07-20 04:27:09.953234+00,2026-07-27 09:11:52.907261+00
eeacfa6a-dfdd-48c6-b245-856506e2c5ea,Jul-25,Kitchen Utility,Simply Smart,,Simply Smart Super Scrub,8904486405422,39,19,96039000,,RRPL,50,,https://yuzppjtjcfjvrjeqlygp.supabase.co/storage/v1/object/public/product-images/artical-all-8904486405422.jpg,,,,,,,,68,40,59,CM,0.5,0.5,,,,,,,,,FALSE,2026-07-25 10:50:47.821015+00,2026-07-27 09:11:53.04011+00
eebbf42c-5c02-40f6-98a5-d9d7de8f38a2,2024,Back Packs,White Label,CH24B301,Waist Pouch Ch24B301 Black,8906176017991,499,249,,,Gsons,100,,https://yuzppjtjcfjvrjeqlygp.supabase.co/storage/v1/object/public/product-images/artical-all-8906176017991.jpg,,,,,,,,47,27,48,CM,,,,,,,,,,,FALSE,2026-07-21 11:41:35.434595+00,2026-07-27 09:11:53.167394+00
eef46b98-b6f3-4b41-a65b-b68a9bbe1063,2024,Back Packs,Livesmart,,Livesmart Outdoor Active Backpack 20L Camo Green,8906176015942,7500,,,,RRPL,10,1,https://yuzppjtjcfjvrjeqlygp.supabase.co/storage/v1/object/public/product-images/artical-all-8906176015942.jpg,,,,,,,,64,52,47,CM,,,,,,,,,,,FALSE,2026-07-21 11:40:13.051085+00,2026-07-27 09:11:53.305679+00
ef1b5242-0cdd-4e74-a56f-6c04ce750063,Jun-26,Clothing,White Label,,Quarter Girl'S Cosy Socks With Abs -1 Pp-6-8Y,8904486411430,99,69,61159990,,Gsons,,,https://yuzppjtjcfjvrjeqlygp.supabase.co/storage/v1/object/public/product-images/artical-all-8904486411430.jpg,,,,,,,,,,,,,,,,,,,,,,FALSE,2026-07-25 10:55:08.911761+00,2026-07-27 09:11:53.425626+00
ef26937b-bed3-43c9-9a3b-88987643dc79,Oct-25,Trolley,Travello,,"Trolley Bag Kt203-28"" Purple-Grey Blue",8904486406689,10000,,,,Gsons,1,,https://yuzppjtjcfjvrjeqlygp.supabase.co/storage/v1/object/public/product-images/artical-all-8904486406689.jpg,,,,,,,,49,30,75,CM,,,,,,,,,,,FALSE,2026-07-20 04:29:53.552108+00,2026-07-27 09:11:53.558303+00
ef8c4896-48dd-4888-8d80-3c85df7ab417,2024,Stationery,Quickworks,,Ea-2100Dp 21Gms-12Pcs Disapperaring Purple Glue,8906176011142,99,49,,,RCPL,384,12,https://yuzppjtjcfjvrjeqlygp.supabase.co/storage/v1/object/public/product-images/artical-all-8906176011142.jpg,,,,,,,,,,,CM,,,,,,,,,,,FALSE,2026-07-21 11:39:45.936281+00,2026-07-27 09:11:53.687306+00
efca8576-e04f-45c2-b8e4-6cae58779c9d,Jul-26,Back Packs,Livesmart,,Livesmart Sling Bag Pink,8906176015973,1499,,,,RRPL,108,,https://yuzppjtjcfjvrjeqlygp.supabase.co/storage/v1/object/public/product-images/artical-all-8906176015973.jpg,,,,,,,,490,350,620,,,,,,,,,,,,FALSE,2026-07-21 11:40:14.124433+00,2026-07-27 09:11:53.826811+00
f04ae25e-a19e-4b6a-a927-88cb1a9c3014,Jul-26,Cleaning,My Home,,My Home Utensils Scrubber Po6 12X16Cm,8909606000891,199,99,,494608213,RCPL,144,24,https://yuzppjtjcfjvrjeqlygp.supabase.co/storage/v1/object/public/product-images/artical-all-8909606000891.jpg,,,,,,,,,,,,,,,,,,,,,,FALSE,2026-07-20 04:30:56.900789+00,2026-07-27 09:11:53.956142+00
f05ce809-a0b4-4c30-9c1b-d8efbb1be160,Apr-26,Locks,Gerat Cuisino,,Pad Lock Set Of 2,8904486411003,249,109,,,Gsons,180,12,https://yuzppjtjcfjvrjeqlygp.supabase.co/storage/v1/object/public/product-images/artical-all-8904486411003.jpg,,,,,,,,565,187,495,MM,8.1,9.8,KG,174,155,106,MM,0.54,0.6,KG,FALSE,2026-07-20 04:29:15.026889+00,2026-07-27 09:11:54.087419+00
f0ccc11b-ea47-4411-ba03-2df2de74970e,2024,Cleaning,Gerat Cuisino,,Tidy Cleanig Mop,8908021726126,1299,,,,Gsons,,,https://yuzppjtjcfjvrjeqlygp.supabase.co/storage/v1/object/public/product-images/artical-all-8908021726126.jpg,,,,,,,,,,,CM,,,,,,,,,,,FALSE,2026-07-21 11:38:39.683265+00,2026-07-27 09:11:54.21578+00
f1048842-9dd4-44d6-877e-0a842241a67c,Sep-25,Home Utility,White Label,WR5141,Camping Set - Wr5141,8904486406207,5999,2999,94031010,,Gsons,1,0,https://yuzppjtjcfjvrjeqlygp.supabase.co/storage/v1/object/public/product-images/artical-all-8904486406207.jpg,,,,,,,,62,7,63,CM,5.9,6.5,KG,,,,,,,,FALSE,2026-07-21 11:44:13.33433+00,2026-07-27 09:11:54.348058+00
f11f25bc-1f60-4d3f-bad5-1c77e536f32d,Jun-26,Beauty Tool,Blushlace,#ZE0959,14Pcs Nail Sticker-S06,8904486413144,249,59,39199010,,RRPL,960,12,https://yuzppjtjcfjvrjeqlygp.supabase.co/storage/v1/object/public/product-images/artical-all-8904486413144.jpg,,,,,,,,57.5,39.5,35,CM,15.2,13.73,KG,10,5,16.5,CM,0.2,0.17,KG,FALSE,2026-07-20 04:30:05.370809+00,2026-07-27 09:11:54.477885+00
f176052c-4cab-4967-9e5a-9d277feffb2f,2024,Back Packs,White Label,CH24B495,Chest Bag Ch24B495 Grey,8906176018059,799,399,,,Gsons,100,,https://yuzppjtjcfjvrjeqlygp.supabase.co/storage/v1/object/public/product-images/artical-all-8906176018059.jpg,,,,,,,,50,40,50,CM,,,,,,,,,,,FALSE,2026-07-21 11:41:38.610534+00,2026-07-27 09:11:54.614472+00
f1850292-162c-4689-8683-e94afd9fea10,2024,Clock,Gerat Elektro,,Wall Clock - D3070-01-12,8906176010121,1199,599,,,Gsons,,,https://yuzppjtjcfjvrjeqlygp.supabase.co/storage/v1/object/public/product-images/artical-all-8906176010121.jpg,,,,,,,,,,,,,,,,,,,,,,FALSE,2026-07-21 11:41:31.077489+00,2026-07-27 09:11:54.738242+00
f193fc8a-01da-4611-a7a5-adde7eaa4217,2024,Back Packs,White Label,CH24B464,Sling Bag Ch24B464 Green,8906176018080,599,299,,,Gsons,100,,https://yuzppjtjcfjvrjeqlygp.supabase.co/storage/v1/object/public/product-images/artical-all-8906176018080.jpg,,,,,,,,52,48,45,CM,,,,,,,,,,,FALSE,2026-07-21 11:41:40.296935+00,2026-07-27 09:11:54.872796+00
f199a709-9209-48c2-a31b-d107e0fca432,Jan-25,Back Packs,Gerat Essentials,FSD1338,Fashions Backpack Fsd-1338 Green,8904486401691,2499,999,,,Gsons,,,,,,,,,,,,,,,,,,,,,,,,,FALSE,2026-07-21 11:42:44.339103+00,2026-07-27 09:11:54.998648+00
f1dc37ff-55f0-41a1-8df5-87d7b9e12d70,Dec-25,Glass Ware,Home One,,Ho Annie New 2Tone Solid Mug 340Ml,8904132984172,399,199,69111011,494590345,RCPL,36,,,,,,,,,,393,313,463,MM,,14.5,,,,,,,,,FALSE,2026-07-25 10:53:09.163173+00,2026-07-27 09:11:55.136613+00
f1e507d7-b593-4d47-8555-ba7dd5c2c446,Jan-25,Mirror,Gerat Essentials,LT035,Single Side Stand Mirror With 1X Magnifying,8904486404890,999,499,,,Gsons,192,24,https://yuzppjtjcfjvrjeqlygp.supabase.co/storage/v1/object/public/product-images/artical-all-8904486404890.jpg,,,,,,,,44.5,42,62,CM,,13.7,KG,43,40.5,20.5,,,,,FALSE,2026-07-21 11:43:17.49193+00,2026-07-27 09:11:55.2603+00
f213c131-900b-4295-8e6d-fafcf7c856f3,2024,Trolley,Travello,,Travello Trolley Bag - Kt01 - Blue,8908020474189,6999,,,,Gsons,1,,https://yuzppjtjcfjvrjeqlygp.supabase.co/storage/v1/object/public/product-images/artical-all-8908020474189.jpg,,,,,,,,39,21.5,57,CM,,,,,,,,,,,FALSE,2026-07-21 11:40:34.979023+00,2026-07-27 09:11:55.392811+00
f21d65a4-2713-4063-af03-aa988098f39d,Jan-25,Home Utility,Home One,,Plastic Hook So3,8904132908130,179,89,,,RCPL,,,https://yuzppjtjcfjvrjeqlygp.supabase.co/storage/v1/object/public/product-images/artical-all-8904132908130.jpg,,,,,,,,48,41,59,CM,,,,,,,,,,,FALSE,2026-07-25 10:49:43.616135+00,2026-07-27 09:11:55.524746+00
f27dc412-c19c-4d60-beb1-226281bad025,2024,Back Packs,LES,RH2232,Les Multipurpose Travel Pouch  Bag Rh2232 Grey,8906176016543,799,399,,,RRPL,120,,https://yuzppjtjcfjvrjeqlygp.supabase.co/storage/v1/object/public/product-images/artical-all-8906176016543.jpg,,,,,,,,25,10,15,CM,,,,,,,,,,,FALSE,2026-07-21 11:40:47.983049+00,2026-07-27 09:11:55.660712+00
f29bc3b2-fae9-4211-9251-01c341b8a4c6,2024,Clothing,White Label,,Cap-Ch24H106,8906176019179,399,299,65050090,,Gsons,100,10,https://yuzppjtjcfjvrjeqlygp.supabase.co/storage/v1/object/public/product-images/artical-all-8906176019179.jpg,,,,,,,,63,43,20,CM,6,6.8,KG,,,,,,,,FALSE,2026-07-21 11:42:19.87851+00,2026-07-27 09:11:55.787515+00
f2db6fe9-6c3b-4793-b7e7-fd284ccc3623,Feb-26,Basket,White Label,,Woven Jali Pl Round Basket Dark Brown,8906176015102,279,129,,494485001,Gsons,12,,https://yuzppjtjcfjvrjeqlygp.supabase.co/storage/v1/object/public/product-images/artical-all-8906176015102.jpg,,,,,,,,26,26,38,,,,,,,,,,,,FALSE,2026-07-20 04:28:24.419251+00,2026-07-27 09:11:55.95003+00
f38ebf4a-554a-44c1-87a8-72132413aaad,Dec-25,Umbrella,LES,Black,"27"" -Straught Umbrella -Black",8904486408270,1499,999,,,RRPL,40,,https://yuzppjtjcfjvrjeqlygp.supabase.co/storage/v1/object/public/product-images/artical-all-8904486408270.jpg,,,,,,,,105,28,38,CM,,35,KG,,,,,,,,FALSE,2026-07-20 04:26:17.612552+00,2026-07-27 09:11:56.084227+00
f3e34acc-4bd2-4b58-a4aa-d142bbeb8d35,Jul-26,Kitchen Utility,Home One,FK451B,Home One Bread Knife 32 X 2.7Cm,8909606000938,399,129,82119200,,RCPL,144,12,https://yuzppjtjcfjvrjeqlygp.supabase.co/storage/v1/object/public/product-images/artical-all-8909606000938.jpg,,,,,,,,45.5,40.5,28.5,CM,13,15,KG,42,9,10,CM,1.068,1.24812,KG,FALSE,2026-07-20 04:30:58.123919+00,2026-07-27 09:11:56.22824+00
f3f07faa-8a22-4867-9b21-15677330884c,2024,Home Utility,Home One,,Suction Hook Single - Sm1601,8908021726454,175,99,,,RCPL,,,https://yuzppjtjcfjvrjeqlygp.supabase.co/storage/v1/object/public/product-images/artical-all-8908021726454.jpg,,,,,,,,,,,,,,,,,,,,,,FALSE,2026-07-21 11:41:20.335635+00,2026-07-27 09:11:56.362933+00
f45a0729-18a7-40b9-9894-c7a429f4748f,Dec-25,Umbrella,LES,lavender,"23"" -16K- Straight Umbrella -Cs015
23”*16K-Lavender",8904486408065,899,699,,,RRPL,48,,https://yuzppjtjcfjvrjeqlygp.supabase.co/storage/v1/object/public/product-images/DEC-25-43.jpg,,,,,,,,99,26,42,CM,,28.3,KG,,,,,,,,FALSE,2026-07-20 04:26:33.435022+00,2026-07-27 09:11:56.507453+00
f4659f99-6a3f-4809-84cf-95b2654c6d50,2024,Kitchen Utility,LES,,Les Ladies Sling Cross Body D7053 Red,8906176018714,1499,799,,,RRPL,20,,https://yuzppjtjcfjvrjeqlygp.supabase.co/storage/v1/object/public/product-images/artical-all-8906176018714.jpg,,,,,,,,500,380,420,MM,8.04,9.04,KG,,,,,,,,FALSE,2026-07-21 11:42:08.216047+00,2026-07-27 09:11:56.632455+00
f4a9b6bc-96a6-446e-a09a-862301be3b0b,Jul-26,Beauty Tool,Blushlace,,Baby Hair Brush Set,8904486414059,499,199,96033090,,RRPL,144,12,https://yuzppjtjcfjvrjeqlygp.supabase.co/storage/v1/object/public/product-images/artical-all-8904486414059.jpg,,,,,,,,54.5,44.5,58.8,CM,11.9664,14.4664,,26.5,21.5,19,CM,0.9972,1.2972,,FALSE,2026-07-25 10:55:06.052809+00,2026-07-27 09:11:56.766996+00
f4af052b-04ab-4885-8d8d-7e1727861c06,2024,Back Packs,Gerat Elektro,,Outdoor Active Backpack 18L - Nc6620,8906176010480,1999,699,,,Gsons,10,,https://yuzppjtjcfjvrjeqlygp.supabase.co/storage/v1/object/public/product-images/artical-all-8906176010480.jpg,,,,,,,,35,39,50,CM,,,,,,,,,,,FALSE,2026-07-21 11:39:00.142206+00,2026-07-27 09:11:56.897596+00
f4c4eeed-ba71-4b9c-8740-a72d5c6873a9,Feb-26,Basket,White Label,,Woven Pl Round Basket Cane Brown,8906176015058,199,99,,494485009,Gsons,12,,https://yuzppjtjcfjvrjeqlygp.supabase.co/storage/v1/object/public/product-images/artical-all-8906176015058.jpg,,,,,,,,24,24,25,,,,,,,,,,,,FALSE,2026-07-20 04:28:24.956143+00,2026-07-27 09:11:57.031685+00
f578101a-c9e7-4af3-91b9-78ab73ec157a,Jul-26,Kitchen Utility,White Label,,Springform Cake Pan,8904486413915,499,249,73239190,,Gsons,12,,https://yuzppjtjcfjvrjeqlygp.supabase.co/storage/v1/object/public/product-images/artical-all-8904486413915.jpg,,,,,,,,,,,,,,,,,,,,,,FALSE,2026-07-20 04:30:54.785075+00,2026-07-27 09:11:57.207929+00
f579b394-044d-4043-a5b1-b62b0110222f,May-26,Glass Ware,Home One,DB26C003-1A,"Borosilicate Glass 
Jar With Plastic Lid
400M",8904132993518,299,99,,,RCPL,,12,https://yuzppjtjcfjvrjeqlygp.supabase.co/storage/v1/object/public/product-images/artical-all-8904132993518.jpg,,,,,,,,,,,CM,,,,,,,CM,,,,FALSE,2026-07-20 04:29:38.423593+00,2026-07-27 09:11:57.343685+00
f59e6be6-154a-490f-be45-97a265b99d63,Jan-26,Stationery,Blushlace,PA120062P35,Compressed Facial Towel Set Of 3,8904486409062,299,149,63029300,,RRPL,144,24,https://yuzppjtjcfjvrjeqlygp.supabase.co/storage/v1/object/public/product-images/artical-all-8904486409062.jpg,,,,,,,,,,,CM,,,,,,,,,,,FALSE,2026-07-20 04:27:28.715048+00,2026-07-27 09:11:57.475798+00
f5eaa547-2ed9-4151-8962-4e6bfac53c69,Mar-26,Home Utility,Home One,SM-1200,Plastic Hook 4Bar,8904132910003,349,149,,,RCPL,96,12,https://yuzppjtjcfjvrjeqlygp.supabase.co/storage/v1/object/public/product-images/artical-all-8904132910003.jpg,,,,,,,,57,39,43,CM,,,,,,,,,,,FALSE,2026-07-20 04:28:43.579883+00,2026-07-27 09:11:57.613919+00
f640eb55-bb09-466c-a16e-febfd2257d44,Jul-26,Clothing,Marvel,,Kids - Disney Printed Bath Towel - Spiderman A,8904486413854,399,149,63049250,494307249,RRPL,80,8,,,,,,,,,40,40,30,CM,,12.6,KG,,,,,,,,FALSE,2026-07-20 04:30:51.182016+00,2026-07-27 09:11:57.740518+00
f64ff92d-4085-4325-826d-3feb29bbaa34,2024,Stationery,Quickworks,,Pocket Stapler Set Blue,8906176018257,150,110,,,RCPL,144,24,https://yuzppjtjcfjvrjeqlygp.supabase.co/storage/v1/object/public/product-images/artical-all-8906176018257.jpg,,,,,,,,44,31.3,30,CM,9,11,KG,44,10.43,15,CM,1.833333333,,,FALSE,2026-07-21 11:42:14.537194+00,2026-07-27 09:11:57.873676+00
f6613b3a-678c-4584-b0bc-e805f5ec7d06,Jan-26,Glass Ware,White Label,330ml,Debbie Veggie Mug 330Ml,8904486409086,999,399,69111011,,Gsons,36,,https://yuzppjtjcfjvrjeqlygp.supabase.co/storage/v1/object/public/product-images/artical-all-8904486409086.jpg,,,,,,,,48,42.3,27,CM,,,,,,,,,,,FALSE,2026-07-20 04:27:18.415326+00,2026-07-27 09:11:58.002026+00
f680786b-ac2a-4332-9826-3ab489b2b333,Nov-25,Glass Ware,Home One,,Traceless Mop Clip,8904132985360,199,99,39249090,,RCPL,288,24,https://yuzppjtjcfjvrjeqlygp.supabase.co/storage/v1/object/public/product-images/artical-all-8904132985360.jpg,,,,,,,,58.5,56,57,,7.2,13.3,,,,,,,,,FALSE,2026-07-25 10:52:03.187568+00,2026-07-27 09:11:58.140761+00
f6abed6e-27cd-40ef-a8c1-c56e6688d089,Nov-25,Bedsheet,Ulhaas,,Ulhaas Micro Gsim Sbs Wpc 140X225Cm,8904132986596,499,249,,494590232,RCPL,26,,https://yuzppjtjcfjvrjeqlygp.supabase.co/storage/v1/object/public/product-images/artical-all-8904132986596.jpg,,,,,,,,36.5,30,32.5,CM,,,,,,,,,,,FALSE,2026-07-25 10:52:09.14922+00,2026-07-27 09:11:58.265756+00
f6d0609c-96af-4938-94a1-f5b0155a133c,Jan-26,Cleaning,My Home,60212H,Multipurpose Cleaning Broom,8904132953628,349,199,,,RCPL,24,,https://yuzppjtjcfjvrjeqlygp.supabase.co/storage/v1/object/public/product-images/artical-all-8904132953628.jpg,,,,,,,,86,27,16,CM,,8.9,KG,,,,,,,,FALSE,2026-07-20 04:27:52.584548+00,2026-07-27 09:11:58.401246+00
f73ec41c-f64d-4be4-a683-d9a440566850,Jul-26,LED,Gerat Elektro,GEFLW16B6BA,Led Ball String Light,8904486413755,1197,499,94053000,,Gsons,100,25,https://yuzppjtjcfjvrjeqlygp.supabase.co/storage/v1/object/public/product-images/artical-all-8904486413755.jpg,,,,,,,,,,,,,,,,,,,,,,FALSE,2026-07-20 04:30:49.463789+00,2026-07-27 09:11:58.535554+00
f78277da-40fb-4d2e-8a67-56c9bfdb87c8,2024,Clock,Gerat Elektro,,Wall Clock - 730C-10,8906176010046,799,399,,,Gsons,,,https://yuzppjtjcfjvrjeqlygp.supabase.co/storage/v1/object/public/product-images/artical-all-8906176010046.jpg,,,,,,,,,,,,,,,,,,,,,,FALSE,2026-07-21 11:41:27.894218+00,2026-07-27 09:11:58.669005+00
f7861b85-fcbc-440b-a7e1-8a2f3a19874b,2024,Clock,Gerat Elektro,,Wall Clock - D3070-02-12,8906176010138,1199,599,,,Gsons,,,https://yuzppjtjcfjvrjeqlygp.supabase.co/storage/v1/object/public/product-images/artical-all-8906176010138.jpg,,,,,,,,,,,,,,,,,,,,,,FALSE,2026-07-21 11:41:31.470911+00,2026-07-27 09:11:58.805907+00
f7f08f5b-05e6-46fe-9064-096f35d1962a,Jul-26,Beauty Tool,Blushlace,,Baby Grooming Kit,8904486414035,349,149,39269099,,RRPL,144,12,https://yuzppjtjcfjvrjeqlygp.supabase.co/storage/v1/object/public/product-images/artical-all-8904486414035.jpg,,,,,,,,50.5,42.5,36,CM,5.7024,8.2024,,24.5,20.5,11.5,CM,0.4752,0.7752,,FALSE,2026-07-25 10:55:05.264128+00,2026-07-27 09:11:58.942938+00
f7f7bc6a-5616-470d-bac0-d9836a5703f0,Jun-26,Back Packs,LES,EP9113B,Backpack - Ep113B - Pink,8904486413267,7999,1999,42029900,,RRPL,24,,https://yuzppjtjcfjvrjeqlygp.supabase.co/storage/v1/object/public/product-images/artical-all-8904486413267.jpg,,,,,,,,75,44,40,,16,17.4,KG,,,,,,,,FALSE,2026-07-20 04:30:20.444099+00,2026-07-27 09:11:59.075474+00
f8652b0a-471e-4427-b008-d4319f90650a,2024,Umbrella,LES,,Umbrella - Chsu5508Lp,8908021726973,849,599,,,RRPL,12,,https://yuzppjtjcfjvrjeqlygp.supabase.co/storage/v1/object/public/product-images/artical-all-8908021726973.jpg,,,,,,,,85,24,5,CM,,,,,,,,,,,FALSE,2026-07-21 11:39:09.014282+00,2026-07-27 09:11:59.208983+00
f8abd287-bcd3-4f89-89b7-a8d18c89e6ee,Dec-25,Back Packs,Livesmart,DP-T916,Backpack Black -Dp-T916,8904486408706,4999,1999,,,RRPL,10,,https://yuzppjtjcfjvrjeqlygp.supabase.co/storage/v1/object/public/product-images/artical-all-8904486408706.jpg,,,,,,,,,,,,,,,,,,,,,,FALSE,2026-07-20 04:27:04.275539+00,2026-07-27 09:11:59.336258+00
f8bd3f8e-9348-4e1b-87f6-8c5eb814e8e9,2024,Wallets,LES,,Les Ladies Wallet Y9007 Black,8906176018684,799,399,,,RRPL,150,,https://yuzppjtjcfjvrjeqlygp.supabase.co/storage/v1/object/public/product-images/artical-all-8906176018684.jpg,,,,,,,,500,380,420,MM,18.2,19.2,KG,,,,,,,,FALSE,2026-07-21 11:42:06.634137+00,2026-07-27 09:11:59.467001+00
f8e621a7-8a6e-4bcc-9df5-c7bc555d85f5,Feb-26,Home Utility,Gerat Cuisino,,Cloth Drying Stand -Cds-P01,8906176011432,2799,1695,,,Gsons,6,,https://yuzppjtjcfjvrjeqlygp.supabase.co/storage/v1/object/public/product-images/artical-all-8906176011432.jpg,,,,,,,,565,615,1055,MM,,,,,,,,,,,FALSE,2026-07-20 04:28:14.052173+00,2026-07-27 09:11:59.594983+00
f8e82d15-40db-4601-9e3d-8cf01ec9603f,May-26,Kitchen Utility,Home One,XL053-13#,Ss Deep Jara With Pipe Handle 13Cm,8904132992276,279,149,,,RCPL,120,8,https://yuzppjtjcfjvrjeqlygp.supabase.co/storage/v1/object/public/product-images/artical-all-8904132992276.jpg,,,,,,,,66,45.5,56,CM,12,13.48,KG,39,15,13.5,CM,0.8,1.032,KG,FALSE,2026-07-20 04:29:21.667462+00,2026-07-27 09:11:59.73597+00
f951c46f-5f48-4ad3-9422-2fed25d8af40,Dec-25,Umbrella,LES,Black,"29"" -8K- Straight Umbrella -Black",8904486408218,799,599,,,RRPL,12,,https://yuzppjtjcfjvrjeqlygp.supabase.co/storage/v1/object/public/product-images/artical-all-8904486408218.jpg,,,,,,,,105,15,14,CM,,7.6,KG,,,,,,,,FALSE,2026-07-20 04:26:38.985921+00,2026-07-27 09:11:59.858518+00
f97481e7-0a4a-4b23-a95a-9a085ee1e60e,2024,Trolley,Travello,,Traveller Trolley Bag 55Cm- Ka01,8908020474141,6000,,,,Gsons,,,,,,,,,,,,,,CM,,,,,,,,,,,FALSE,2026-07-21 11:39:08.453287+00,2026-07-27 09:11:59.992611+00
f9a76a90-ad16-4509-b1a2-efaac9361173,Jan-25,Stationery,Quickworks,,Ea-1500Mg 15Gms-24Pcs Transparent With Glitter Glue,8906176011159,80,40,,,RCPL,,,https://yuzppjtjcfjvrjeqlygp.supabase.co/storage/v1/object/public/product-images/artical-all-8906176011159.jpg,,,,,,,,,,,,12,13.1,,,,,,,,,FALSE,2026-07-21 11:39:46.437003+00,2026-07-27 09:12:00.119947+00
f9b37312-5673-4878-8313-6c632c00f9f4,2024,Back Packs,LES,,Foldable Backpack Black,8906176016956,999,449,,,RRPL,100,1,https://yuzppjtjcfjvrjeqlygp.supabase.co/storage/v1/object/public/product-images/artical-all-8906176016956.jpg,,,,,,,,67,45,41,CM,,,,,,,,,,,FALSE,2026-07-21 11:40:22.541638+00,2026-07-27 09:12:00.257974+00
f9d54b3e-58f8-4404-85b2-2e8f111a608f,Sep-25,Stationery,White Label,BA4412,Ice Bag/Hot Water Bag - Ba4412,8904486405910,359,179,40149020,,Gsons,80,0,https://yuzppjtjcfjvrjeqlygp.supabase.co/storage/v1/object/public/product-images/artical-all-8904486405910.jpg,,,,,,,,43,25,23,CM,7.2,8.2,KG,,,,,,,,FALSE,2026-07-21 11:43:57.324089+00,2026-07-27 09:12:00.381597+00
fa14e37f-6365-4980-835c-ee72a39cecaf,2024,Back Packs,Livesmart,,Livesmart Business Backpack 26L Green,8906176015881,7500,,,,RRPL,10,1,https://yuzppjtjcfjvrjeqlygp.supabase.co/storage/v1/object/public/product-images/artical-all-8906176015881.jpg,,,,,,,,58,34,63,CM,,,,,,,,,,,FALSE,2026-07-21 11:40:09.624926+00,2026-07-27 09:12:00.514095+00
fa3bb955-6c3d-4deb-b166-331fc297a0e1,2024,Back Packs,LES,RH2225,Les  Multipurpose Travel Pouch Bag Rh2225 - Beige,8906176016826,499,249,,,RRPL,100,,https://yuzppjtjcfjvrjeqlygp.supabase.co/storage/v1/object/public/product-images/artical-all-8906176016826.jpg,,,,,,,,22.5,8,16,CM,,,,,,,,,,,FALSE,2026-07-21 11:41:02.690026+00,2026-07-27 09:12:00.649222+00
fa7a03ea-f795-4197-bf87-4f2a624c3774,Jun-26,Back Packs,White Label,CHCB26116,Crossbody Bag  Chcb26116 Black,8904486413311,1499,349,42029900,,Gsons,60,,https://yuzppjtjcfjvrjeqlygp.supabase.co/storage/v1/object/public/product-images/artical-all-8904486413311.jpg,,,,,,,,43,24,50,,,,,,,,,,,,FALSE,2026-07-20 04:30:23.058009+00,2026-07-27 09:12:00.778631+00
faafa3ea-6ad2-4e13-bbe3-b81a6990f549,Oct-25,Trolley,Travello,JHPPC023,"Trolley Bag Kt203-20"" Dark Green-Brown",8904486406603,7000,,,,Gsons,1,,https://yuzppjtjcfjvrjeqlygp.supabase.co/storage/v1/object/public/product-images/artical-all-8904486406603.jpg,,,,,,,,49,30,75,CM,,,,,,,,,,,FALSE,2026-07-20 04:29:50.677918+00,2026-07-27 09:12:00.904507+00
fab98cfb-198e-43f9-8972-e4faf4cbf4c5,Jun-26,Clothing,Disney,,Infant  Cotton Ankle Socks- Minnie-18-24M,8904486412017,99,79,61159990,,RRPL,,,,,,,,,,,,,,,,,,,,,,,,,FALSE,2026-07-25 10:55:18.822611+00,2026-07-27 09:12:01.03167+00
facf2a71-f3eb-425d-9afe-d3b7397b5ea4,Dec-25,Umbrella,LES,lt. Pink,"Kids Poe 19"" Straight Umbrella - Lt. Pink",8904486408256,299,199,,,RRPL,60,,https://yuzppjtjcfjvrjeqlygp.supabase.co/storage/v1/object/public/product-images/artical-all-8904486408256.jpg,,,,,,,,72,19,42,CM,,14,KG,,,,,,,,FALSE,2026-07-20 04:26:13.426469+00,2026-07-27 09:12:01.155513+00
fb1329c2-efaf-4cae-a1ab-6c98503a7761,2024,Clock,Gerat Elektro,,Wall Clock - 724-10,8906176010183,899,499,,,Gsons,,,https://yuzppjtjcfjvrjeqlygp.supabase.co/storage/v1/object/public/product-images/artical-all-8906176010183.jpg,,,,,,,,,,,,,,,,,,,,,,FALSE,2026-07-21 11:41:33.483916+00,2026-07-27 09:12:01.28863+00
fb439609-b670-41cb-a070-d48b265671b1,Jul-26,Glass Ware,Home One,YM26024,Ho Eva Coffee Quotes Mug 400Ml,8909606002161,499,199,69111029,494608339,RCPL,24,12,https://yuzppjtjcfjvrjeqlygp.supabase.co/storage/v1/object/public/product-images/artical-all-8909606002161.jpg,,,,,,,,420,295,210,MM,,8,KG,400,280,94,MM,,3.82,KG,FALSE,2026-07-20 04:31:04.227302+00,2026-07-27 09:12:01.43404+00
fb7f25ff-813e-4ab1-b54f-ca42bbc0e8f0,Jun-26,Back Packs,White Label,D031708,Fashion Backpack D031708 -Black,8904486413540,4999,999,,,Gsons,12,6,https://yuzppjtjcfjvrjeqlygp.supabase.co/storage/v1/object/public/product-images/artical-all-8904486413540.jpg,,,,,,,,,,,,,,,,,,,,,,FALSE,2026-07-20 04:30:36.090936+00,2026-07-27 09:12:01.572244+00
fb95cece-6906-4e64-a3ca-c572676e8575,Dec-25,Back Packs,Livesmart,DP-T930,Laptop Backpack Black-Dp-T930,8904486408522,2999,1299,,,RRPL,10,,,,,,,,,,,,,,,,,,,,,,,,FALSE,2026-07-20 04:26:54.947116+00,2026-07-27 09:12:01.699677+00
fc2368ce-b74e-4f68-bb13-e80426c0c560,2024,Back Packs,LES,,Drawstring Foldable Backpack Navy Blue,8906176017007,1299,499,,,RRPL,50,1,https://yuzppjtjcfjvrjeqlygp.supabase.co/storage/v1/object/public/product-images/artical-all-8906176017007.jpg,,,,,,,,40,45,35,CM,,,,,,,,,,,FALSE,2026-07-21 11:40:25.855479+00,2026-07-27 09:12:01.834841+00
fc7d9fb7-7361-40c1-8a9b-ddd25f0a85e5,Dec-25,Kitchen Utility,Home One,XL2126-14#,Mesh Strainer,8904132955271,199,99,,,RCPL,144,12,https://yuzppjtjcfjvrjeqlygp.supabase.co/storage/v1/object/public/product-images/artical-all-8904132955271.jpg,,,,,,,,46,44,50,CM,,,,35.5,16,13,CM,,,,FALSE,2026-07-20 04:26:02.225918+00,2026-07-27 09:12:01.964748+00
fc882650-c6d1-4d1c-bd53-5bb1578724ac,Jul-25,Back Packs,Livesmart,,Business Backpack - Klb220104Bk Blue,8904486405552,8500,3400,42029900,,RRPL,10,,https://yuzppjtjcfjvrjeqlygp.supabase.co/storage/v1/object/public/product-images/artical-all-8904486405552.jpg,,,,,,,,49,35,62,CM,12.2,13.7,,,,,,,,,FALSE,2026-07-25 10:51:07.904419+00,2026-07-27 09:12:02.100189+00
fca43b84-6835-4710-9362-d426758d16d2,Jan-25,Back Packs,Gerat Essentials,T6157,Kids Backpack 7L- T6157 Lavender,8904486401707,1999,799,,,Gsons,,,https://yuzppjtjcfjvrjeqlygp.supabase.co/storage/v1/object/public/product-images/artical-all-8904486401707.jpg,,,,,,,,,,,,,,,,,,,,,,FALSE,2026-07-21 11:42:45.36928+00,2026-07-27 09:12:02.224916+00
fcbe4344-5210-455f-81a8-b1c8d47e1beb,Dec-25,Umbrella,LES,Black,"3 Fold 23"" Umbrella-Bh3810A -Black",8904486408300,699,499,,,RRPL,48,,https://yuzppjtjcfjvrjeqlygp.supabase.co/storage/v1/object/public/product-images/artical-all-8904486408300.jpg,,,,,,,,36,36,44.5,CM,,22.3,KG,,,,,,,,FALSE,2026-07-20 04:26:24.095598+00,2026-07-27 09:12:02.358883+00
fccd134a-1f17-4372-a951-0059306241eb,Dec-25,Umbrella,LES,Black,"30"" -8K- Square Umbrella -Cs016
30”*8K-Black",8904486408126,1499,999,,,RRPL,12,,https://yuzppjtjcfjvrjeqlygp.supabase.co/storage/v1/object/public/product-images/artical-all-8904486408126.jpg,,,,,,,,103,15,10,CM,,7.8,KG,,,,,,,,FALSE,2026-07-20 04:26:35.519274+00,2026-07-27 09:12:02.489015+00
fcf608bb-df60-4447-a82a-3c4f50a120be,Jun-26,Kitchen Utility,Home One,JX386,Ho Pl Multipurpose Grater Jx386 Assrtd,8904132994171,129,49,82149090,,RCPL,360,20,https://yuzppjtjcfjvrjeqlygp.supabase.co/storage/v1/object/public/product-images/artical-all-8904132994171.jpg,,,,,,,,68,52.5,38,CM,13.68,14.68,KG,25.5,22,12,CM,0.76,0.9,KG,FALSE,2026-07-20 04:30:08.353211+00,2026-07-27 09:12:02.616899+00
fd0277b5-b3e6-446d-94df-72e2efc5a1e7,Nov-25,Back Packs,White Label,YS2205,Fashion Backpack Ys2205 - Beige,8904486407150,1999,999,42029900,,Gsons,10,,https://yuzppjtjcfjvrjeqlygp.supabase.co/storage/v1/object/public/product-images/artical-all-8904486407150.jpg,,,,,,,,45,38,42,CM,,6.5,KG,,,,,,,,FALSE,2026-07-21 11:44:49.695792+00,2026-07-27 09:12:02.744238+00
fd0a9b2d-e836-418d-94d0-fa9c87509fc6,Sep-25,Home Utility,White Label,B2526B,Wall Mounted Press Soap Dispenser - B2526B,8904486405996,599,299,39249090,,Gsons,60,0,https://yuzppjtjcfjvrjeqlygp.supabase.co/storage/v1/object/public/product-images/artical-all-8904486405996.jpg,,,,,,,,45,45,41,CM,13.97,14.91,KG,,,,,,,,FALSE,2026-07-21 11:44:01.697691+00,2026-07-27 09:12:02.88276+00
fda30f7e-d2b6-422f-87df-7f8dfc44601b,Oct-25,Back Packs,White Label,,Multipurpose Travel Pouch Bag So3- Ytj001 Black,8904486404432,999,499,,,Gsons,80,,https://yuzppjtjcfjvrjeqlygp.supabase.co/storage/v1/object/public/product-images/artical-all-8904486404432.jpg,,,,,,,,,,,,,,,,,,,,,,FALSE,2026-07-21 11:44:30.845773+00,2026-07-27 09:12:03.015922+00
fdf5f046-aefb-4f1e-8ba5-b4d60ae6378f,2024,Wallets,LES,,Les Ladies Wallet Y9033 Dark Blue,8906176018653,799,399,,,RRPL,150,,https://yuzppjtjcfjvrjeqlygp.supabase.co/storage/v1/object/public/product-images/artical-all-8906176018653.jpg,,,,,,,,500,380,420,MM,18,19,KG,,,,,,,,FALSE,2026-07-21 11:42:04.781772+00,2026-07-27 09:12:03.156186+00
fe0094ae-1f76-4312-84d4-44407fb0f24f,Jan-25,Stationery,Gerat Essentials,H-001,Pencil Box - 001,8904486405156,99,49,,,Gsons,24,,https://yuzppjtjcfjvrjeqlygp.supabase.co/storage/v1/object/public/product-images/artical-all-8904486405156.jpg,,,,,,,,47,42,44,CM,15.36,17.7,,,,,,,,,FALSE,2026-07-21 11:43:26.22565+00,2026-07-27 09:12:03.280049+00
fe5a77b0-4df1-41c6-8397-da8a7fb5affe,Jul-25,Back Packs,Livesmart,KLB210369BK,Business Backpack - Klb210369Bk Black,8904486405613,8500,3400,42029900,,RRPL,10,,https://yuzppjtjcfjvrjeqlygp.supabase.co/storage/v1/object/public/product-images/artical-all-8904486405613.jpg,,,,,,,,54,42,46,CM,,,,,,,,,,,FALSE,2026-07-20 04:29:54.662686+00,2026-07-27 09:12:03.415028+00
feac8a4c-0b0c-434a-9ced-3f68987d7752,Feb-26,Home Utility,White Label,RMF26037,Cork  Coasters Set 2Pcs,8904486409628,199,99,45039090,,Gsons,40,,https://yuzppjtjcfjvrjeqlygp.supabase.co/storage/v1/object/public/product-images/artical-all-8904486409628.jpg,,,,,,,,40,40,30,,,,,,,,,,,,FALSE,2026-07-20 04:28:15.660509+00,2026-07-27 09:12:03.548921+00
ff0e096e-44d6-477e-b364-9a36116f4a7c,Nov-25,Stationery,Disney,Mickey,Disney Plastic Kids Chair,8904486406832,799,399,94018000,,RRPL,12,,https://yuzppjtjcfjvrjeqlygp.supabase.co/storage/v1/object/public/product-images/artical-all-8904486406832.jpg,,,,,,,,32,32,40,CM,,,,,,,,,,,FALSE,2026-07-21 11:44:43.850276+00,2026-07-27 09:12:03.682931+00
ff507652-9185-4f36-ae06-56adec184242,2024,Back Packs,LES,RH2225,Les  Multipurpose Travel Pouch Bag Rh2225 - Pink,8906176016819,499,249,,,RRPL,100,,https://yuzppjtjcfjvrjeqlygp.supabase.co/storage/v1/object/public/product-images/artical-all-8906176016819.jpg,,,,,,,,22.5,8,16,CM,,,,,,,,,,,FALSE,2026-07-21 11:41:02.150606+00,2026-07-27 09:12:03.941347+00
ff56cc69-8003-40f9-9028-3e25a4fc69b3,Jan-25,Beauty Tool,Gerat Essentials,GESN06,Baby Nail Clipper Gesn06,8904486403763,149,79,,,Gsons,,,https://yuzppjtjcfjvrjeqlygp.supabase.co/storage/v1/object/public/product-images/artical-all-8904486403763.jpg,,,,,,,,,,,,,,,,,,,,,,FALSE,2026-07-21 11:42:57.912919+00,2026-07-27 09:12:04.069312+00
ff6e6445-2406-45f2-95e1-578e89acdfa4,Mar-26,Home Utility,Home One,SM-1201,Plastic Hook 4 Bar Sm1201,8904132910218,349,149,,,RCPL,96,12,https://yuzppjtjcfjvrjeqlygp.supabase.co/storage/v1/object/public/product-images/artical-all-8904132910218.jpg,,,,,,,,50,33,43,CM,,,,,,,,,,,FALSE,2026-07-20 04:28:44.067298+00,2026-07-27 09:12:04.205595+00
ff8c0528-1568-49b6-b97c-382dfa8c0254,Jun-26,Back Packs,White Label,CHCB26108,Waist Bag  Chcn26108 Grey,8904486413304,1499,349,42029900,,Gsons,60,,https://yuzppjtjcfjvrjeqlygp.supabase.co/storage/v1/object/public/product-images/artical-all-8904486413304.jpg,,,,,,,,57,30,48,,,,,,,,,,,,FALSE,2026-07-20 04:30:22.551762+00,2026-07-27 09:12:04.334882+00
ffbb5bb4-7b11-4357-b1c0-8fec9a6647ba,2024,Clothing,White Label,,Cap-Ch24H101,8906176019247,499,399,65050090,,Gsons,100,10,https://yuzppjtjcfjvrjeqlygp.supabase.co/storage/v1/object/public/product-images/artical-all-8906176019247.jpg,,,,,,,,63,43,20,CM,5.7,6.5,KG,,,,,,,,FALSE,2026-07-21 11:42:23.674525+00,2026-07-27 09:12:04.469957+00
ffc0a47b-c000-4568-be50-77c3f6f675c6,Jul-26,Back Packs,LES,,Livesmart Sling Bag  Pink,8906176015997,1499,,,,RRPL,108,,https://yuzppjtjcfjvrjeqlygp.supabase.co/storage/v1/object/public/product-images/artical-all-8906176015997.jpg,,,,,,,,490,350,620,,,,,,,,,,,,FALSE,2026-07-21 11:40:15.45961+00,2026-07-27 09:12:04.601915+00
ffc59046-a939-4d91-8da9-a97c61ace0cf,2024,Back Packs,Gerat Elektro,,Fashion Backpack 18L - P913,8906176010534,1999,799,,,Gsons,10,,https://yuzppjtjcfjvrjeqlygp.supabase.co/storage/v1/object/public/product-images/artical-all-8906176010534.jpg,,,,,,,,35,39,50,CM,,,,,,,,,,,FALSE,2026-07-21 11:39:03.663677+00,2026-07-27 09:12:04.735133+00
ffd1047d-76f6-4636-8b30-e0f1c2734323,Jun-26,Clothing,White Label,,Quarter Girl'S Cosy Socks With Abs -1 Pp-9-12Y,8904486411447,99,69,61159990,,Gsons,,,,,,,,,,,,,,,,,,,,,,,,,FALSE,2026-07-25 10:55:09.042307+00,2026-07-27 09:12:04.863277+00
ffe4567d-5cf3-4c19-8053-611e0383a2f7,Jun-26,Clothing,White Label,,Kids Solid Tights (Cable Knit) -1Pp-2-3Y,8904486411461,249,179,61159990,,Gsons,,,,,,,,,,,,,,,,,,,,,,,,,FALSE,2026-07-25 10:55:09.550552+00,2026-07-27 09:12:05.000524+00
